Python;Java;C++;JavaScript;C#;PHP;Ruby;Swift;Go;Rust;Others;Software_Development_Experience;Database_Management;Networking_Skills;Web_Development_Experience;Communication_Skills;Problem_Solving_Abilities;Teamwork_Collaboration;Time_Management;Adaptability;Career_Goals
9;4;9;7;8;1;5;8;6;4;7;2;3;7;5;7;5;5;9;1;Data Scientist
7;7;4;8;8;9;5;2;8;0;3;8;9;2;1;3;4;5;6;7;Quality Assurance Engineer
1;1;5;8;5;8;0;9;5;9;3;5;0;3;6;0;9;2;3;1;Computer and Information Research Scientist
3;7;5;7;8;7;4;0;3;2;0;4;4;5;7;1;7;9;4;1;Research Scientist
6;9;2;8;4;4;6;3;9;0;3;6;2;9;7;2;6;1;3;3;Front End Developer
7;4;5;8;3;0;6;3;0;1;2;9;3;5;8;8;1;3;6;9;Computer and Information Research Scientist
6;9;8;2;7;1;1;1;8;1;3;9;8;9;0;1;9;1;0;7;IT Sales Professional
2;1;5;4;1;7;9;7;5;0;6;0;6;6;5;0;5;4;6;5;Computer Systems Manager
9;5;5;4;8;4;1;8;2;3;0;0;5;5;9;1;0;5;8;1;Data Scientist
6;3;6;0;8;6;3;4;1;4;5;6;4;5;8;0;7;6;3;1;Machine Learning Engineer
8;2;1;3;1;4;4;8;1;5;4;0;4;8;8;2;6;3;3;4;Computer Systems Manager
2;3;8;6;9;1;1;8;7;0;3;3;0;5;1;1;7;0;4;6;Technical Writer
6;8;1;5;6;1;0;9;8;2;0;3;4;2;1;1;4;8;8;4;DevOps Engineer
1;3;7;0;4;9;6;0;8;7;7;1;2;8;2;4;1;4;3;2;Embedded Systems Engineer
7;4;6;5;9;5;6;9;7;6;7;4;6;2;1;3;3;4;9;0;Computer Programmer
8;2;3;1;8;3;9;0;6;1;8;6;0;3;6;1;2;5;0;4;Business Intelligence Analyst
3;6;2;7;9;7;0;6;1;9;8;6;1;3;6;3;8;0;4;5;Computer Science Teacher
2;9;0;3;0;8;1;5;8;8;6;2;1;8;3;8;8;8;8;1;DevOps Engineer
2;4;4;6;4;3;1;7;1;6;0;8;0;2;1;0;9;5;2;9;IT Project Manager
5;4;1;0;1;7;2;1;0;4;7;1;6;9;2;7;7;4;1;0;Computer Systems Manager
0;0;2;5;6;8;1;9;8;4;8;6;5;6;0;5;7;7;1;6;Mobile App Developer
7;2;6;1;6;6;2;6;7;0;3;0;7;6;0;1;0;1;7;6;Systems Analyst
5;5;5;6;9;2;7;0;9;7;0;2;6;9;2;8;8;9;0;4;Network Administrator
9;0;6;3;4;8;5;9;9;6;8;1;2;8;1;4;1;5;4;2;Systems Analyst
1;1;9;3;8;7;0;0;6;2;4;9;3;0;4;5;0;6;0;7;Computer Systems Analyst
0;9;2;0;9;3;6;6;6;7;4;4;7;5;6;4;5;9;2;9;Technical Support Engineer
7;9;4;1;5;3;3;9;6;3;1;9;7;2;6;6;4;9;3;0;Computer Network Architect
6;9;7;9;6;7;0;8;3;1;5;7;3;9;0;6;6;3;6;4;Technical Writer
9;6;3;3;9;0;2;6;5;8;7;8;5;2;4;1;6;1;5;4;Computer Science Teacher
0;1;8;8;1;9;8;2;6;6;2;5;7;3;9;0;5;0;0;5;Software Engineer
7;8;5;9;6;5;7;4;0;6;1;8;5;1;6;1;8;3;0;1;Cybersecurity Analyst
7;9;1;5;0;2;6;2;3;5;2;9;2;0;5;3;1;7;0;4;Blockchain Developer
4;1;3;8;9;3;6;3;4;7;6;6;2;2;6;5;5;3;7;9;Back End Developer
7;6;3;9;3;1;8;3;4;8;2;4;4;0;9;8;3;9;8;0;Computer Systems Analyst
1;7;7;0;8;5;8;8;0;3;3;3;9;1;4;0;4;0;7;5;Research Scientist
8;2;7;7;9;3;6;6;2;6;0;7;8;8;6;3;9;3;7;3;Computer Network Architect
7;4;8;3;6;4;0;6;8;8;1;2;8;6;2;8;9;4;7;4;Software Developer
3;6;5;5;2;7;1;5;3;5;1;4;5;1;5;8;4;3;0;8;Cybersecurity Analyst
6;5;6;1;6;3;6;3;0;1;5;1;7;9;2;6;1;9;5;6;Technical Writer
2;9;1;0;1;4;5;9;5;6;4;7;5;4;2;5;1;7;6;6;Embedded Systems Engineer
8;3;9;7;7;4;9;5;4;6;6;5;1;1;6;2;9;7;6;1;Computer and Information Systems Manager
4;1;5;3;3;2;7;3;1;1;9;2;9;1;6;6;1;7;7;5;Software Tester
9;4;6;9;0;3;3;7;9;2;8;6;3;3;3;5;8;3;5;6;Computer Network Architect
6;5;6;0;2;4;5;9;9;4;1;9;3;6;2;6;8;2;8;8;Computer Programmer
8;0;1;8;0;7;7;2;9;9;3;7;8;0;0;3;5;6;4;9;Computer Systems Analyst
0;3;6;2;2;9;4;7;2;7;6;3;5;8;0;1;5;6;2;0;Front End Developer
0;1;3;7;5;2;0;1;8;4;1;7;9;6;2;6;9;2;6;1;Mobile App Developer
1;9;1;6;8;4;6;1;9;8;6;2;1;5;0;8;6;1;7;8;Game Developer
6;6;2;3;1;4;7;3;9;9;4;3;3;2;0;8;2;1;8;1;Computer Hardware Engineer
5;9;3;1;1;4;6;3;0;8;6;0;3;9;2;1;5;3;2;5;Cloud Architect
3;4;0;8;5;2;5;2;9;2;1;6;8;5;1;8;6;7;3;2;Data Scientist
3;2;9;5;5;3;2;5;4;3;6;4;2;2;9;0;0;8;3;2;IT Support Specialist
6;3;5;0;2;1;6;6;9;7;5;4;5;9;4;1;3;6;4;9;Software Engineer
8;6;3;9;6;4;5;3;9;3;9;9;4;8;8;3;3;8;4;6;Cloud Architect
7;9;8;1;3;8;7;4;5;5;6;4;3;8;7;4;5;1;2;9;Computer Hardware Engineer
9;0;0;5;5;1;2;5;9;6;4;1;3;2;1;3;0;3;8;0;Technical Writer
7;4;5;6;7;9;8;5;8;4;4;7;6;0;9;9;4;0;6;7;Full Stack Developer
7;8;2;5;9;8;4;7;0;2;7;0;2;7;0;8;0;7;1;8;Database Administrator
0;2;5;6;8;0;9;5;3;2;6;5;5;5;9;8;8;5;3;6;Technical Writer
5;3;2;3;2;8;5;6;1;9;7;1;6;9;0;6;1;3;9;0;Mobile App Developer
7;6;5;5;1;4;9;1;5;9;0;0;9;0;6;9;8;3;7;7;Computer Programmer
6;0;7;4;7;9;4;1;9;8;9;4;9;1;3;5;5;0;8;5;Artificial Intelligence Engineer
0;8;5;3;3;9;2;8;4;5;9;9;0;6;8;2;0;6;2;6;Cloud Architect
7;3;5;4;8;8;8;0;2;9;8;3;3;9;6;8;9;4;5;7;IT Consultant
3;6;3;0;1;2;4;4;9;9;0;9;8;8;9;0;5;9;1;7;Mobile App Developer
9;2;5;8;9;9;5;7;1;9;7;0;7;7;8;5;7;4;5;5;Software Engineer
7;3;5;1;4;3;3;6;2;7;2;9;4;5;1;1;1;4;2;2;IT Support Specialist
1;4;0;4;3;7;3;2;5;8;2;7;0;6;6;6;5;9;8;2;Research Scientist
7;8;6;3;1;0;8;5;1;1;1;3;0;1;2;8;1;7;4;1;IT Support Specialist
1;1;5;8;0;9;8;6;4;9;3;3;8;7;5;5;7;2;2;0;Artificial Intelligence Engineer
2;7;8;1;7;1;6;1;6;5;7;8;9;1;0;2;3;8;8;3;Computer and Information Systems Manager
6;7;0;2;6;8;5;4;6;4;7;4;4;3;2;3;9;0;0;7;IT Project Manager
1;3;0;2;8;1;8;9;2;6;3;3;1;5;2;8;0;0;1;5;IT Project Manager
2;9;6;1;1;4;7;1;8;4;5;4;8;8;9;1;5;4;6;3;Research Scientist
7;9;4;0;1;3;3;6;3;8;9;5;6;5;4;6;8;7;6;9;Machine Learning Engineer
7;7;2;2;5;4;3;3;2;6;3;0;9;7;9;0;4;4;2;4;Software Developer
2;3;4;1;6;6;3;3;8;2;7;3;8;6;7;0;4;2;9;0;Computer Network Architect
8;5;8;2;5;7;3;1;2;7;4;8;7;4;3;8;1;2;7;1;Software Developer
5;9;9;8;9;8;4;1;7;9;2;4;8;4;0;7;0;7;5;6;IT Consultant
0;3;1;0;2;2;8;6;1;8;7;6;7;3;3;7;9;5;2;1;Computer Hardware Engineer
1;4;4;4;3;5;1;1;9;1;6;1;4;2;2;9;9;7;4;6;Artificial Intelligence Engineer
4;6;6;6;1;1;0;2;0;9;3;4;5;5;6;3;6;3;5;1;Game Developer
2;8;1;8;8;9;0;1;2;7;7;2;7;2;0;4;3;6;2;5;IT Project Manager
3;3;5;3;1;0;3;4;9;8;1;9;8;8;3;3;6;8;8;3;Front End Developer
1;2;2;6;8;2;3;7;2;8;1;3;1;9;0;3;8;5;8;2;Computer Network Architect
3;5;6;9;4;0;4;6;6;6;9;1;3;3;2;7;9;9;2;2;Computer Systems Analyst
6;2;4;3;4;8;5;6;0;2;7;5;4;7;1;2;0;7;2;9;Data Scientist
6;4;8;7;2;6;8;0;2;5;9;1;6;6;5;5;6;6;6;2;Digital Marketing Specialist
1;4;0;7;9;0;7;5;9;4;7;8;5;4;2;5;4;6;4;1;Research Scientist
2;3;7;3;3;7;7;9;8;0;6;8;7;8;2;5;1;9;9;5;Back End Developer
2;7;8;6;6;4;2;9;0;5;5;8;0;0;7;7;3;9;0;2;Computer and Information Systems Manager
2;0;6;7;9;9;6;2;0;3;1;3;7;1;6;6;3;0;6;5;Front End Developer
8;2;7;3;5;0;4;6;5;4;0;3;0;0;1;4;0;4;0;2;Back End Developer
8;9;5;0;1;9;6;0;7;1;7;9;2;6;1;4;3;4;6;8;Back End Developer
3;9;5;6;3;4;1;0;3;3;7;4;1;8;4;5;6;5;3;4;Web Developer
3;5;8;9;0;5;5;3;1;0;0;1;2;5;5;6;7;6;8;5;Embedded Systems Engineer
2;2;6;9;9;7;3;4;9;3;9;0;0;5;7;4;6;7;8;8;Full Stack Developer
8;8;7;7;5;4;4;5;5;5;6;4;8;3;7;7;3;4;4;3;Computer Science Teacher
1;4;4;8;2;0;7;0;2;6;0;8;0;5;2;5;5;7;9;0;Research Scientist
2;0;2;6;5;1;6;4;2;6;4;5;3;8;2;2;2;8;8;2;IT Consultant
1;2;8;4;5;9;3;7;5;9;1;3;9;7;5;9;6;0;5;5;Network Administrator
9;1;1;6;2;5;1;1;8;6;2;2;4;5;2;9;9;2;0;3;Cybersecurity Analyst
7;4;7;9;8;5;1;7;7;1;1;1;2;1;0;8;7;4;8;1;Systems Analyst
3;5;6;4;7;6;9;7;9;5;2;3;2;9;4;9;5;5;9;0;Web Developer
9;4;7;1;0;4;5;2;4;5;1;5;3;5;3;4;3;6;1;2;Software Engineer
8;8;3;3;7;9;2;8;7;8;9;3;1;0;2;8;9;7;2;6;Research Scientist
0;9;1;8;3;8;2;3;4;1;7;2;3;5;4;7;0;2;4;8;Cybersecurity Analyst
5;2;2;1;7;5;4;3;6;1;0;7;2;1;1;6;4;7;2;2;Data Scientist
4;3;4;1;9;9;3;3;1;8;9;7;2;1;6;0;9;5;6;5;Database Administrator
6;4;8;8;4;0;4;5;2;6;0;9;1;0;0;0;8;1;8;9;DevOps Engineer
1;5;5;0;1;2;0;2;5;7;1;7;6;1;0;4;9;7;6;2;IT Consultant
1;1;4;4;4;9;8;5;4;4;4;7;5;2;4;5;6;4;9;1;Computer Network Architect
4;6;6;5;2;4;0;4;1;3;8;6;6;0;5;4;8;9;3;5;Computer Systems Analyst
4;3;7;4;3;0;4;2;0;5;5;3;0;4;4;1;1;3;8;4;IT Project Manager
5;8;6;9;3;3;7;4;5;1;9;3;2;6;6;5;6;2;3;8;Computer and Information Systems Manager
3;6;7;1;9;5;0;2;7;6;5;9;2;3;5;0;3;4;8;1;Full Stack Developer
0;5;1;2;6;1;0;4;0;4;0;1;9;4;9;3;0;4;7;8;Quality Assurance Engineer
7;7;1;5;5;2;8;5;8;2;5;0;1;2;0;0;3;5;2;3;Computer Systems Analyst
7;5;0;3;7;7;4;8;6;2;6;5;7;9;4;3;6;9;8;7;Software Developer
2;2;9;0;4;1;0;8;6;1;3;3;3;7;1;1;2;4;0;0;Business Intelligence Analyst
2;6;7;4;6;5;7;3;6;4;7;9;2;1;6;9;6;8;4;3;Computer Systems Manager
0;2;9;7;4;9;2;9;9;1;2;8;2;5;2;1;5;4;2;3;Computer Science Teacher
1;2;4;9;1;9;7;9;7;5;8;8;1;6;5;3;8;8;5;8;Data Scientist
4;5;1;7;2;5;2;6;9;1;7;0;0;1;8;3;8;3;7;7;Web Developer
1;7;0;0;7;4;0;1;3;6;0;0;0;9;7;6;7;2;4;4;UI/UX Designer
7;2;6;1;7;1;5;3;2;7;0;7;3;0;2;5;2;5;1;7;Business Intelligence Analyst
2;5;2;1;7;7;4;6;1;0;2;2;2;8;4;2;3;2;5;4;Technical Support Engineer
5;3;3;1;6;8;9;8;4;7;7;3;7;2;4;9;4;8;7;8;Mobile App Developer
8;2;1;2;3;5;1;6;1;2;1;8;7;1;5;0;2;3;5;8;Technical Support Engineer
7;6;0;8;3;8;0;0;9;0;6;3;2;9;3;8;5;6;8;4;Computer Network Architect
7;3;0;5;4;1;7;7;9;0;2;8;6;2;3;6;5;3;2;8;IT Support Specialist
4;7;2;0;3;8;5;6;0;1;6;3;6;1;7;5;2;5;4;0;Mobile App Developer
1;3;3;9;6;6;0;3;5;4;0;5;0;8;7;7;0;4;7;5;Business Intelligence Analyst
5;9;2;2;2;7;9;9;7;5;1;4;8;4;8;8;9;2;1;2;Artificial Intelligence Engineer
1;5;2;1;2;5;9;0;7;2;7;9;6;6;6;1;2;7;5;5;Database Administrator
6;3;8;7;6;6;0;5;1;8;2;0;4;5;4;3;0;1;7;0;Database Administrator
0;4;1;5;6;1;7;3;5;1;7;6;6;5;6;6;7;1;7;6;DevOps Engineer
7;2;4;0;5;3;3;2;1;8;3;0;0;4;0;6;3;0;5;8;Network Administrator
8;5;6;8;8;7;1;4;1;7;8;5;1;2;2;7;0;7;0;2;Computer Science Teacher
6;9;4;5;6;9;9;9;6;1;2;0;9;0;4;5;0;6;4;8;Business Intelligence Analyst
1;3;8;9;2;8;7;5;7;7;2;5;4;8;3;3;5;6;5;8;Artificial Intelligence Engineer
0;2;5;2;9;0;1;8;8;9;4;7;2;6;9;8;1;5;2;3;DevOps Engineer
3;9;8;3;6;1;3;6;5;4;2;7;8;3;0;4;3;6;4;0;Digital Marketing Specialist
2;2;8;3;2;8;0;6;2;2;1;6;4;0;4;6;7;6;5;7;UI/UX Designer
5;7;3;5;3;8;9;6;2;2;8;3;5;0;7;5;9;5;9;5;Technical Support Engineer
7;2;4;4;7;2;2;4;5;6;9;9;5;3;4;4;6;8;7;7;Embedded Systems Engineer
7;3;1;3;5;0;7;0;4;3;4;0;4;8;7;3;1;6;0;4;Research Scientist
9;0;2;7;3;7;4;7;9;7;0;7;2;8;6;3;7;3;4;0;Business Intelligence Analyst
1;1;9;3;5;8;3;4;4;4;7;5;7;3;4;0;8;6;7;9;Back End Developer
7;3;1;7;9;7;2;5;1;9;5;6;5;1;6;2;9;6;4;1;Technical Support Engineer
9;4;2;8;3;1;1;9;4;4;3;1;4;8;1;7;3;1;4;7;Software Tester
7;3;1;4;5;3;9;9;0;8;1;5;7;8;1;3;7;7;9;0;Business Intelligence Analyst
5;7;2;4;1;5;7;4;9;0;6;3;6;8;8;6;8;4;7;0;Technical Writer
1;7;7;7;1;2;5;4;8;3;2;5;6;0;3;1;2;7;2;7;Network Administrator
4;3;3;4;0;3;1;1;4;3;3;8;7;8;3;9;5;8;0;2;Cybersecurity Analyst
5;4;7;7;4;1;8;7;5;6;6;5;0;8;3;0;1;4;9;1;Game Developer
5;1;8;4;9;8;1;0;3;2;9;8;4;4;7;2;9;5;2;6;Systems Analyst
3;8;2;6;9;2;9;1;2;7;8;8;2;2;8;9;2;8;9;1;Software Developer
6;0;2;5;2;3;3;5;9;6;3;8;3;7;6;4;3;0;9;9;Digital Marketing Specialist
4;5;4;7;5;1;6;5;3;7;4;5;6;8;0;4;1;5;1;3;Blockchain Developer
7;0;1;7;9;6;0;0;6;3;8;7;8;8;2;9;9;7;8;5;Software Developer
8;2;8;0;1;9;2;0;5;4;5;5;5;8;1;7;3;2;2;6;Embedded Systems Engineer
9;8;5;3;5;3;6;9;8;7;5;8;7;1;3;1;8;7;4;1;UI/UX Designer
9;9;6;6;6;2;8;9;0;7;3;6;6;2;5;6;9;5;8;4;Cloud Architect
3;4;5;8;3;0;0;4;7;7;8;6;3;4;2;6;2;4;2;3;Network Engineer
7;3;1;3;0;7;3;5;8;3;2;9;9;1;2;3;0;8;6;4;Blockchain Developer
4;4;9;0;2;0;0;2;4;8;4;0;6;9;3;8;8;9;6;3;Software Engineer
4;3;9;9;7;8;0;7;5;6;4;1;0;6;5;6;4;4;7;3;DevOps Engineer
8;9;7;0;5;6;0;2;0;2;9;5;3;0;9;0;2;4;5;3;Network Administrator
1;4;3;0;5;8;7;3;0;4;9;1;0;5;9;8;6;5;6;3;Back End Developer
8;8;0;0;9;8;4;8;9;4;5;5;8;4;1;4;6;2;2;9;Database Administrator
1;0;3;4;2;1;3;6;0;1;1;2;8;5;7;2;4;7;2;2;Software Developer
6;1;1;1;7;0;7;8;1;3;4;7;4;0;2;8;6;4;8;4;Front End Developer
8;3;6;1;4;1;9;0;1;6;2;4;3;0;4;2;1;5;9;7;Systems Analyst
0;3;0;5;0;8;9;7;4;7;8;5;4;1;6;5;9;0;5;8;Technical Support Engineer
0;0;1;8;9;6;3;9;7;1;8;3;4;7;5;7;3;1;7;2;Cloud Architect
9;8;4;5;6;1;2;9;2;0;7;7;0;5;5;0;8;7;6;4;Computer Network Architect
7;9;2;4;8;2;6;5;7;0;8;2;7;7;6;8;1;1;9;0;Web Developer
1;8;8;3;8;4;8;7;6;2;4;0;5;8;2;4;9;1;7;4;Mobile App Developer
9;6;7;1;8;3;9;4;0;6;4;4;2;4;3;6;2;5;8;6;Computer Network Architect
7;8;1;6;3;5;5;4;4;5;0;0;1;7;7;4;7;8;6;5;Front End Developer
1;3;6;2;0;4;0;9;6;8;0;3;6;1;2;3;4;5;5;8;Machine Learning Engineer
6;6;7;7;1;7;8;2;2;4;8;8;5;7;7;0;7;5;5;9;Computer Science Teacher
0;8;3;1;7;7;9;2;5;9;0;6;1;5;4;4;1;2;1;4;Web Developer
6;6;3;6;6;1;5;9;2;4;5;2;7;4;0;9;6;2;7;6;Web Developer
4;1;0;5;9;5;9;0;7;8;5;3;2;4;3;7;3;1;3;5;Front End Developer
8;8;5;4;8;6;9;6;9;4;1;5;4;0;0;9;7;3;5;9;DevOps Engineer
6;3;9;0;0;4;4;3;6;0;7;9;3;4;2;0;4;2;3;1;Computer and Information Systems Manager
3;2;3;2;9;9;6;5;7;0;7;1;7;9;7;1;5;4;1;9;UI/UX Designer
8;5;9;4;4;7;9;8;4;8;1;8;9;0;0;9;0;0;3;2;Machine Learning Engineer
1;6;0;7;9;8;1;4;7;7;0;7;4;7;7;7;4;3;5;5;Network Administrator
6;3;6;9;0;1;5;5;8;4;5;9;6;2;4;8;4;4;7;6;Mobile App Developer
5;3;0;4;3;0;0;6;2;3;7;3;8;6;0;4;2;3;2;7;Computer Network Architect
5;5;7;0;8;9;4;0;7;6;1;7;4;5;7;2;1;3;1;4;Software Developer
3;0;9;6;0;3;8;5;9;0;0;4;0;6;1;8;5;5;8;2;Computer Hardware Engineer
8;6;3;8;6;3;4;6;4;1;4;9;1;8;5;6;2;4;5;2;Computer Network Architect
2;9;9;9;1;7;1;3;1;0;5;7;2;1;3;7;3;5;2;6;IT Project Manager
3;3;2;9;1;3;0;6;3;8;0;1;8;4;2;0;5;9;0;1;Research Scientist
4;3;4;9;3;8;6;4;4;3;7;1;7;1;1;4;2;2;6;2;Cybersecurity Analyst
8;8;5;4;0;8;4;9;1;2;6;8;5;1;1;1;7;7;9;4;Front End Developer
9;7;2;5;4;9;9;6;8;7;8;2;1;2;0;7;1;9;3;1;Full Stack Developer
3;3;9;2;0;1;6;8;9;5;2;0;9;7;4;5;5;9;9;4;Computer Programmer
2;4;8;9;6;2;0;9;7;5;3;3;5;5;9;1;1;2;3;2;Database Administrator
4;4;5;1;2;0;2;7;7;6;7;5;5;9;6;9;5;5;0;3;Network Administrator
4;2;2;7;1;7;6;1;0;1;9;2;3;6;9;2;9;3;9;3;Network Administrator
3;3;5;6;6;1;9;2;0;9;3;1;9;8;2;6;9;6;8;1;Embedded Systems Engineer
3;8;8;3;0;9;8;4;8;7;9;6;5;3;2;2;0;8;4;9;IT Support Specialist
3;8;2;5;0;9;5;6;8;4;5;8;8;9;2;4;9;4;9;0;Full Stack Developer
4;6;4;5;1;3;2;5;0;7;6;8;6;1;7;1;0;3;4;5;Computer and Information Systems Manager
0;1;6;2;0;4;7;5;2;9;8;7;7;0;6;0;7;1;9;6;Data Scientist
2;3;0;8;4;3;4;7;0;0;1;7;3;7;5;7;4;9;2;5;Business Intelligence Analyst
3;7;6;0;2;1;9;0;0;6;7;2;8;9;3;8;4;1;9;8;Computer Systems Manager
0;0;0;2;4;3;9;9;3;2;7;9;3;9;0;2;0;9;9;8;Back End Developer
5;3;4;1;5;0;5;2;2;1;2;0;3;6;1;6;2;1;1;5;Software Engineer
3;2;1;1;0;5;1;4;1;5;5;4;5;8;7;1;2;8;3;8;Network Engineer
9;9;1;1;2;3;2;7;3;6;7;0;8;1;9;8;2;5;1;5;Back End Developer
5;5;6;0;2;4;8;0;2;3;7;9;5;6;7;9;1;3;4;3;Computer Hardware Engineer
6;3;7;6;2;3;7;2;5;4;0;9;8;4;6;8;1;5;8;3;IT Support Specialist
6;4;8;8;3;2;6;2;5;2;5;2;7;6;9;1;1;6;9;8;Front End Developer
1;2;3;3;1;9;8;8;8;0;7;0;1;8;5;0;3;4;4;4;Business Intelligence Analyst
9;0;1;2;5;0;4;7;7;0;3;6;8;7;5;9;4;6;9;1;IT Consultant
3;0;9;5;9;0;0;0;6;8;0;9;8;3;3;2;7;3;2;5;Technical Support Engineer
5;7;4;5;8;5;7;4;0;3;8;8;9;1;5;6;7;7;7;4;Computer Systems Analyst
2;6;1;0;1;6;1;9;4;3;5;7;2;4;9;4;6;0;1;7;UI/UX Designer
3;4;3;8;9;0;0;4;8;0;3;2;7;6;2;9;0;1;7;9;Web Developer
2;6;0;0;5;7;2;4;7;5;8;8;9;1;3;9;0;5;6;1;Full Stack Developer
5;7;5;8;1;6;8;1;2;5;4;0;3;6;4;5;4;8;4;9;Computer Hardware Engineer
2;6;0;9;6;4;3;5;1;9;8;3;3;4;8;2;6;4;4;3;Database Administrator
2;8;4;2;3;5;5;8;1;1;4;7;6;1;8;6;2;5;6;1;Computer and Information Systems Manager
4;4;1;2;2;1;7;5;0;9;0;0;6;3;2;4;3;7;7;2;Business Intelligence Analyst
6;2;8;2;0;4;9;7;3;0;2;4;3;0;6;7;7;9;3;2;Machine Learning Engineer
1;9;8;4;5;2;9;5;4;5;1;8;1;0;5;3;0;5;9;9;Software Engineer
2;2;1;8;1;3;5;4;6;8;9;4;5;7;1;2;8;9;5;5;Computer Systems Manager
1;9;8;0;0;8;6;5;6;6;7;8;5;1;2;8;3;9;8;6;Web Developer
9;3;1;2;9;0;5;1;9;0;3;3;2;8;7;5;7;9;2;3;Back End Developer
2;8;3;5;1;8;0;7;8;5;7;5;1;7;4;3;0;6;3;4;Artificial Intelligence Engineer
0;9;0;9;9;4;3;1;4;1;2;6;4;7;9;4;5;0;7;9;Mobile App Developer
2;8;7;0;3;1;5;3;5;9;2;8;2;2;6;7;8;9;3;6;IT Support Specialist
9;4;2;6;6;9;6;5;9;8;9;4;3;8;7;9;9;3;9;8;IT Sales Professional
4;9;9;1;5;1;9;7;3;5;4;2;3;5;9;1;2;0;8;4;Software Engineer
7;3;8;2;1;7;3;6;3;4;9;7;1;4;6;5;7;8;6;7;IT Project Manager
8;3;8;6;9;1;4;9;4;4;5;4;0;3;1;0;7;2;8;0;Computer Hardware Engineer
8;5;1;5;2;6;3;6;2;3;9;8;6;1;0;0;5;0;7;8;Game Developer
5;1;0;3;0;5;9;9;5;9;2;3;6;6;7;4;6;3;9;2;Software Tester
0;2;4;6;5;0;3;2;3;4;2;7;8;9;5;3;4;2;9;0;Blockchain Developer
6;7;9;9;4;7;4;4;9;2;9;1;3;8;1;8;3;8;6;6;Software Developer
3;4;3;8;9;4;9;6;5;0;9;9;1;9;4;6;3;7;1;4;Computer Systems Manager
9;7;7;9;8;8;3;4;5;4;9;9;1;0;2;3;8;2;7;0;Technical Writer
0;8;0;2;4;4;6;9;8;4;3;7;4;8;6;4;1;0;5;8;Digital Marketing Specialist
1;5;0;1;8;4;5;5;2;2;6;5;9;3;7;8;4;7;3;1;Software Engineer
2;8;2;0;0;2;9;8;8;2;3;6;9;7;6;5;3;8;6;6;Cybersecurity Analyst
0;7;5;8;0;0;8;3;5;1;4;4;8;9;5;6;9;8;6;2;Blockchain Developer
4;2;6;4;0;4;7;1;5;8;7;5;5;2;7;9;5;9;4;8;Technical Writer
2;9;9;5;9;6;6;5;0;0;5;0;7;6;9;3;8;8;5;1;Computer Programmer
8;8;0;2;0;9;2;1;9;7;4;2;9;6;3;0;6;9;9;4;IT Support Specialist
5;3;8;6;9;8;8;8;9;6;3;6;1;1;8;0;5;9;4;3;Computer Systems Analyst
7;4;7;2;2;8;4;4;7;3;5;6;0;0;4;5;0;0;5;4;Technical Support Engineer
6;1;4;8;3;6;5;1;0;6;1;5;3;3;7;0;4;1;5;1;Game Developer
8;5;3;5;9;2;3;7;1;6;1;0;2;2;3;6;5;3;6;6;Cloud Architect
3;4;7;3;3;6;8;7;2;5;6;5;9;0;5;5;4;4;3;5;DevOps Engineer
8;0;4;0;3;8;9;0;9;1;0;0;9;4;5;0;3;4;9;7;Machine Learning Engineer
6;7;8;3;6;1;7;8;7;9;4;5;0;3;5;9;4;5;3;3;Technical Writer
4;2;5;3;2;3;4;1;2;5;6;4;5;0;3;1;0;1;6;7;IT Sales Professional
2;1;9;5;7;8;1;1;6;3;0;1;3;6;2;1;4;6;0;0;Database Administrator
0;1;6;6;6;5;8;2;7;4;2;0;2;3;8;6;2;9;4;2;Mobile App Developer
6;5;2;3;0;7;9;8;0;2;6;5;3;8;8;5;5;5;2;4;Computer Programmer
7;6;6;8;5;0;9;6;4;6;0;2;9;0;9;0;6;0;5;6;Computer and Information Research Scientist
3;6;8;1;5;8;2;8;4;1;7;5;6;0;1;9;8;5;7;9;Network Engineer
7;8;2;9;9;0;8;4;4;1;3;2;6;8;2;0;0;2;6;0;Full Stack Developer
0;4;7;0;1;7;6;8;9;7;2;1;5;1;0;1;6;3;2;2;Blockchain Developer
8;4;7;2;1;8;7;7;7;1;4;7;9;5;9;9;3;0;3;0;Computer Science Teacher
4;5;8;1;1;8;7;5;3;1;3;7;2;9;3;3;5;9;5;9;Computer Systems Manager
0;1;0;4;5;1;5;9;6;3;5;3;0;8;8;2;4;5;2;5;Software Developer
5;6;9;6;9;6;8;9;3;1;7;6;5;2;4;2;1;2;2;3;IT Project Manager
1;4;9;3;9;8;1;2;5;7;5;9;2;1;8;5;4;7;4;6;Machine Learning Engineer
9;8;4;3;6;1;1;4;3;0;5;4;5;6;0;5;1;5;0;4;Research Scientist
2;8;0;5;6;7;0;1;3;9;3;4;7;0;9;1;7;0;1;9;Full Stack Developer
8;9;6;7;3;9;4;3;5;3;1;6;1;8;3;7;5;7;5;0;Computer Network Architect
9;4;2;2;8;6;0;0;4;9;0;4;3;4;8;8;1;0;8;2;Software Tester
4;2;0;8;5;5;1;3;9;8;5;1;4;4;3;2;6;3;7;2;Network Engineer
5;5;2;2;1;9;9;0;9;6;9;1;9;5;1;7;5;1;3;6;IT Sales Professional
5;9;7;2;2;9;1;4;4;8;7;8;3;4;9;6;2;6;2;5;Data Scientist
1;0;3;1;4;2;1;6;2;6;2;9;8;8;2;4;6;1;9;9;Business Intelligence Analyst
3;5;2;7;5;6;3;0;4;7;8;1;5;6;8;2;7;3;0;7;UI/UX Designer
6;6;9;0;6;7;6;1;8;8;0;3;9;1;0;3;6;7;2;1;Back End Developer
3;4;9;3;4;4;0;7;8;5;2;0;1;4;7;6;2;5;0;3;IT Project Manager
3;2;9;7;2;9;7;6;4;6;0;5;6;1;5;3;5;3;9;9;IT Support Specialist
3;3;2;0;6;8;5;4;9;6;4;9;6;3;6;4;1;4;6;0;Database Administrator
4;3;6;8;3;1;6;5;1;5;4;6;6;0;4;3;3;7;6;5;Software Developer
5;2;2;0;4;2;2;8;1;0;3;8;2;5;5;1;3;5;5;3;Software Engineer
5;9;1;6;4;7;4;7;1;4;7;4;4;1;5;4;1;6;2;8;Computer Network Architect
7;3;1;7;8;0;4;3;1;7;7;2;3;8;8;9;5;1;9;8;Machine Learning Engineer
0;7;9;6;8;3;3;3;6;0;7;7;1;9;7;9;6;6;6;0;Computer Programmer
7;5;0;0;8;2;4;4;0;2;0;5;2;6;5;0;2;6;2;8;Cybersecurity Analyst
6;7;3;0;0;2;9;7;6;5;5;9;2;2;1;4;1;5;0;9;IT Sales Professional
2;8;4;3;0;0;2;4;3;3;8;9;7;1;8;5;5;8;0;9;Computer Network Architect
2;4;5;2;5;8;6;7;4;2;9;8;6;6;3;6;5;7;7;1;Full Stack Developer
8;7;3;0;8;1;0;2;0;2;0;4;0;2;6;8;3;2;5;8;Front End Developer
2;6;5;6;5;0;0;2;2;1;5;4;2;2;4;3;6;8;9;8;Game Developer
0;0;4;3;3;8;0;5;9;7;2;8;0;9;3;6;8;3;6;4;Cybersecurity Analyst
1;2;2;4;3;7;4;4;6;4;3;4;8;7;1;8;4;8;1;0;Computer and Information Research Scientist
2;5;1;1;8;7;7;2;3;1;5;5;8;7;4;5;4;4;2;0;Cybersecurity Analyst
0;5;9;9;2;3;9;1;0;6;2;7;7;0;9;7;3;9;4;1;Full Stack Developer
0;8;3;4;2;3;2;5;7;4;5;5;9;3;4;2;2;7;5;8;Computer Systems Manager
3;4;2;1;7;3;7;3;8;4;6;8;6;1;7;0;7;5;2;9;Software Engineer
3;5;0;8;7;5;7;0;6;2;4;8;8;2;6;6;3;3;6;8;Network Administrator
4;9;9;1;9;6;7;0;6;7;0;9;3;6;4;4;9;9;6;8;Computer and Information Systems Manager
2;0;8;0;5;2;1;5;6;6;2;1;7;4;3;4;2;8;3;1;Network Administrator
9;7;7;6;6;8;2;0;9;8;3;0;4;3;4;1;4;2;2;8;Quality Assurance Engineer
9;9;5;6;4;6;9;1;7;6;4;7;0;5;4;1;7;4;9;9;Game Developer
4;8;5;4;3;7;0;4;5;6;3;1;1;4;7;1;1;5;6;0;Computer Network Architect
5;3;9;6;7;5;3;0;6;3;1;4;5;8;8;2;3;5;6;0;Game Developer
4;9;0;4;5;6;6;2;7;5;5;3;5;6;3;7;9;2;5;2;Software Developer
5;1;0;9;4;6;7;2;2;4;4;1;7;3;4;2;8;2;9;0;Software Developer
2;9;8;5;3;3;4;2;4;6;2;1;9;2;7;6;1;0;2;3;Computer Systems Manager
7;8;1;9;2;1;9;4;1;0;6;5;2;7;1;9;7;4;4;8;Quality Assurance Engineer
3;4;1;7;7;4;0;0;8;0;6;3;5;3;4;8;6;0;7;1;Data Scientist
8;1;8;4;3;3;2;3;1;9;9;4;1;1;0;4;4;9;5;9;Quality Assurance Engineer
0;2;5;7;7;5;5;7;8;1;6;9;3;1;0;5;5;8;0;4;Web Developer
0;0;8;0;7;0;3;3;0;6;7;2;7;9;3;9;3;6;0;2;Blockchain Developer
7;2;7;5;8;5;2;3;2;2;0;3;0;4;9;7;0;1;1;8;IT Project Manager
1;3;7;7;3;9;1;1;6;0;0;3;5;5;2;4;7;4;1;5;Computer Hardware Engineer
8;1;3;7;3;2;6;0;3;1;9;5;8;9;1;7;2;4;5;2;Embedded Systems Engineer
3;9;3;0;0;9;1;1;5;5;8;3;5;7;2;4;4;1;0;5;Computer and Information Systems Manager
5;7;9;7;9;7;9;2;2;9;2;9;9;2;7;8;4;0;3;2;Embedded Systems Engineer
1;3;3;7;0;7;5;4;4;9;2;7;6;9;6;4;6;3;2;9;Blockchain Developer
0;0;2;8;3;1;0;7;0;0;4;0;9;9;0;8;2;9;3;2;Computer and Information Research Scientist
9;3;5;2;9;4;3;9;8;0;6;7;2;6;9;9;4;5;5;2;Front End Developer
7;5;3;7;0;4;1;2;4;4;9;9;4;7;0;2;3;7;1;8;Technical Support Engineer
1;4;4;9;6;7;4;7;7;5;5;2;3;8;6;3;7;3;2;9;Computer Systems Analyst
4;0;5;4;7;0;1;0;9;0;7;7;7;8;4;0;3;2;0;9;IT Project Manager
0;5;0;6;6;0;5;9;1;7;7;1;7;5;5;4;5;5;9;7;IT Consultant
9;3;9;1;0;3;5;3;2;4;5;5;4;4;5;8;6;7;6;9;Machine Learning Engineer
5;0;6;7;4;6;5;5;3;8;6;4;2;8;7;6;9;7;7;8;Quality Assurance Engineer
2;8;5;9;4;9;6;3;6;2;4;9;1;5;4;4;1;4;7;5;DevOps Engineer
7;1;9;1;3;9;1;7;8;1;4;3;7;9;9;5;5;5;4;3;Data Scientist
2;3;4;5;1;1;0;5;3;9;7;5;5;1;4;5;6;9;0;7;Business Intelligence Analyst
4;7;1;3;1;7;3;7;1;2;3;5;1;7;0;7;5;8;8;3;Quality Assurance Engineer
6;6;4;3;3;2;4;2;9;5;8;4;4;5;6;2;5;0;7;3;IT Consultant
1;2;9;3;5;9;2;5;2;6;5;0;7;6;1;8;9;2;5;2;Blockchain Developer
2;3;1;5;0;6;5;6;8;6;4;1;1;5;1;2;6;8;2;5;IT Project Manager
0;4;0;6;0;5;8;4;4;8;4;4;9;8;1;9;5;8;7;1;IT Sales Professional
4;5;4;3;7;6;3;7;2;3;6;9;5;9;9;5;1;2;2;4;Technical Writer
3;7;4;2;7;3;9;0;3;0;8;4;4;6;7;4;3;5;5;4;Software Tester
7;4;9;1;8;0;1;6;0;9;3;9;3;2;5;8;1;8;2;4;Systems Analyst
4;0;7;1;5;3;6;8;9;2;7;1;1;3;5;4;4;9;3;2;Software Tester
9;5;3;9;6;9;4;0;2;4;1;5;4;1;5;2;2;0;2;0;Artificial Intelligence Engineer
5;5;1;6;3;3;2;3;7;4;4;0;8;5;1;8;8;2;8;2;Machine Learning Engineer
9;7;5;4;5;9;9;3;9;9;0;3;1;2;2;8;7;6;0;8;DevOps Engineer
3;3;9;0;7;4;1;8;1;0;2;0;0;7;9;1;0;9;6;8;Mobile App Developer
3;0;6;9;0;5;5;0;3;5;0;7;8;3;9;3;7;3;9;7;Computer and Information Systems Manager
5;4;5;7;7;9;2;0;1;7;1;0;0;8;8;8;5;0;9;8;Database Administrator
6;9;9;8;4;3;8;9;7;9;1;8;4;2;2;6;9;7;2;8;Technical Support Engineer
5;6;7;1;2;3;5;3;1;2;7;5;4;2;1;8;7;2;8;1;Quality Assurance Engineer
1;8;4;3;4;0;7;6;4;3;3;6;0;8;8;0;5;7;3;9;Systems Analyst
9;2;4;1;7;6;8;5;7;2;8;6;1;4;8;8;1;6;9;8;Computer and Information Systems Manager
9;5;8;3;4;3;4;5;7;4;5;7;7;1;1;8;6;9;7;5;Data Scientist
4;2;1;4;5;4;3;8;2;6;2;0;4;2;8;1;7;9;5;5;DevOps Engineer
8;6;4;6;6;3;0;3;7;1;6;0;4;0;5;2;7;3;1;9;Machine Learning Engineer
8;8;8;5;1;3;5;5;6;1;1;0;8;7;0;8;1;4;2;5;Front End Developer
0;3;1;3;4;5;3;8;0;5;5;0;9;4;7;8;8;8;0;2;Computer Systems Analyst
9;2;7;2;0;5;3;2;0;0;2;2;6;2;4;0;4;5;5;0;Data Scientist
3;4;2;3;8;9;0;4;8;4;2;5;8;6;2;8;5;1;9;9;Business Intelligence Analyst
0;7;3;4;1;1;0;2;8;8;1;6;3;9;4;7;7;6;4;7;Database Administrator
8;6;2;6;3;2;0;5;3;5;8;9;4;4;0;0;0;0;6;8;Digital Marketing Specialist
1;1;4;9;0;7;0;2;3;4;1;3;0;7;5;8;4;8;9;9;Computer and Information Systems Manager
8;7;5;0;9;8;0;0;3;3;8;6;9;0;8;0;8;2;9;9;Front End Developer
0;4;8;1;0;7;1;9;1;4;8;7;0;0;9;2;0;2;3;6;Back End Developer
2;9;7;1;9;3;2;8;5;6;4;0;9;7;7;1;2;3;0;7;Computer Systems Analyst
0;0;2;5;1;9;3;1;3;1;2;3;4;7;9;4;5;6;5;2;Blockchain Developer
2;9;8;9;2;8;7;7;7;2;6;4;8;8;4;7;6;1;7;4;Front End Developer
7;5;8;9;8;5;7;0;0;3;6;8;2;3;3;3;5;7;7;2;Software Tester
9;1;6;3;9;5;2;0;0;9;0;9;4;0;4;7;9;4;5;8;Systems Analyst
5;0;9;0;8;9;0;5;3;0;9;8;1;2;6;5;1;4;8;0;Software Tester
2;6;3;1;5;4;9;5;6;5;1;1;5;0;6;1;6;6;8;7;Computer Systems Manager
1;3;8;9;1;6;4;7;5;7;0;0;2;6;8;9;8;5;0;7;IT Project Manager
9;5;7;7;0;5;5;8;7;0;1;3;2;7;0;8;3;5;9;9;Computer Systems Analyst
3;5;4;5;3;4;4;6;0;7;1;0;2;9;5;5;4;2;2;0;Embedded Systems Engineer
0;9;9;1;6;9;2;5;6;4;4;7;4;0;2;2;4;3;3;9;Embedded Systems Engineer
3;7;4;2;4;8;2;2;4;8;8;4;2;7;2;7;8;9;6;6;Network Engineer
2;4;8;2;8;7;6;2;1;9;7;7;7;1;2;3;9;7;0;7;Artificial Intelligence Engineer
3;3;6;5;8;2;4;6;2;9;9;4;4;1;2;9;2;6;5;4;Front End Developer
2;4;1;2;4;5;3;4;0;6;4;4;4;0;9;5;7;6;1;9;Computer Systems Manager
7;5;9;9;3;3;7;8;8;7;7;6;3;2;9;8;0;3;1;5;Embedded Systems Engineer
3;7;7;3;6;8;8;4;4;0;2;3;4;8;9;3;8;6;5;4;UI/UX Designer
0;5;9;0;3;5;2;3;2;3;3;1;8;0;6;5;0;3;0;2;Systems Analyst
6;0;3;1;2;9;9;1;6;2;8;5;9;8;5;5;9;8;0;6;Software Developer
9;3;7;8;2;2;3;9;5;9;8;9;9;0;9;5;7;8;0;5;Quality Assurance Engineer
6;4;3;5;2;6;9;9;6;9;5;7;2;8;9;3;9;8;4;8;Digital Marketing Specialist
4;1;9;4;2;0;3;8;2;1;6;6;5;7;7;6;7;0;8;2;Computer and Information Research Scientist
4;0;8;4;1;2;1;0;9;1;7;5;1;6;1;2;6;1;3;9;Cybersecurity Analyst
9;1;3;1;6;2;1;4;7;9;0;5;1;4;6;3;0;4;2;8;Cybersecurity Analyst
8;2;1;0;8;5;4;4;0;4;7;5;2;0;3;7;0;6;5;6;Computer Programmer
6;3;0;2;8;8;9;3;9;1;6;8;8;1;3;2;0;6;8;4;IT Consultant
7;8;5;8;3;3;3;2;9;2;8;7;5;7;3;2;6;6;3;9;Machine Learning Engineer
8;3;0;5;2;1;2;4;2;8;8;5;6;5;4;0;4;3;1;6;Computer Science Teacher
7;8;0;7;7;3;8;5;5;3;6;3;1;9;5;5;1;1;8;1;Embedded Systems Engineer
0;8;0;8;1;1;2;0;4;3;3;8;0;8;1;3;8;6;3;0;Software Tester
8;3;0;7;2;4;8;2;8;5;4;8;0;9;8;9;2;8;7;0;Computer Systems Manager
5;5;8;6;4;7;6;5;9;0;7;2;1;5;4;7;6;4;7;8;Web Developer
1;5;2;0;7;1;1;2;5;4;2;6;7;1;9;3;9;3;9;3;Game Developer
1;6;5;1;8;3;6;6;7;1;0;3;8;0;5;1;4;0;7;9;Database Administrator
7;5;1;5;5;7;9;5;8;5;1;6;0;4;4;4;2;9;7;7;Database Administrator
0;9;4;6;5;4;0;7;6;3;0;6;1;0;8;8;4;4;7;4;Game Developer
7;4;0;8;8;6;8;0;7;0;8;5;9;3;3;9;3;4;5;2;UI/UX Designer
5;9;4;0;3;8;7;3;5;9;0;6;4;5;7;9;4;3;8;9;IT Project Manager
7;8;1;1;6;0;7;0;2;5;9;9;0;2;2;7;6;7;1;6;Computer Systems Analyst
1;1;5;4;6;4;9;8;4;9;3;8;8;4;3;1;0;7;6;5;Data Scientist
2;7;7;6;4;5;4;7;1;9;9;5;8;9;2;6;1;5;5;1;Network Engineer
9;8;5;1;0;9;2;5;8;7;9;9;0;0;3;1;3;2;4;0;Research Scientist
5;4;7;2;4;9;5;5;6;5;0;3;9;3;9;7;7;0;3;6;Computer Hardware Engineer
0;0;8;9;8;8;0;1;7;4;7;0;6;8;2;2;3;7;0;4;Computer Systems Analyst
9;5;7;3;2;8;0;5;6;0;1;2;3;4;3;0;5;8;4;3;IT Sales Professional
8;3;6;6;8;0;2;6;0;7;2;7;3;5;3;1;5;5;9;9;Computer Programmer
1;1;3;5;5;1;0;4;7;6;4;7;2;7;7;0;7;5;0;1;Web Developer
9;5;1;8;9;9;2;7;9;5;6;1;6;4;5;2;4;6;5;0;Computer and Information Research Scientist
4;0;8;1;4;2;9;8;6;2;3;4;7;5;3;7;3;5;3;9;Software Tester
4;5;3;1;6;9;1;6;0;9;7;4;9;7;9;7;2;3;0;9;Artificial Intelligence Engineer
7;0;1;7;1;1;9;6;6;8;4;9;7;1;4;7;3;8;7;5;Network Engineer
6;3;8;8;0;9;8;1;7;5;4;6;1;3;1;6;8;0;7;9;Mobile App Developer
8;5;7;2;0;0;6;8;9;9;6;1;2;6;2;0;1;1;6;8;IT Consultant
0;2;9;2;9;7;2;6;0;3;2;8;6;6;6;0;8;3;3;3;IT Project Manager
3;7;4;8;6;7;9;9;0;6;3;9;9;8;9;5;4;7;9;6;Network Engineer
2;4;5;2;3;8;7;3;2;0;8;3;4;8;9;6;1;0;9;9;Computer Hardware Engineer
5;1;7;6;6;1;2;0;8;2;2;2;5;5;8;3;7;4;2;3;Computer Hardware Engineer
6;6;4;1;9;8;4;4;0;2;8;4;5;0;8;1;7;7;0;9;IT Project Manager
3;4;5;8;8;5;9;3;1;3;2;4;3;4;5;0;3;1;9;8;Technical Support Engineer
5;1;5;9;7;8;9;2;0;2;0;0;7;9;9;8;3;6;7;3;Network Administrator
4;6;3;5;2;0;7;1;5;7;0;1;6;5;9;2;6;4;1;7;Digital Marketing Specialist
8;3;6;2;0;7;9;9;2;2;4;1;5;4;9;6;3;9;3;4;Digital Marketing Specialist
2;0;3;2;7;3;2;1;4;8;0;8;2;3;1;6;9;6;8;0;Cloud Architect
4;8;0;4;0;6;0;4;8;8;6;4;4;8;5;1;4;2;2;7;Cybersecurity Analyst
3;5;6;0;0;7;7;1;8;5;7;9;0;6;2;9;0;8;8;9;Technical Writer
3;3;7;5;2;4;1;5;7;1;4;6;7;7;9;5;9;0;9;7;Computer Systems Manager
5;8;5;3;8;7;5;6;3;6;2;5;5;8;0;9;6;5;0;6;Computer and Information Systems Manager
1;7;9;2;5;0;0;9;5;0;7;7;1;8;1;0;7;0;7;2;Computer and Information Systems Manager
8;1;5;1;3;1;8;1;7;6;4;5;5;9;2;6;3;1;6;5;IT Project Manager
0;5;9;1;4;9;9;6;9;3;4;6;1;9;6;2;1;7;7;3;DevOps Engineer
2;3;4;9;8;5;4;1;7;7;7;6;9;3;9;2;6;5;7;7;Software Developer
6;9;4;8;7;1;9;5;8;8;3;3;1;4;5;1;7;9;1;5;Front End Developer
9;4;9;5;8;2;0;9;3;8;3;7;3;4;0;3;2;5;3;5;Research Scientist
4;7;3;2;0;0;9;5;7;3;7;1;8;7;2;9;0;7;9;3;Blockchain Developer
2;9;2;1;3;8;0;4;6;2;5;6;5;3;2;3;6;0;7;5;Systems Analyst
9;9;3;1;3;5;2;8;9;8;4;3;2;8;6;3;5;4;9;4;Software Engineer
2;7;9;7;7;1;5;9;2;6;3;7;0;2;6;7;8;3;8;7;Database Administrator
6;5;8;0;2;3;1;1;7;8;9;0;3;1;3;8;8;9;3;7;Computer Systems Analyst
2;4;9;9;6;6;9;1;6;5;6;8;8;4;5;2;9;1;6;1;Blockchain Developer
8;4;5;1;1;7;4;0;3;0;7;5;5;6;3;1;3;4;7;8;Computer Systems Analyst
4;7;5;8;7;1;0;3;9;7;7;5;7;3;8;9;3;1;7;2;Quality Assurance Engineer
0;4;7;7;5;5;4;8;0;7;4;8;2;3;7;3;9;4;9;2;Computer Systems Manager
3;7;6;6;8;0;9;1;6;6;4;7;5;9;1;2;5;5;0;7;IT Support Specialist
9;0;0;7;1;7;4;6;8;7;2;5;2;3;2;7;6;9;4;7;Business Intelligence Analyst
1;7;9;2;5;1;5;8;2;1;0;6;2;2;8;7;9;8;7;0;Data Scientist
4;4;7;3;3;7;3;8;7;8;0;4;9;8;3;0;6;3;6;3;Software Tester
0;4;8;7;3;0;2;5;9;1;4;5;3;3;6;9;9;4;7;0;Back End Developer
9;4;4;9;7;6;7;5;0;2;2;6;8;5;0;6;8;2;0;2;Computer Systems Manager
4;9;3;9;9;6;7;0;5;8;2;0;5;5;2;8;8;5;5;9;Computer Hardware Engineer
0;1;6;1;3;6;9;6;2;2;2;4;9;2;3;4;5;6;7;7;Digital Marketing Specialist
1;0;3;6;9;9;1;0;5;8;4;4;9;0;3;9;9;2;9;9;Network Engineer
3;1;1;7;0;5;1;1;1;5;8;7;5;7;8;7;7;7;3;9;UI/UX Designer
0;9;5;7;2;4;5;8;7;5;5;7;7;3;5;5;9;6;0;1;DevOps Engineer
9;2;3;2;7;8;7;8;6;1;5;1;4;6;4;6;9;3;8;7;Software Tester
2;4;8;1;1;5;2;5;9;6;7;0;0;8;6;2;1;8;1;5;Data Scientist
2;4;8;3;5;2;9;7;3;9;8;3;4;4;0;6;2;0;6;4;Data Scientist
6;3;8;6;0;1;8;8;1;2;5;1;1;8;7;9;8;8;0;1;Mobile App Developer
8;1;3;2;1;4;6;6;3;0;1;7;2;4;2;6;7;9;4;0;IT Support Specialist
5;9;2;7;9;0;3;0;3;4;3;4;0;7;4;4;7;8;6;0;DevOps Engineer
5;1;3;6;9;5;7;1;5;9;0;3;4;7;0;1;3;1;9;2;Business Intelligence Analyst
7;5;2;5;1;9;2;4;6;2;5;7;8;7;4;7;7;8;9;7;Software Tester
5;3;7;4;4;1;0;0;8;6;4;5;8;8;8;5;7;1;2;3;Computer Science Teacher
5;7;3;0;3;7;8;6;6;8;5;2;2;7;9;8;5;6;9;0;UI/UX Designer
1;7;9;7;1;0;7;2;7;4;5;8;3;8;7;1;2;3;1;9;Computer and Information Research Scientist
2;2;3;1;9;2;0;3;9;6;8;4;5;4;5;4;2;1;6;0;Computer Programmer
0;8;0;3;3;1;6;6;0;8;9;0;6;2;0;3;4;7;7;6;IT Sales Professional
2;1;7;9;3;2;4;5;0;4;9;3;4;5;0;1;3;7;1;5;IT Support Specialist
2;1;7;6;2;8;2;5;6;0;1;8;9;0;7;9;5;9;7;2;Blockchain Developer
6;8;6;0;4;3;4;5;6;4;8;4;0;3;5;3;1;9;8;4;IT Sales Professional
8;4;0;9;3;4;2;8;7;7;1;2;2;8;4;3;7;7;2;4;Computer Hardware Engineer
2;2;2;9;3;9;4;1;0;0;7;6;1;5;1;7;1;3;4;1;Computer and Information Research Scientist
5;6;1;6;8;8;3;8;9;5;7;3;9;1;6;8;6;3;7;3;Game Developer
8;2;5;4;4;6;2;1;3;8;4;7;5;2;1;0;7;9;5;8;Computer and Information Systems Manager
4;3;0;6;1;8;9;3;5;7;6;0;8;9;1;4;1;4;9;7;Computer and Information Research Scientist
1;1;5;9;2;8;1;5;0;0;3;6;9;5;6;7;9;9;8;0;Front End Developer
0;6;2;9;8;1;4;0;6;7;4;8;9;1;6;2;7;6;2;2;Technical Writer
5;7;5;4;3;5;2;9;2;4;8;9;9;1;8;3;1;3;3;4;Cybersecurity Analyst
6;2;4;0;1;1;2;3;1;0;2;5;1;0;0;6;4;6;6;1;IT Support Specialist
9;4;3;7;0;1;8;5;1;9;2;2;3;6;7;2;9;3;9;3;Computer and Information Systems Manager
9;8;4;8;9;1;5;4;8;1;0;5;2;1;2;1;4;3;6;8;Technical Support Engineer
9;3;0;0;4;4;9;4;5;9;4;5;8;3;6;8;9;4;6;3;Computer Science Teacher
1;8;1;8;5;9;7;1;8;2;6;4;3;2;1;8;2;2;0;6;Computer Programmer
0;5;2;2;0;2;5;5;3;1;4;6;1;1;2;9;5;0;4;6;Computer and Information Research Scientist
3;8;9;0;6;0;7;1;5;8;6;4;4;2;1;8;0;0;4;0;Database Administrator
8;4;1;9;9;0;4;4;4;4;4;2;1;4;3;4;7;7;8;0;Network Administrator
5;8;1;8;5;7;2;8;2;0;3;4;6;2;8;2;0;1;4;6;Business Intelligence Analyst
8;9;6;7;3;8;4;4;7;2;5;1;8;5;8;9;5;9;6;4;UI/UX Designer
1;2;9;3;3;7;5;6;0;6;2;6;9;6;3;8;3;4;5;8;Mobile App Developer
5;8;6;9;5;1;9;7;3;9;3;2;8;4;3;1;4;3;6;0;IT Support Specialist
4;3;5;5;5;1;5;2;4;6;5;3;5;8;0;2;6;4;4;3;Computer Hardware Engineer
7;2;9;8;8;4;4;3;5;6;6;4;5;6;3;3;4;4;6;6;Technical Support Engineer
1;8;5;5;4;1;8;4;1;5;2;2;0;7;4;6;8;3;9;8;Computer Systems Manager
9;2;3;5;8;6;9;6;8;2;6;7;4;8;0;5;6;3;2;5;Back End Developer
6;9;8;6;6;8;6;3;1;7;5;0;5;9;3;3;1;6;5;5;Web Developer
5;1;0;7;6;8;8;1;0;2;2;1;6;7;4;4;4;5;2;8;Machine Learning Engineer
4;9;4;8;8;8;8;5;8;4;8;7;1;2;2;6;7;2;5;4;Data Scientist
3;7;3;3;2;9;4;6;7;7;6;5;3;2;3;0;1;8;5;3;Technical Support Engineer
4;4;6;2;9;9;7;7;6;4;1;1;0;8;6;5;3;7;6;8;Computer Programmer
3;4;8;2;2;9;9;6;8;1;8;5;6;5;9;5;1;4;0;1;IT Support Specialist
1;0;5;5;6;4;9;3;6;9;1;0;6;8;1;9;8;8;0;0;Game Developer
8;2;9;7;7;3;4;0;1;1;9;0;8;3;9;8;0;4;7;3;Web Developer
4;6;8;6;0;6;6;7;9;1;1;8;1;1;3;8;4;7;3;0;Research Scientist
9;2;7;6;1;2;6;6;1;4;4;3;5;3;8;4;3;1;1;7;Back End Developer
6;2;9;1;4;4;7;1;2;6;0;0;4;3;3;9;7;4;1;5;Research Scientist
0;3;8;4;7;5;2;8;1;4;6;5;1;8;8;8;2;3;9;7;Web Developer
4;6;5;6;6;2;7;4;2;7;0;7;0;5;2;4;0;7;2;6;Software Developer
0;9;3;0;5;2;3;4;4;2;3;7;2;6;2;0;3;3;2;7;Front End Developer
3;2;9;9;5;4;7;5;5;0;5;3;2;1;9;4;7;8;4;3;Computer Systems Manager
8;3;3;9;0;7;6;5;6;4;0;4;4;5;9;5;9;3;3;0;Network Administrator
4;5;9;7;5;1;0;8;9;5;7;3;2;9;8;1;2;8;1;6;Research Scientist
6;2;8;7;8;3;7;3;8;4;3;9;1;7;0;0;3;7;3;9;Cybersecurity Analyst
1;0;3;2;2;1;2;1;4;6;8;4;9;2;0;9;9;2;2;7;Research Scientist
7;9;6;8;3;3;2;4;3;7;1;9;8;9;7;5;0;0;0;8;IT Consultant
0;5;0;1;7;8;6;7;3;8;5;6;5;5;9;3;8;2;8;4;Software Tester
0;9;5;0;4;1;6;6;9;3;8;1;8;3;7;4;9;2;3;0;Mobile App Developer
6;3;8;5;9;3;6;8;0;3;6;8;8;0;6;1;4;6;3;9;UI/UX Designer
7;9;2;4;2;5;1;5;0;5;8;5;6;9;4;4;3;0;2;1;IT Support Specialist
2;2;9;9;8;0;0;3;1;8;3;8;1;2;4;3;6;3;3;5;Artificial Intelligence Engineer
2;0;6;9;4;7;6;0;5;3;7;3;3;3;0;8;2;8;5;0;Cloud Architect
2;8;6;6;3;0;9;4;4;8;5;8;5;5;5;8;8;4;2;7;Artificial Intelligence Engineer
2;4;6;2;5;7;8;4;5;9;5;9;6;9;3;5;3;8;4;8;Computer Science Teacher
1;4;8;3;8;7;0;7;9;3;9;6;4;3;1;8;7;8;9;2;Network Engineer
5;3;8;5;9;1;0;9;5;7;9;1;8;5;2;6;5;7;7;8;Artificial Intelligence Engineer
8;3;1;2;4;9;7;3;3;0;6;0;6;1;0;2;3;3;4;2;Technical Support Engineer
1;2;5;6;2;9;9;5;3;0;2;1;0;5;3;1;8;9;7;1;Network Engineer
4;0;4;4;3;9;3;6;3;2;2;2;8;1;1;6;5;7;1;4;Machine Learning Engineer
3;8;6;5;6;1;5;0;7;1;2;4;4;8;1;3;9;4;9;3;Game Developer
4;5;4;2;7;9;0;1;8;6;8;8;8;2;6;4;7;9;5;7;Technical Support Engineer
5;4;6;3;2;6;9;4;2;4;7;0;5;6;6;9;5;1;5;5;Network Engineer
6;8;6;2;5;2;9;2;8;1;9;6;1;1;5;5;8;8;0;8;Computer Systems Manager
2;4;8;2;5;3;1;3;2;0;3;3;3;7;3;4;4;0;8;8;IT Support Specialist
1;4;2;0;3;9;7;4;3;4;8;5;9;2;4;1;7;8;4;3;Software Engineer
0;7;8;1;9;9;9;5;4;0;3;2;5;1;2;1;3;8;3;8;Blockchain Developer
2;8;7;6;9;5;5;1;6;6;5;9;0;7;9;0;6;1;2;3;IT Support Specialist
7;7;1;3;6;6;7;0;6;2;2;1;6;5;6;3;8;3;1;0;Machine Learning Engineer
4;6;0;9;7;4;1;1;1;2;9;5;0;3;6;6;7;8;5;6;Network Engineer
8;2;8;7;7;4;9;6;6;2;6;7;8;9;1;1;8;2;9;9;Technical Support Engineer
7;4;2;3;3;0;1;9;5;3;3;9;0;7;3;0;7;8;3;1;Network Engineer
0;8;8;2;7;6;6;7;4;1;4;8;5;9;2;3;7;5;5;1;Data Scientist
3;4;6;9;9;0;5;7;3;1;6;2;7;8;1;9;0;3;1;0;IT Sales Professional
7;0;5;2;5;6;4;8;7;8;7;7;6;4;1;3;8;5;5;7;Digital Marketing Specialist
2;4;1;7;7;9;7;4;3;0;0;6;6;3;7;3;5;0;7;3;Computer Programmer
4;3;4;3;8;0;8;1;7;5;6;8;8;5;1;8;5;5;3;9;Business Intelligence Analyst
0;7;8;5;4;7;3;1;1;7;0;0;3;3;4;8;7;3;7;2;DevOps Engineer
0;2;8;9;5;8;5;2;5;5;1;5;2;5;9;8;9;7;9;9;IT Support Specialist
6;8;3;6;9;8;4;9;2;0;6;9;1;9;8;4;2;4;9;1;Computer Systems Analyst
5;4;5;1;2;8;7;0;5;8;6;3;2;0;6;0;2;1;5;2;Computer Programmer
7;4;8;5;6;4;5;8;4;7;2;9;9;6;5;9;4;5;5;8;Software Engineer
2;0;9;6;8;0;5;3;8;2;0;9;5;4;7;1;5;0;7;4;Computer Systems Analyst
4;7;9;8;9;5;2;6;7;0;4;5;1;0;4;7;3;1;3;6;Business Intelligence Analyst
0;0;9;3;7;7;2;3;8;9;5;0;5;0;6;1;9;3;5;6;UI/UX Designer
8;3;1;1;3;3;1;6;4;5;3;8;8;1;6;3;9;2;4;0;Software Engineer
7;3;5;9;5;8;7;8;7;0;4;2;3;2;4;6;1;4;8;1;Quality Assurance Engineer
9;2;0;3;6;3;0;3;6;9;4;3;1;3;9;4;5;1;8;1;Computer Programmer
8;9;8;3;1;4;4;8;1;9;3;8;2;8;7;5;7;6;9;3;Software Engineer
3;3;3;4;2;4;3;3;5;1;3;8;2;4;9;8;6;3;7;8;Computer Network Architect
6;4;8;9;1;0;5;3;0;7;5;2;7;2;1;3;4;1;1;6;Full Stack Developer
3;9;2;5;0;2;1;4;1;1;2;2;8;8;6;3;8;3;8;9;Software Developer
1;6;8;4;6;2;1;7;5;2;1;6;9;0;2;5;1;5;5;0;Data Scientist
1;8;6;4;3;4;9;3;6;6;4;4;9;9;5;7;6;7;2;5;Computer Network Architect
2;5;7;8;7;6;4;1;4;6;1;5;5;4;8;3;6;1;7;2;Systems Analyst
3;8;5;4;7;8;7;6;1;7;0;3;4;9;1;7;4;5;1;4;Game Developer
2;9;2;8;0;1;7;2;7;2;0;1;4;2;4;1;1;3;2;5;Game Developer
5;5;2;9;1;9;4;3;5;7;6;7;8;7;1;1;0;1;9;4;Technical Support Engineer
4;9;9;1;7;6;4;0;6;9;6;6;7;4;1;7;7;1;2;4;Data Scientist
9;0;4;7;1;5;1;3;5;4;5;5;9;3;7;0;5;6;5;8;IT Sales Professional
8;8;1;9;5;9;3;5;0;8;1;0;1;4;2;7;1;3;8;4;Embedded Systems Engineer
0;3;3;2;2;6;2;5;7;1;3;6;4;2;0;7;7;2;6;6;Data Scientist
3;0;7;0;0;4;3;5;8;0;7;4;0;1;8;8;3;3;6;5;Computer Hardware Engineer
2;2;6;4;5;9;3;0;5;4;2;5;6;7;4;9;4;4;9;5;IT Consultant
4;0;6;3;4;8;7;2;0;6;1;9;3;1;7;8;4;5;4;5;Computer Network Architect
7;6;2;5;5;6;2;8;8;3;6;8;7;4;9;5;0;6;6;3;Cybersecurity Analyst
6;9;6;9;5;6;1;5;2;4;5;3;6;6;9;2;7;8;7;3;Software Engineer
6;7;3;1;7;7;9;9;8;6;2;1;4;0;0;0;2;2;8;4;Network Administrator
2;1;1;6;7;6;2;9;0;9;5;5;2;4;3;7;1;6;0;7;Web Developer
5;9;9;0;2;3;2;2;2;2;6;7;2;3;0;6;1;7;4;1;Artificial Intelligence Engineer
7;8;0;9;6;6;3;4;5;4;7;2;1;3;3;8;3;7;3;7;Front End Developer
7;4;2;7;7;2;4;2;0;0;7;0;8;2;2;2;8;8;8;9;IT Support Specialist
1;0;1;1;7;8;6;9;4;7;7;2;1;8;8;9;2;4;3;4;IT Consultant
7;0;6;6;5;0;1;8;5;8;9;5;4;6;4;3;4;6;7;7;Web Developer
4;4;4;9;9;9;7;0;0;0;5;3;6;1;3;4;3;0;5;0;Embedded Systems Engineer
0;6;4;4;4;1;8;4;1;4;6;4;5;4;5;3;3;0;7;5;UI/UX Designer
8;7;4;2;1;9;2;7;7;6;6;4;0;3;6;2;8;1;7;4;Computer Hardware Engineer
6;5;9;5;1;6;6;3;3;5;4;8;8;5;5;3;7;4;1;9;Full Stack Developer
5;2;2;6;5;3;2;7;9;0;2;9;2;5;8;6;3;6;4;2;IT Sales Professional
4;7;8;0;3;5;2;8;2;6;1;1;5;8;5;3;8;8;2;3;Data Scientist
5;5;4;8;1;3;7;6;2;9;2;1;8;2;0;8;0;2;8;8;Network Engineer
7;6;0;3;5;3;4;1;6;8;7;9;1;1;5;2;1;8;3;9;IT Project Manager
8;5;2;1;3;9;9;2;2;0;1;3;9;8;8;3;8;0;7;5;Data Scientist
5;0;4;7;1;2;3;1;7;3;2;0;5;2;8;1;5;9;5;3;IT Support Specialist
3;7;9;9;9;1;5;5;6;9;4;2;8;6;8;9;7;7;8;0;Digital Marketing Specialist
9;5;2;7;4;9;2;1;9;6;8;9;3;6;0;7;9;8;8;2;Quality Assurance Engineer
4;4;0;3;7;5;1;6;7;4;7;3;4;8;6;0;1;0;6;8;Technical Writer
0;5;2;9;5;1;4;4;1;6;3;2;4;3;0;6;9;8;9;0;Cloud Architect
5;8;5;5;5;4;5;5;9;4;3;3;2;0;5;2;8;5;8;0;Embedded Systems Engineer
4;8;8;2;0;5;8;1;4;6;0;9;8;7;8;9;4;6;8;5;Software Tester
9;5;0;8;0;9;3;5;2;7;0;9;0;3;4;1;8;9;9;6;Quality Assurance Engineer
6;6;8;5;8;1;8;7;9;2;3;4;2;0;1;8;1;8;4;9;Computer Network Architect
3;4;0;3;9;6;8;6;4;5;1;1;1;8;5;4;7;1;7;6;Computer Programmer
6;2;9;7;2;6;0;2;1;8;3;6;0;9;6;6;2;1;9;4;Computer Science Teacher
8;5;5;2;8;2;2;4;6;4;2;4;2;7;8;8;3;9;0;9;Software Developer
1;3;9;7;0;2;1;2;5;4;9;9;1;3;9;0;6;2;0;2;Quality Assurance Engineer
9;7;8;2;7;0;2;8;7;4;4;7;7;1;8;6;2;1;7;0;Computer Systems Analyst
6;2;9;6;1;0;4;8;4;8;1;8;3;0;7;1;7;4;8;5;Computer Science Teacher
3;7;0;8;6;3;7;9;1;9;7;1;0;9;6;9;7;6;7;3;Cybersecurity Analyst
0;2;4;6;8;3;7;3;8;8;2;8;5;8;4;6;9;8;6;7;Technical Writer
5;6;8;3;8;3;1;9;1;7;6;8;1;0;4;5;3;6;0;5;Machine Learning Engineer
3;4;4;8;0;0;9;6;1;0;2;2;6;0;0;8;2;7;0;9;Artificial Intelligence Engineer
6;6;8;8;0;1;7;7;3;2;1;2;9;7;8;6;5;5;0;3;Software Developer
9;8;4;6;6;0;0;2;6;0;0;0;6;6;2;9;1;2;5;9;DevOps Engineer
4;4;1;4;0;7;7;6;3;1;4;2;7;5;9;9;9;5;6;0;Network Administrator
6;5;0;9;8;7;0;3;0;4;4;7;5;2;0;1;6;8;4;4;Computer Systems Manager
7;8;2;1;8;7;4;4;3;7;4;4;2;4;3;1;8;6;8;5;IT Support Specialist
5;7;7;6;7;0;8;5;7;6;0;6;4;0;9;7;4;1;9;3;DevOps Engineer
9;4;8;4;5;3;9;1;3;1;0;7;2;2;0;6;0;7;4;4;Computer Programmer
1;9;9;0;6;5;6;8;1;9;9;5;3;0;3;5;3;2;1;0;DevOps Engineer
7;7;6;6;9;2;5;2;4;7;8;5;0;1;1;1;1;8;7;1;Technical Support Engineer
2;2;9;9;7;6;1;7;9;7;4;7;6;1;1;4;6;4;5;7;Software Developer
3;1;5;4;0;0;7;0;3;6;3;3;9;2;7;4;8;8;9;5;Back End Developer
3;5;2;1;7;7;9;8;5;4;2;0;1;2;3;9;3;6;2;1;Digital Marketing Specialist
9;7;3;6;4;1;4;7;6;9;0;2;0;3;3;7;6;8;9;9;Digital Marketing Specialist
6;2;2;2;2;8;6;2;7;9;2;5;5;6;5;4;5;1;7;6;Blockchain Developer
8;7;4;4;3;2;3;5;9;0;7;2;7;7;0;8;8;7;2;9;IT Consultant
4;6;8;4;7;4;1;1;9;1;0;9;3;2;9;7;9;7;9;6;DevOps Engineer
4;3;7;3;9;0;1;3;9;6;3;4;3;2;2;3;0;3;5;9;Computer and Information Systems Manager
2;5;8;6;5;0;5;5;4;2;4;0;5;4;2;0;0;8;0;5;Research Scientist
7;4;9;4;3;4;4;5;2;8;6;6;3;9;2;7;3;9;7;3;Web Developer
7;3;3;5;4;3;4;3;4;3;4;0;4;3;8;5;5;0;6;3;Technical Writer
4;2;9;4;5;1;8;1;0;1;6;3;2;1;9;0;2;5;0;8;Embedded Systems Engineer
1;4;8;0;2;2;2;0;2;8;9;3;6;5;1;0;4;2;9;1;Database Administrator
8;7;0;2;3;7;9;4;6;2;3;9;1;1;4;2;0;5;9;7;Embedded Systems Engineer
6;4;1;2;8;9;1;7;7;8;0;1;5;6;4;4;6;2;1;6;Computer and Information Research Scientist
9;8;5;0;7;8;3;8;3;1;1;9;8;4;9;7;0;9;9;5;Computer and Information Research Scientist
9;6;3;3;2;4;6;6;2;8;9;4;7;4;8;9;5;2;8;9;Back End Developer
7;1;1;7;4;8;9;5;8;9;3;2;4;7;5;3;4;5;5;4;Software Engineer
4;4;4;8;5;8;2;7;7;0;3;8;8;0;9;6;1;4;9;3;IT Support Specialist
6;0;1;6;2;7;9;7;7;9;1;4;6;5;0;1;6;3;3;3;Data Scientist
3;3;5;9;8;6;6;5;6;2;5;8;4;7;8;3;3;7;4;8;Computer Systems Manager
8;7;5;7;2;4;2;3;8;6;2;1;9;1;1;0;7;0;8;9;Computer Science Teacher
9;1;7;5;1;8;2;2;8;7;5;6;4;4;3;8;7;8;5;8;Computer Science Teacher
5;9;4;7;9;3;8;3;8;9;8;9;0;1;0;8;2;5;1;7;Computer Network Architect
1;8;4;0;2;7;4;8;6;6;6;4;6;0;9;3;3;5;8;9;Web Developer
0;5;2;7;3;2;9;5;7;2;3;2;7;6;4;9;1;1;0;5;Web Developer
8;3;3;9;0;6;6;0;7;6;5;2;3;8;7;3;0;1;0;2;Business Intelligence Analyst
4;8;3;6;1;1;3;3;8;4;6;6;9;7;7;6;7;6;3;8;Technical Support Engineer
8;2;8;3;6;1;3;8;9;1;4;5;1;4;5;5;1;1;9;4;Database Administrator
3;6;9;7;8;4;6;7;2;8;5;2;2;5;9;6;0;2;8;9;Software Tester
0;8;3;3;1;2;9;1;7;2;7;4;3;7;6;1;6;5;0;2;IT Sales Professional
2;8;9;9;0;3;7;7;5;2;6;2;8;2;1;6;3;7;9;6;Cybersecurity Analyst
6;1;4;8;9;6;8;2;0;2;0;5;8;1;7;5;1;4;3;1;Technical Support Engineer
7;1;1;0;0;3;2;5;7;2;3;9;4;8;2;2;9;6;3;6;Artificial Intelligence Engineer
0;2;8;0;6;8;7;5;3;1;9;8;7;0;2;8;2;8;5;6;Computer Network Architect
8;5;2;4;1;2;1;5;1;1;5;0;5;4;4;5;7;4;1;9;Mobile App Developer
1;3;1;6;4;2;6;6;1;9;4;6;9;0;0;9;1;1;0;6;Front End Developer
2;8;6;0;9;6;8;1;0;1;4;7;4;3;3;4;0;8;7;1;Game Developer
1;8;9;6;8;9;6;9;1;2;3;9;4;3;2;2;5;3;7;6;Database Administrator
1;6;0;8;2;8;9;4;9;8;5;7;4;2;9;8;8;5;9;4;Front End Developer
5;5;9;4;4;3;4;8;1;8;3;7;9;6;5;4;8;3;1;4;Computer and Information Systems Manager
9;2;6;3;5;9;1;7;2;9;9;2;3;9;6;2;5;7;6;8;Full Stack Developer
2;0;1;3;7;6;5;8;8;2;2;6;0;9;8;0;0;4;4;2;Digital Marketing Specialist
0;2;0;4;1;6;3;2;7;5;1;8;2;7;3;7;8;9;3;1;IT Consultant
1;3;8;3;2;2;0;6;8;9;1;8;4;4;3;7;8;2;6;0;Web Developer
2;3;2;3;5;3;1;6;3;6;1;2;3;1;4;8;3;2;8;2;Research Scientist
6;2;5;1;8;8;6;3;6;1;4;7;1;2;5;5;0;0;7;9;Technical Writer
2;5;5;2;4;4;4;8;8;9;2;7;6;2;3;6;3;7;9;9;Cloud Architect
1;3;2;3;2;8;6;6;3;2;4;7;8;2;0;6;8;1;9;2;Web Developer
0;1;4;8;7;1;0;9;7;2;2;5;6;2;3;3;1;3;1;6;Business Intelligence Analyst
9;5;8;3;3;3;0;1;2;8;5;5;1;2;4;1;6;1;9;2;Artificial Intelligence Engineer
8;0;2;9;9;7;0;9;1;0;4;6;7;7;7;0;9;5;0;8;Computer and Information Systems Manager
6;4;0;2;8;4;0;4;2;4;0;6;5;6;9;5;9;6;5;1;Machine Learning Engineer
5;5;2;6;1;8;7;5;5;2;1;7;6;3;0;5;8;5;0;7;DevOps Engineer
4;5;9;4;9;2;3;7;1;1;0;8;9;4;4;1;8;5;2;7;Artificial Intelligence Engineer
3;4;4;4;0;1;6;6;6;1;7;4;7;7;3;0;8;5;3;3;Technical Support Engineer
4;7;0;9;6;3;3;1;1;2;9;5;8;8;6;9;5;6;6;6;Business Intelligence Analyst
9;0;1;6;0;1;7;8;5;8;4;2;7;2;6;5;7;0;9;1;Blockchain Developer
4;2;3;5;7;5;9;3;9;2;1;3;3;7;0;7;5;3;7;7;IT Sales Professional
7;0;8;7;5;1;0;1;0;5;6;8;8;1;5;9;7;6;6;4;UI/UX Designer
5;6;5;2;2;7;2;9;2;0;8;6;0;6;8;8;7;6;5;8;Computer Systems Manager
8;4;9;9;6;0;1;1;4;1;7;1;1;7;3;8;8;8;5;1;Machine Learning Engineer
0;9;4;4;2;9;4;8;3;1;9;6;5;3;8;7;4;3;2;5;Network Administrator
9;9;8;5;0;3;1;4;7;3;9;7;5;1;5;7;3;9;4;8;Digital Marketing Specialist
8;2;0;4;9;0;8;4;3;0;7;3;1;6;9;4;1;2;8;1;Business Intelligence Analyst
0;3;2;6;6;2;6;9;1;4;1;9;8;7;4;2;8;8;5;5;Back End Developer
9;9;9;1;2;1;0;5;3;4;8;6;5;7;5;3;5;2;0;6;Network Administrator
7;9;1;6;2;1;1;5;3;2;7;8;0;1;1;6;8;9;3;5;Artificial Intelligence Engineer
7;2;9;5;5;6;4;2;7;5;5;4;7;7;3;6;7;9;6;7;Systems Analyst
9;7;4;1;4;8;5;0;2;8;5;9;5;6;7;7;9;2;9;6;Computer Hardware Engineer
2;5;1;2;2;5;3;9;4;8;8;7;9;4;6;6;0;3;4;0;Database Administrator
5;0;1;1;9;9;5;7;3;2;7;1;1;6;0;8;9;4;7;5;Computer and Information Systems Manager
7;0;3;2;0;0;8;7;9;7;6;7;7;7;7;3;3;0;3;1;Computer and Information Systems Manager
1;7;0;9;6;8;9;9;5;4;2;1;0;2;5;1;4;9;7;0;Back End Developer
5;1;6;5;0;5;6;0;9;5;2;9;3;5;6;3;5;3;1;1;Software Developer
6;0;4;8;2;4;5;8;8;6;3;4;7;4;0;8;7;5;8;9;Computer Programmer
7;3;2;1;7;0;2;4;4;2;1;3;1;4;1;6;4;7;6;8;Computer Hardware Engineer
2;9;5;7;2;0;5;6;9;5;8;8;1;2;5;1;8;5;9;1;Research Scientist
7;4;0;8;1;1;7;1;8;1;6;1;8;8;6;4;1;0;8;9;Research Scientist
0;7;6;5;3;2;0;5;9;7;6;0;8;5;1;7;4;1;8;4;Machine Learning Engineer
4;9;4;1;8;5;0;5;8;7;4;5;8;3;1;2;6;5;1;5;Computer and Information Systems Manager
4;2;1;2;8;5;0;4;1;2;1;2;4;6;3;1;2;8;3;9;Technical Writer
9;9;9;3;5;8;6;1;7;3;6;5;5;1;4;8;0;4;4;2;Full Stack Developer
7;8;0;7;3;3;8;2;4;9;6;5;4;2;5;6;6;8;3;3;Software Developer
9;4;8;6;4;9;9;3;8;2;2;0;3;7;8;2;4;1;6;5;Quality Assurance Engineer
0;8;7;6;9;9;2;6;9;2;4;4;1;1;4;0;3;4;1;8;Systems Analyst
4;9;4;4;2;9;6;7;2;5;1;5;6;5;4;2;6;4;9;9;Network Administrator
1;1;0;4;5;9;0;8;3;2;1;3;1;9;4;6;0;6;8;3;IT Sales Professional
7;5;5;3;8;8;2;0;1;4;5;1;8;2;6;1;2;3;8;4;Technical Writer
5;9;2;2;3;0;7;6;3;3;3;2;3;7;9;1;7;9;9;3;Software Engineer
4;7;1;8;0;3;1;1;6;4;3;0;7;5;4;0;7;0;0;4;IT Project Manager
5;8;7;8;9;9;7;8;1;3;6;6;3;3;4;6;8;1;9;8;Computer and Information Research Scientist
0;8;8;4;0;9;1;9;4;7;3;3;3;0;2;9;2;5;3;5;Cloud Architect
6;1;0;4;3;5;7;0;1;4;9;8;6;8;1;3;8;1;7;6;Network Administrator
5;6;7;5;5;1;0;9;6;5;4;6;6;4;3;3;6;8;3;7;Full Stack Developer
6;3;2;7;4;5;4;8;8;0;3;8;6;0;1;8;7;3;6;4;Computer and Information Research Scientist
8;6;2;9;9;7;6;9;7;8;3;3;0;4;1;2;3;2;3;6;Cloud Architect
6;4;2;1;3;5;0;2;1;8;9;9;0;9;3;2;5;8;3;8;Machine Learning Engineer
6;6;2;7;0;1;0;1;8;6;6;1;1;0;8;1;5;7;0;4;DevOps Engineer
1;8;8;4;3;2;1;2;9;3;2;8;5;9;8;4;8;6;2;9;Embedded Systems Engineer
8;2;6;6;3;8;7;9;8;8;9;1;7;6;3;2;9;0;0;5;Computer Programmer
8;3;4;5;0;0;2;2;4;5;4;0;3;7;2;3;0;4;1;0;Full Stack Developer
2;6;3;3;3;7;1;9;9;6;4;5;3;5;6;7;9;2;2;9;Quality Assurance Engineer
6;5;6;9;9;0;4;5;1;7;3;5;8;6;0;6;5;1;9;8;Cloud Architect
1;7;9;4;8;3;0;2;4;3;5;8;9;0;0;5;0;0;2;4;Network Engineer
6;4;2;8;8;8;9;0;4;3;5;9;5;5;9;3;4;0;5;5;Front End Developer
0;0;1;0;4;6;6;7;0;5;9;7;4;7;3;0;7;6;6;1;Computer Systems Analyst
7;5;8;0;8;9;8;5;2;6;7;2;4;5;8;8;5;5;9;6;Software Tester
6;9;9;3;9;2;1;4;6;3;8;6;5;6;6;2;1;2;3;5;Digital Marketing Specialist
4;6;6;3;7;6;6;7;9;6;6;2;0;3;4;8;4;5;8;8;Front End Developer
4;8;8;3;5;6;6;8;6;3;6;2;2;3;8;4;6;7;2;9;UI/UX Designer
8;0;1;0;2;6;0;5;7;4;4;1;5;9;8;8;5;1;6;6;Computer Programmer
7;1;2;2;2;6;7;7;8;2;1;0;5;5;4;7;2;4;2;0;Computer Systems Manager
5;4;0;7;7;6;1;3;0;1;1;5;1;5;2;9;5;2;9;7;Blockchain Developer
6;9;9;7;1;7;2;5;7;8;5;4;6;3;4;7;7;8;5;9;IT Support Specialist
8;5;3;3;6;5;5;6;1;1;3;6;4;8;1;3;0;7;7;3;Computer and Information Research Scientist
7;4;7;2;1;1;1;1;5;7;2;3;6;1;1;0;6;9;4;6;Software Engineer
8;7;8;4;6;2;5;3;4;0;3;9;8;2;3;3;6;9;3;2;Software Developer
7;9;3;3;0;9;5;5;7;7;6;7;2;8;0;3;0;0;9;3;Software Tester
6;1;3;2;2;1;2;2;1;9;8;8;4;6;2;1;7;5;5;8;IT Sales Professional
6;7;4;0;5;9;8;3;7;7;0;2;9;1;7;1;1;4;7;3;Network Administrator
6;0;1;6;9;3;6;9;3;9;2;8;6;8;2;0;8;2;7;9;Research Scientist
2;9;2;1;9;1;9;5;3;4;5;9;3;4;5;6;9;8;6;1;IT Sales Professional
7;6;5;3;1;5;7;9;0;4;1;1;6;6;3;0;6;9;2;9;Cybersecurity Analyst
1;5;0;7;6;2;5;6;7;8;8;7;1;9;8;4;6;5;0;1;Full Stack Developer
9;1;3;7;5;5;5;8;5;0;2;9;5;9;4;7;2;0;9;8;Computer Hardware Engineer
0;7;6;8;9;1;0;5;5;6;8;3;0;9;0;9;4;6;9;8;Computer and Information Systems Manager
7;7;9;3;3;4;5;4;9;0;9;9;5;2;2;1;9;8;1;9;Full Stack Developer
9;1;2;5;7;1;3;8;9;0;0;5;9;3;1;3;6;3;3;9;IT Consultant
7;4;6;1;1;6;8;5;8;5;5;7;6;8;3;7;1;1;1;4;Computer Science Teacher
5;5;5;1;7;6;8;2;6;0;7;5;4;9;4;9;7;0;1;7;Quality Assurance Engineer
1;0;9;5;7;1;2;9;6;9;0;2;0;8;6;4;2;0;2;6;Machine Learning Engineer
2;2;3;1;1;9;9;5;7;7;6;4;8;4;4;4;4;3;1;3;IT Project Manager
3;0;5;7;7;0;2;6;9;0;1;3;5;3;6;4;0;8;0;2;IT Sales Professional
0;6;8;1;8;4;1;4;1;3;9;8;0;8;8;2;5;8;8;2;Software Engineer
7;5;0;0;1;1;8;4;0;6;1;3;8;6;2;0;7;9;4;3;Computer Systems Analyst
9;5;1;0;5;5;2;7;0;9;7;1;1;7;5;2;9;1;6;6;Computer Systems Manager
5;0;6;6;8;3;4;2;2;3;7;7;0;4;7;8;8;0;8;8;Embedded Systems Engineer
0;7;2;1;0;9;7;2;1;6;7;5;2;3;5;7;8;8;3;3;IT Support Specialist
3;6;9;5;4;3;1;9;9;8;1;8;2;5;0;0;3;7;8;2;Network Administrator
9;3;7;6;4;0;7;0;3;2;5;7;9;8;9;7;9;3;6;9;Quality Assurance Engineer
4;9;5;1;4;7;4;1;7;0;5;2;6;3;7;7;2;9;3;8;Computer Science Teacher
7;1;1;1;2;4;1;6;2;9;6;7;8;5;9;8;3;2;7;7;Software Engineer
7;3;6;3;6;6;9;2;7;4;2;2;9;2;7;7;5;3;8;6;IT Support Specialist
6;6;7;5;5;7;3;8;5;7;3;6;9;8;6;0;6;8;4;1;IT Sales Professional
5;6;7;5;1;9;4;7;6;6;9;6;7;6;8;2;3;2;3;5;Computer Programmer
7;7;5;1;3;4;2;0;6;5;6;9;7;5;9;4;1;1;2;8;Database Administrator
1;8;2;3;4;2;9;5;0;4;1;7;0;8;4;1;2;9;0;9;IT Consultant
8;7;2;9;8;3;4;1;7;9;6;2;5;9;1;1;7;4;4;0;Machine Learning Engineer
2;9;5;7;5;6;3;7;3;2;6;0;8;8;6;8;3;1;5;7;Computer Science Teacher
1;2;2;9;2;3;0;2;2;8;6;5;1;4;5;9;5;5;1;9;Full Stack Developer
5;9;3;7;0;6;9;0;6;9;4;1;5;1;3;3;2;4;1;1;Computer Hardware Engineer
7;2;5;7;8;1;5;0;1;0;8;8;5;5;8;3;5;6;7;4;DevOps Engineer
5;7;8;9;4;5;5;4;1;7;6;0;2;3;6;0;8;6;9;2;Full Stack Developer
0;6;4;1;2;1;9;4;6;6;2;2;5;1;3;6;1;9;0;7;Front End Developer
6;7;2;1;7;7;2;3;3;2;3;7;6;5;5;8;4;9;6;3;Business Intelligence Analyst
6;9;9;3;6;7;5;9;2;0;9;8;3;8;9;3;9;3;2;7;Computer Systems Analyst
2;8;6;5;3;8;9;9;5;6;2;9;4;4;2;5;4;5;5;6;Computer Hardware Engineer
5;4;2;4;1;5;4;8;7;4;5;0;7;1;6;7;7;1;6;9;Software Engineer
3;4;4;2;5;2;3;1;4;4;3;5;1;9;0;4;5;1;4;2;Business Intelligence Analyst
7;2;8;8;7;9;4;5;0;6;7;1;4;2;8;9;7;1;7;3;Cybersecurity Analyst
7;6;3;8;8;6;0;1;5;2;9;6;7;8;6;2;2;4;6;5;Artificial Intelligence Engineer
7;6;7;3;7;8;9;4;8;3;8;2;0;7;0;3;2;7;4;1;Web Developer
9;0;0;4;4;2;9;6;2;7;3;9;1;8;7;3;4;9;9;0;Artificial Intelligence Engineer
1;4;0;7;7;6;7;6;4;9;9;4;6;8;4;6;3;3;2;8;Technical Writer
8;7;8;0;7;7;1;5;5;7;3;5;3;8;1;5;0;7;1;3;Database Administrator
6;5;7;0;2;1;4;0;2;2;3;1;6;0;8;2;0;7;9;3;Computer Network Architect
4;4;3;6;1;8;1;7;7;1;3;6;0;4;2;9;4;4;0;7;Computer Systems Manager
5;8;4;9;4;7;8;2;1;5;8;1;8;5;3;3;4;5;9;9;Systems Analyst
7;1;0;1;5;9;7;6;3;9;2;5;4;9;0;4;0;5;0;3;Digital Marketing Specialist
5;1;5;1;5;2;4;1;2;9;3;3;5;5;9;4;4;4;1;4;IT Support Specialist
7;1;1;7;2;6;5;7;2;0;0;3;6;2;9;5;7;7;9;3;Machine Learning Engineer
0;4;2;6;5;8;0;3;4;7;1;1;8;5;2;7;7;1;9;8;Web Developer
5;2;6;5;9;4;7;3;8;0;7;6;5;4;9;7;8;9;9;8;Digital Marketing Specialist
5;8;9;1;0;0;8;7;3;8;4;2;6;0;0;9;8;8;8;0;Mobile App Developer
5;6;2;9;4;7;1;1;9;0;9;9;7;0;6;4;5;3;6;4;IT Sales Professional
0;1;8;3;6;3;9;7;9;2;7;1;3;0;7;0;2;1;4;7;Cybersecurity Analyst
0;9;3;1;5;9;5;9;8;5;6;0;4;7;5;6;3;9;8;7;DevOps Engineer
0;0;4;4;9;8;8;6;8;5;2;0;2;0;5;7;5;7;1;1;Data Scientist
9;7;2;4;7;5;9;1;6;1;4;4;2;9;5;9;0;8;1;6;IT Sales Professional
7;1;4;8;5;1;8;5;7;3;6;8;2;6;9;5;8;3;5;7;Front End Developer
6;0;5;4;0;7;2;4;4;7;4;0;9;4;2;1;2;1;8;9;Machine Learning Engineer
5;0;4;0;9;1;2;9;3;3;1;0;8;9;7;8;1;5;1;8;Back End Developer
2;3;2;4;2;7;2;3;5;6;0;8;1;2;3;8;9;6;5;6;Technical Writer
1;0;0;2;1;2;4;9;1;8;4;5;9;7;5;6;5;3;9;3;Network Administrator
6;6;0;8;5;4;4;1;4;4;0;0;6;4;1;4;6;7;4;8;Game Developer
2;5;1;6;7;5;3;9;6;0;6;3;6;1;9;8;7;5;5;0;Database Administrator
9;2;7;7;6;8;8;6;7;2;7;7;5;2;2;1;8;1;0;3;Computer and Information Systems Manager
9;4;9;3;7;1;2;8;5;1;4;1;0;3;4;5;3;6;7;1;Full Stack Developer
0;6;3;0;2;9;2;7;3;2;6;9;3;4;7;9;3;4;4;3;Technical Writer
3;4;4;0;9;3;6;2;4;9;2;0;1;7;8;3;6;5;2;3;Computer Network Architect
3;3;8;3;0;3;3;8;4;5;6;9;4;3;0;3;4;2;4;0;Network Administrator
3;3;1;5;1;6;2;8;1;9;5;7;7;5;8;4;2;2;1;8;Network Engineer
8;7;6;4;8;4;0;3;4;2;7;5;2;7;6;2;8;4;4;2;Computer Systems Analyst
0;8;3;2;1;7;8;2;6;7;6;7;3;5;9;8;3;5;2;3;Digital Marketing Specialist
7;1;8;8;4;9;1;7;2;2;6;6;3;0;6;3;8;6;3;1;Data Scientist
1;7;9;5;0;1;3;0;8;2;1;3;7;4;9;5;8;8;9;5;Computer Programmer
6;6;6;9;2;9;0;1;9;1;2;5;7;5;1;2;6;1;0;8;Software Developer
9;7;7;9;7;5;7;7;9;3;6;1;9;9;3;2;7;0;7;4;Software Developer
7;2;4;0;8;5;4;1;0;3;3;6;0;8;9;1;0;5;2;8;Network Engineer
8;3;8;0;0;6;8;6;1;5;1;0;6;5;3;0;7;7;5;9;Computer and Information Systems Manager
1;6;6;6;3;1;0;9;3;3;8;0;8;2;3;5;4;5;4;3;Data Scientist
9;3;7;2;4;0;9;7;6;5;6;6;2;5;1;3;8;5;8;4;IT Sales Professional
3;2;0;8;0;5;4;6;6;1;4;7;5;1;1;1;9;9;4;4;Software Developer
3;7;4;4;5;8;4;4;3;5;7;6;6;9;9;9;1;9;2;3;Front End Developer
5;4;1;4;8;7;1;1;5;7;4;7;7;6;4;6;3;3;2;8;Network Administrator
4;9;2;1;8;2;8;9;1;0;3;8;4;3;4;7;4;8;6;0;Embedded Systems Engineer
9;7;5;6;7;9;6;8;9;8;4;0;6;6;2;3;1;3;4;4;Software Engineer
6;0;1;2;6;5;5;4;5;6;1;8;1;9;0;4;9;7;3;2;Game Developer
5;0;5;0;8;0;3;1;8;3;7;5;2;8;9;5;1;9;0;0;Computer Science Teacher
0;2;6;8;6;9;7;9;1;5;0;8;8;0;8;6;6;9;1;5;IT Support Specialist
2;9;1;1;8;4;4;8;9;4;0;1;7;8;1;5;6;0;7;4;Computer and Information Systems Manager
8;4;4;0;9;2;7;9;6;6;6;6;2;2;0;6;1;8;4;1;Computer and Information Systems Manager
6;9;4;3;4;6;8;7;9;7;0;0;6;7;5;3;9;6;8;4;Mobile App Developer
8;5;6;4;8;3;0;8;6;7;6;1;7;3;6;8;4;7;9;5;Web Developer
5;2;6;0;5;4;4;2;2;0;8;1;6;3;5;5;9;3;8;5;Cybersecurity Analyst
8;9;6;3;5;1;3;7;3;2;8;5;0;1;1;5;0;2;6;2;Database Administrator
0;2;8;9;1;8;0;9;5;3;4;8;9;8;9;1;9;7;6;1;Technical Support Engineer
0;0;0;7;7;7;3;4;7;7;4;3;2;9;0;4;0;6;7;7;Business Intelligence Analyst
5;1;3;1;4;0;7;0;9;3;8;1;9;5;8;2;4;1;3;8;Embedded Systems Engineer
7;0;7;4;5;4;8;9;6;4;9;4;9;3;0;7;8;9;1;3;Software Tester
6;1;0;2;9;1;2;4;0;0;7;6;6;0;5;8;4;4;8;2;Computer Systems Manager
4;2;7;5;3;6;1;4;3;3;0;1;7;7;1;3;9;7;2;1;Technical Writer
9;4;2;7;7;1;9;8;0;6;9;0;0;2;2;9;0;8;1;2;Computer Programmer
9;5;7;3;0;1;2;8;2;7;9;4;8;5;7;4;9;7;1;5;IT Consultant
3;8;2;6;8;6;1;3;5;0;2;8;0;6;7;9;4;3;3;6;IT Support Specialist
3;4;0;6;3;3;8;8;1;2;4;9;7;0;2;6;5;6;5;0;Data Scientist
6;0;5;5;1;8;9;9;3;9;9;7;7;0;6;2;3;8;9;7;Artificial Intelligence Engineer
1;7;8;1;4;3;0;4;1;8;3;7;2;9;4;5;3;4;1;4;Network Administrator
9;1;3;9;7;9;9;4;8;8;8;2;9;1;2;0;3;4;9;6;Computer Systems Manager
2;1;9;7;3;9;5;6;9;1;1;5;6;5;7;0;2;7;4;8;Computer Network Architect
8;6;3;9;8;0;9;1;1;4;1;6;6;2;2;6;5;1;4;2;Back End Developer
8;5;6;1;5;9;8;6;7;3;7;7;9;5;0;2;6;9;6;4;Computer Systems Manager
6;3;3;5;2;8;7;9;8;6;2;9;7;9;8;4;9;8;9;3;Artificial Intelligence Engineer
2;6;2;3;9;3;0;5;7;8;8;2;1;5;6;4;3;1;9;6;Computer Systems Manager
2;3;2;0;4;6;2;2;3;0;4;2;1;6;7;8;7;3;2;7;Machine Learning Engineer
5;0;7;7;9;6;0;0;7;5;4;5;1;6;3;2;7;0;0;7;Game Developer
9;5;5;6;8;6;5;4;7;8;1;8;5;6;2;7;2;6;3;4;Computer and Information Systems Manager
3;4;3;3;4;9;3;1;8;0;0;1;8;5;5;5;2;5;9;3;Computer Systems Analyst
9;0;0;3;0;0;0;7;0;7;2;1;9;8;9;6;3;7;1;8;Full Stack Developer
1;6;7;9;0;0;5;2;2;1;1;7;8;6;7;5;7;6;6;7;Computer and Information Systems Manager
3;2;9;7;6;0;0;0;3;0;5;3;9;1;1;3;2;2;6;3;Database Administrator
1;3;0;8;8;4;9;5;5;8;2;5;7;8;1;2;0;7;3;1;Business Intelligence Analyst
0;4;5;2;0;8;0;0;2;2;0;3;1;2;4;0;6;1;1;9;Software Engineer
4;0;7;0;7;9;0;0;4;0;2;4;6;7;7;8;5;5;5;9;Machine Learning Engineer
1;3;1;4;1;7;2;9;2;5;6;6;5;2;6;6;7;5;7;4;Artificial Intelligence Engineer
9;9;3;0;7;5;6;6;8;7;6;5;1;5;9;8;1;5;7;5;Research Scientist
1;1;5;8;5;3;3;8;3;6;5;3;4;2;6;8;9;8;0;8;Cybersecurity Analyst
3;0;6;2;1;8;3;3;1;0;6;9;7;7;8;6;2;5;5;4;Network Administrator
9;7;3;8;9;4;5;7;9;7;0;2;0;3;6;3;0;4;4;0;Computer Hardware Engineer
7;4;5;4;5;2;4;9;2;4;8;3;3;0;9;6;3;2;6;2;Technical Writer
4;1;2;1;5;5;6;8;0;9;9;0;5;8;9;4;7;2;9;2;Cloud Architect
8;8;0;4;8;0;2;6;0;6;4;0;4;4;4;3;6;1;1;1;Game Developer
8;6;0;6;3;2;2;7;0;8;3;2;0;1;3;5;2;4;6;2;Front End Developer
5;1;0;4;4;1;2;4;7;0;5;7;0;1;7;5;2;1;3;6;Network Engineer
5;1;6;7;7;2;0;8;8;8;1;8;7;0;4;4;3;3;0;4;Software Developer
7;1;9;1;1;0;8;3;3;6;3;4;5;7;0;6;4;1;0;8;Back End Developer
8;6;7;9;3;9;9;6;5;8;7;9;1;8;5;0;3;4;3;7;Digital Marketing Specialist
1;1;1;1;7;9;7;5;9;2;2;1;9;0;7;6;6;2;8;7;Embedded Systems Engineer
3;6;6;9;2;5;7;0;4;4;2;4;1;2;3;0;6;7;3;4;Computer Network Architect
2;3;3;3;5;1;7;0;0;2;0;3;6;9;1;4;2;1;9;5;Machine Learning Engineer
7;2;0;4;1;8;3;8;8;2;7;7;5;7;1;0;8;6;7;4;Computer and Information Systems Manager
0;0;5;0;9;6;4;7;9;4;5;7;0;7;0;1;4;2;3;1;Data Scientist
4;1;6;2;6;4;2;6;8;9;7;2;3;6;7;1;1;7;8;6;Network Engineer
7;9;8;6;0;9;0;7;7;8;2;1;9;6;0;2;7;7;0;6;Full Stack Developer
0;4;6;5;7;8;6;0;5;3;3;2;9;7;5;2;5;7;5;6;Systems Analyst
3;0;9;1;9;5;1;5;1;6;8;4;2;3;4;1;5;3;0;3;Front End Developer
2;9;1;1;4;5;4;6;2;3;8;8;1;8;4;8;8;2;4;3;Network Administrator
9;7;6;8;2;2;4;6;2;0;6;8;7;1;4;6;2;1;5;9;IT Consultant
8;7;8;7;4;5;3;0;0;8;2;0;1;6;6;6;2;1;5;8;Computer Hardware Engineer
8;5;4;8;2;1;6;1;5;3;4;7;5;9;8;0;2;1;3;6;Technical Support Engineer
3;0;9;3;5;2;7;2;0;7;2;2;3;2;8;1;5;9;0;9;Technical Writer
3;9;0;2;4;9;2;4;5;0;0;1;3;3;6;0;0;0;8;3;Computer and Information Research Scientist
1;7;9;2;4;9;7;0;8;1;4;1;0;2;9;4;5;9;6;3;Game Developer
9;4;8;5;6;3;6;7;0;7;2;6;0;3;8;1;8;8;7;9;UI/UX Designer
3;8;4;2;7;3;5;6;0;9;9;7;2;4;1;5;6;8;5;9;Game Developer
7;9;8;7;2;4;3;9;1;3;2;0;8;3;8;6;4;2;0;1;Business Intelligence Analyst
0;1;0;9;0;3;6;4;5;9;5;8;7;9;3;2;4;3;8;8;Computer Systems Manager
6;1;3;9;0;4;5;7;2;6;0;2;1;9;7;5;8;9;8;4;UI/UX Designer
7;7;9;9;9;7;3;1;8;5;8;1;9;4;9;4;7;1;3;2;Blockchain Developer
5;0;1;6;0;2;1;0;3;9;8;0;0;9;8;4;8;2;7;8;Front End Developer
5;7;4;8;8;0;0;3;6;1;2;9;8;1;5;7;7;4;1;1;Blockchain Developer
9;6;5;2;7;2;7;2;2;1;0;9;6;4;6;3;3;5;5;1;Computer and Information Systems Manager
9;3;0;5;5;9;7;7;9;1;1;6;5;4;3;8;4;8;3;6;DevOps Engineer
1;2;7;8;6;0;7;7;6;5;3;2;4;1;1;9;7;4;6;9;Web Developer
3;4;0;2;6;2;1;7;7;6;5;9;1;3;4;1;4;2;0;0;Network Engineer
4;4;6;4;3;8;9;7;7;2;4;4;7;9;1;4;4;1;2;2;Front End Developer
6;5;6;6;9;8;1;5;9;8;2;0;5;3;6;4;2;3;9;5;Embedded Systems Engineer
2;3;1;9;4;9;3;5;3;3;3;8;0;3;8;4;1;7;3;4;Blockchain Developer
1;8;1;3;3;5;1;3;8;7;2;5;5;1;0;1;8;1;7;2;Cybersecurity Analyst
8;9;6;1;7;4;7;3;5;3;8;0;8;9;3;1;9;6;8;2;Digital Marketing Specialist
5;8;8;8;9;2;5;5;0;2;7;2;8;2;9;2;5;4;9;7;Computer Network Architect
7;9;1;6;5;0;2;1;4;6;9;6;4;3;4;9;9;6;9;1;Computer Programmer
0;0;2;3;6;1;1;6;3;7;0;3;0;5;8;9;2;0;9;5;Systems Analyst
6;6;3;2;2;8;2;8;3;4;2;0;1;3;9;3;5;6;0;9;Web Developer
5;0;3;3;7;7;5;6;9;6;6;7;5;2;4;1;3;1;6;5;IT Sales Professional
7;1;3;3;7;2;4;1;7;9;7;2;3;9;1;9;0;7;6;7;Computer and Information Systems Manager
2;9;0;7;9;1;2;0;9;5;9;6;1;3;8;3;7;2;9;6;Software Engineer
0;5;7;1;4;8;0;6;7;3;3;8;5;8;1;4;2;8;6;2;IT Sales Professional
2;5;3;6;3;1;6;3;8;8;9;4;7;5;8;3;9;6;8;9;Blockchain Developer
1;8;6;0;2;3;9;2;1;8;0;3;6;4;7;1;0;5;4;3;Computer Science Teacher
0;1;3;6;1;3;4;8;4;9;7;3;1;4;1;6;1;0;6;8;Cloud Architect
9;4;3;5;8;3;6;5;8;8;5;2;7;7;1;0;8;2;9;9;Computer Science Teacher
4;7;3;1;3;9;5;9;6;4;3;3;8;8;2;3;6;5;2;8;Software Tester
4;3;7;9;2;8;4;6;5;7;6;7;5;2;8;3;9;1;0;4;Data Scientist
7;7;0;1;7;5;4;7;7;5;4;1;8;8;5;9;2;9;2;6;Front End Developer
8;4;3;9;1;4;3;5;9;0;9;1;6;2;2;1;3;7;7;8;Blockchain Developer
3;8;7;7;4;1;8;7;0;1;9;2;1;6;3;2;5;0;0;8;Software Developer
3;3;5;7;5;5;1;9;4;1;0;4;0;1;0;2;0;5;5;0;Computer Hardware Engineer
0;7;2;3;5;9;8;0;1;6;8;6;1;7;8;2;8;0;3;5;Computer Network Architect
1;4;0;7;3;8;5;4;7;7;4;7;2;3;3;9;1;3;4;7;Computer and Information Research Scientist
2;8;8;6;9;3;3;0;4;8;8;0;2;9;0;7;8;3;8;8;Blockchain Developer
8;8;1;7;3;6;9;6;5;5;4;9;0;4;3;3;6;8;2;3;Cloud Architect
3;9;2;0;3;3;0;0;2;5;1;2;5;6;6;8;8;7;8;1;Embedded Systems Engineer
7;5;0;5;3;2;0;6;0;2;8;9;9;9;6;3;3;8;6;2;DevOps Engineer
6;6;5;2;8;4;1;3;4;8;1;0;0;0;1;3;7;0;1;1;Research Scientist
2;9;5;3;4;3;2;1;8;7;0;2;0;8;4;9;7;5;6;1;Blockchain Developer
2;6;8;1;2;5;8;5;8;2;7;2;8;1;5;4;7;8;3;1;UI/UX Designer
9;4;6;0;1;9;1;6;2;8;3;6;0;4;7;5;1;8;5;3;Computer Systems Manager
4;4;1;0;9;4;8;3;6;6;6;6;4;2;6;4;6;4;0;4;Software Developer
7;7;7;3;8;2;5;9;0;7;2;0;5;5;6;0;9;9;2;3;Mobile App Developer
3;8;0;3;7;1;0;0;2;5;7;8;0;6;3;1;2;2;1;6;Computer Systems Manager
4;5;5;4;8;6;2;4;8;2;8;4;2;4;9;0;9;8;5;4;Computer Science Teacher
7;1;9;4;3;1;3;6;0;6;7;3;2;6;7;6;6;8;6;8;Back End Developer
7;0;9;5;2;6;7;3;6;1;9;5;5;7;5;7;5;4;2;0;Embedded Systems Engineer
5;9;3;0;4;8;0;4;6;2;8;6;9;2;4;7;2;3;5;6;Network Engineer
2;4;9;5;6;6;7;7;5;3;8;4;3;4;0;3;5;5;3;4;Network Administrator
0;0;7;4;0;7;5;5;0;3;1;6;0;6;1;1;4;8;8;2;Machine Learning Engineer
4;6;3;8;1;1;2;2;8;2;4;0;3;0;6;1;7;5;9;0;Technical Writer
9;7;4;3;2;2;2;7;6;2;2;2;8;3;6;1;9;2;1;9;Computer and Information Systems Manager
6;1;7;5;9;7;0;1;1;1;2;6;9;1;3;8;4;8;7;2;Computer and Information Research Scientist
0;2;1;9;6;7;0;4;6;6;2;2;6;9;1;6;2;2;3;1;IT Project Manager
4;7;1;1;2;9;6;0;9;4;6;1;7;9;8;4;7;9;3;4;Blockchain Developer
2;3;1;2;8;6;6;9;3;2;1;5;4;3;8;0;2;6;3;4;Embedded Systems Engineer
5;4;4;4;8;3;0;9;4;0;4;3;3;4;7;4;0;7;0;2;IT Support Specialist
0;6;0;7;1;5;4;1;0;1;9;6;7;0;1;9;1;3;7;6;Cloud Architect
0;5;5;2;5;6;6;2;6;2;4;7;2;6;4;0;3;7;1;0;IT Sales Professional
9;4;2;6;2;1;6;5;7;9;6;5;1;3;3;9;3;4;4;9;Network Administrator
7;8;9;2;4;0;8;2;0;7;4;9;6;6;9;3;4;2;8;4;IT Project Manager
6;6;0;7;6;1;0;6;8;9;5;3;4;6;4;5;2;8;9;9;Computer Network Architect
1;1;0;3;9;7;4;1;0;4;7;5;0;7;6;0;4;2;1;0;IT Consultant
5;8;0;5;4;9;5;5;9;9;2;8;6;2;1;3;6;6;1;6;IT Consultant
6;2;3;2;2;0;7;1;5;8;5;6;3;8;9;6;7;4;9;2;IT Support Specialist
7;6;2;4;3;0;8;2;7;2;3;3;5;5;8;5;0;5;0;0;Computer Systems Analyst
0;4;4;3;1;0;7;0;8;3;3;4;6;4;0;7;4;8;1;2;DevOps Engineer
6;3;8;5;1;2;4;9;9;5;9;3;6;2;5;1;8;7;8;6;IT Project Manager
3;8;2;3;2;3;3;6;2;1;5;5;8;3;8;9;9;5;4;4;Technical Support Engineer
2;1;6;0;9;3;6;4;9;3;1;9;6;2;6;4;0;3;3;1;Business Intelligence Analyst
6;9;5;6;0;6;2;0;7;4;8;7;7;1;5;2;9;3;9;7;Machine Learning Engineer
4;0;6;0;8;6;8;3;0;9;0;6;6;6;5;1;5;6;2;4;Cybersecurity Analyst
1;4;0;4;7;8;7;0;3;1;5;6;3;6;3;0;0;6;8;9;Quality Assurance Engineer
4;6;1;5;5;1;8;0;6;9;5;8;7;1;1;4;4;9;8;6;Cybersecurity Analyst
4;0;8;3;2;6;1;7;6;7;8;5;7;6;7;2;4;3;3;3;Blockchain Developer
7;1;9;3;2;2;6;2;6;5;7;1;5;1;1;3;8;5;6;2;Software Developer
6;4;5;9;1;7;1;6;0;8;5;1;2;4;6;4;1;2;9;0;Computer Systems Analyst
0;5;8;2;6;3;7;5;5;3;1;3;7;6;7;7;9;4;3;4;Artificial Intelligence Engineer
3;6;8;6;6;8;4;7;4;6;5;9;9;5;8;0;3;0;5;3;Cybersecurity Analyst
2;4;8;5;4;5;8;2;7;9;9;2;4;5;6;0;0;7;8;0;Back End Developer
1;6;6;3;9;6;7;4;6;8;7;7;8;4;2;3;9;2;7;5;UI/UX Designer
8;9;6;5;9;3;4;7;6;0;4;7;4;9;3;5;6;6;3;4;Technical Writer
1;1;7;3;0;0;0;8;8;3;5;9;2;3;5;3;2;9;6;2;Business Intelligence Analyst
3;4;2;7;5;7;9;1;5;1;2;3;2;1;0;4;4;6;4;4;Technical Support Engineer
7;5;8;5;7;2;7;7;1;4;3;5;2;1;9;7;0;5;1;7;Computer and Information Systems Manager
4;0;6;9;3;1;9;2;6;0;3;1;4;0;3;0;0;4;8;7;Technical Support Engineer
8;4;4;3;8;0;3;8;4;7;2;3;5;9;9;8;9;8;0;0;Business Intelligence Analyst
5;0;2;5;5;1;7;5;6;1;9;6;3;7;7;7;4;3;6;0;Computer Systems Analyst
7;0;6;1;4;8;1;8;2;6;1;2;2;3;9;3;8;9;7;6;DevOps Engineer
1;0;5;2;2;2;3;7;9;7;1;6;4;3;6;0;4;7;6;0;Software Engineer
4;2;3;4;9;3;6;1;3;8;6;9;9;0;2;0;1;0;4;9;Computer Network Architect
0;5;1;6;6;7;8;1;3;8;1;6;9;4;8;7;6;8;6;5;Technical Writer
1;8;7;6;6;3;6;7;8;3;1;5;2;9;0;4;0;0;8;1;Systems Analyst
1;5;9;1;6;8;8;1;2;1;8;3;6;8;0;4;9;8;6;2;Database Administrator
5;8;1;1;0;4;1;7;7;3;9;9;1;2;9;8;5;0;9;2;Network Engineer
5;1;7;6;5;7;7;6;3;8;2;1;2;3;4;0;5;4;3;4;Research Scientist
1;7;7;0;5;7;6;2;7;4;9;4;7;6;0;8;7;5;0;3;Digital Marketing Specialist
3;2;9;6;0;9;7;7;7;1;6;4;3;3;4;1;8;4;1;2;IT Consultant
0;8;0;7;2;1;0;5;0;7;2;7;0;9;4;1;5;0;3;3;Back End Developer
1;9;7;6;0;8;4;5;5;7;2;8;5;1;1;9;9;7;4;3;Machine Learning Engineer
2;9;9;7;5;3;4;8;7;9;7;6;8;2;4;1;6;5;2;0;Computer and Information Systems Manager
0;5;2;6;3;0;8;2;1;2;0;8;3;0;6;5;3;5;0;0;Data Scientist
2;0;0;4;2;2;3;3;2;2;0;3;0;0;9;8;5;1;8;4;Computer Network Architect
8;3;0;4;4;9;8;3;0;1;0;4;5;2;2;4;9;6;0;1;Software Engineer
9;6;7;7;9;7;4;5;2;0;3;1;9;8;2;7;3;4;2;9;Software Engineer
9;8;0;4;0;3;6;9;7;3;1;0;5;2;5;4;5;2;5;4;Embedded Systems Engineer
4;3;6;8;8;9;1;9;1;6;1;2;4;3;2;5;1;6;3;2;Technical Support Engineer
5;3;3;3;4;0;6;2;6;3;9;9;3;0;5;5;9;9;3;1;Computer Hardware Engineer
5;0;5;4;5;1;2;7;0;1;2;7;2;3;5;4;2;7;1;6;IT Sales Professional
9;8;2;7;0;1;3;0;2;2;7;8;7;2;9;4;8;9;5;7;IT Project Manager
0;7;7;1;2;9;3;6;6;5;5;1;3;2;9;3;1;4;5;7;Research Scientist
0;1;4;6;1;8;1;3;9;2;0;7;6;0;8;2;4;9;2;8;Computer Hardware Engineer
1;8;5;3;1;0;4;9;6;2;2;3;5;5;9;8;6;6;9;3;Game Developer
0;5;9;0;2;2;4;4;1;7;0;2;2;3;8;8;1;9;9;6;Digital Marketing Specialist
8;0;9;9;1;6;8;7;6;0;7;9;2;5;6;8;0;7;4;8;Mobile App Developer
2;1;9;4;7;3;5;0;9;4;8;6;8;3;6;5;3;2;1;9;Back End Developer
5;2;5;5;2;5;1;0;2;9;6;3;3;8;9;0;6;0;1;8;Cloud Architect
3;0;7;9;2;0;6;7;1;9;6;4;5;8;7;4;6;1;7;6;Game Developer
1;5;9;9;4;0;0;5;6;6;6;9;0;6;4;9;7;6;9;9;Systems Analyst
9;4;0;0;4;0;3;8;6;6;8;6;2;2;1;3;1;8;7;0;IT Consultant
9;3;9;3;1;5;5;2;1;3;2;4;5;2;6;4;6;1;1;3;Technical Writer
2;3;8;7;3;1;5;6;7;7;3;7;2;1;5;0;5;7;7;2;Digital Marketing Specialist
7;8;5;1;7;8;0;0;9;9;0;2;3;0;9;7;9;8;0;2;Artificial Intelligence Engineer
2;0;8;4;4;6;5;3;0;6;3;1;8;2;4;8;8;3;4;3;Software Developer
6;5;3;4;0;2;1;2;7;3;9;2;1;9;0;2;1;8;3;2;Technical Writer
6;3;1;2;9;3;4;1;8;4;7;3;2;7;5;9;6;3;0;5;Blockchain Developer
2;3;9;8;0;2;9;5;0;8;0;2;8;2;3;6;1;4;3;5;Software Developer
1;4;7;0;0;2;5;5;3;3;3;8;7;1;2;0;6;6;0;3;Blockchain Developer
2;2;4;0;9;5;5;4;8;3;2;8;9;5;9;6;4;6;2;7;Systems Analyst
8;3;9;4;1;4;6;9;0;9;2;5;3;9;2;1;8;5;6;8;Computer Network Architect
7;2;4;2;6;5;2;6;6;3;7;7;9;4;5;5;4;5;7;4;IT Project Manager
5;7;4;1;9;3;7;8;9;1;5;0;7;7;9;8;7;6;5;3;Computer Science Teacher
7;3;5;9;9;5;4;2;7;0;5;9;9;3;0;8;9;9;3;6;Mobile App Developer
4;4;9;7;8;1;7;9;3;0;9;4;1;7;7;2;6;5;5;3;Research Scientist
8;6;0;5;4;1;5;8;5;0;6;6;8;9;4;3;6;9;2;9;Business Intelligence Analyst
3;4;0;1;0;5;0;4;6;5;4;3;5;6;2;3;3;2;4;6;Cybersecurity Analyst
7;4;9;9;9;7;3;2;1;2;9;2;5;9;6;2;7;2;2;8;Data Scientist
8;2;6;3;1;0;6;8;8;9;3;0;0;5;3;5;0;6;4;1;Research Scientist
0;5;9;9;2;1;5;3;6;8;8;3;5;2;2;4;6;3;2;3;Technical Writer
8;9;8;5;5;2;3;4;2;7;1;4;6;0;0;1;2;0;6;4;Game Developer
4;4;1;0;1;6;4;8;1;0;0;3;6;9;8;6;7;0;7;0;Technical Writer
5;3;7;5;4;0;2;2;6;6;2;6;7;0;9;3;7;7;0;5;Cybersecurity Analyst
5;8;9;2;9;4;8;7;8;7;4;7;8;3;5;1;0;1;8;2;Game Developer
0;2;3;3;3;8;5;3;1;7;4;1;2;2;8;4;3;5;3;4;IT Support Specialist
8;3;2;3;6;8;3;2;4;8;4;3;1;5;4;7;8;7;2;0;Computer Science Teacher
6;1;1;7;4;4;9;4;3;4;4;6;8;7;6;3;9;2;1;1;Quality Assurance Engineer
3;2;2;4;3;3;4;4;4;1;3;9;3;2;6;4;8;4;2;3;Software Tester
7;1;2;9;7;1;0;9;4;4;3;9;0;4;5;4;9;2;3;7;Computer and Information Systems Manager
8;0;7;3;6;1;1;0;9;8;6;1;6;4;9;4;8;2;9;9;Computer Programmer
3;5;9;7;6;1;6;2;9;8;9;3;8;5;7;6;9;8;8;3;Back End Developer
5;1;0;3;6;9;6;2;1;1;7;1;0;3;1;9;0;6;8;8;IT Project Manager
8;3;1;2;8;1;4;8;8;0;0;2;2;9;0;4;9;4;5;0;Database Administrator
5;2;8;8;4;8;8;2;4;1;2;4;7;5;9;4;4;1;2;8;Mobile App Developer
0;7;9;7;5;0;3;8;3;8;8;8;2;6;2;5;7;6;8;6;Computer and Information Research Scientist
6;3;0;2;7;7;2;4;5;3;1;9;8;7;6;2;2;7;9;7;Data Scientist
5;3;7;7;7;6;6;3;8;2;4;8;3;7;3;8;8;4;6;3;IT Support Specialist
5;6;0;9;9;5;7;8;3;7;5;0;0;7;3;9;4;3;1;4;Machine Learning Engineer
3;5;4;3;8;7;3;3;8;9;2;0;8;9;7;9;1;5;1;7;Software Engineer
6;8;4;1;4;9;2;1;5;7;7;7;1;9;6;9;1;7;8;0;Network Engineer
0;4;2;6;4;4;8;1;2;6;0;2;0;5;1;7;7;0;3;2;Front End Developer
1;7;0;7;0;9;9;4;8;3;5;9;8;6;7;5;4;0;0;1;Computer Systems Manager
6;9;8;3;3;5;9;5;9;5;9;6;3;7;0;1;7;5;3;9;Front End Developer
6;3;9;9;6;7;1;0;5;4;8;6;1;4;7;0;1;6;5;7;Systems Analyst
9;8;3;2;8;9;9;8;9;2;6;6;8;5;8;0;6;3;2;3;Machine Learning Engineer
4;5;1;0;2;0;6;9;4;3;8;5;0;3;0;0;5;4;9;8;Computer Systems Analyst
9;9;7;7;3;1;7;0;9;0;8;6;4;1;6;2;2;7;7;0;Network Engineer
4;3;8;2;2;6;6;3;5;9;4;0;3;6;3;9;9;3;4;7;Quality Assurance Engineer
9;3;1;0;8;7;8;4;6;2;6;2;8;4;6;0;7;3;0;4;Systems Analyst
4;5;0;6;6;4;5;2;6;7;6;4;4;9;5;9;8;9;8;9;Full Stack Developer
7;0;6;3;8;7;2;0;5;3;4;8;4;1;5;3;2;3;6;4;Full Stack Developer
2;2;5;1;1;4;4;4;4;3;2;9;7;1;0;1;1;5;0;5;Computer and Information Systems Manager
5;5;5;7;6;2;2;4;4;7;1;2;0;4;6;8;6;9;6;0;Software Engineer
7;8;0;7;6;0;8;3;5;8;9;0;7;3;4;8;1;0;5;6;Computer Systems Analyst
4;7;7;9;4;6;4;6;5;1;5;6;7;1;7;7;6;9;8;8;Software Developer
2;7;1;7;9;7;3;3;9;9;1;3;2;9;5;4;9;9;8;3;Systems Analyst
1;0;1;7;5;0;3;9;3;8;7;4;7;9;9;2;4;3;3;2;Front End Developer
7;6;0;5;4;9;2;4;5;5;8;8;9;3;0;2;8;2;4;7;IT Consultant
8;4;2;4;9;0;6;0;5;4;9;4;2;2;8;4;5;8;2;8;Machine Learning Engineer
3;8;2;6;6;1;7;4;2;1;9;7;6;4;9;4;8;8;0;6;Machine Learning Engineer
9;2;7;4;8;4;7;8;8;6;3;1;3;0;4;9;5;0;4;2;Game Developer
7;2;9;7;0;5;6;3;5;0;0;1;3;6;8;0;6;7;9;0;Software Developer
7;0;4;1;2;2;8;8;5;5;1;8;4;8;1;2;4;8;9;3;IT Sales Professional
5;4;7;8;3;7;1;7;5;4;1;3;6;1;7;2;2;6;7;0;Technical Support Engineer
3;2;4;3;8;7;6;6;2;2;7;1;9;0;5;5;2;0;5;6;Systems Analyst
5;3;1;3;7;5;4;6;7;7;3;7;2;9;3;4;0;5;0;9;Computer Network Architect
3;9;8;3;5;6;4;9;9;8;2;1;8;0;5;1;9;3;9;0;Digital Marketing Specialist
6;1;7;9;4;0;8;3;4;8;9;5;9;9;5;5;0;4;9;1;Mobile App Developer
2;1;9;7;1;4;9;4;5;0;7;8;2;0;1;8;5;3;6;1;Embedded Systems Engineer
1;5;0;4;1;2;3;4;1;5;2;8;1;3;3;4;1;4;2;8;Software Tester
4;4;2;7;3;6;7;5;8;3;5;8;3;3;6;9;9;4;1;4;Computer Hardware Engineer
6;8;1;3;9;3;3;9;7;3;0;4;7;7;2;7;7;9;7;7;Software Developer
9;2;1;2;7;9;8;2;8;2;6;6;7;3;2;3;0;3;3;7;Data Scientist
2;6;4;0;6;0;6;8;6;8;1;7;6;4;9;6;3;4;7;8;Network Engineer
9;0;0;7;3;2;1;0;9;0;9;4;5;6;0;0;3;4;9;5;Network Engineer
2;1;5;2;6;1;8;2;0;1;1;5;6;3;2;2;5;7;6;3;Database Administrator
5;5;0;2;5;7;3;3;1;4;3;2;1;6;3;1;6;3;2;2;Network Engineer
1;9;3;3;2;1;9;2;3;8;2;0;6;9;2;3;3;0;6;5;IT Project Manager
8;7;9;9;5;6;6;1;7;3;5;2;8;5;1;1;6;7;5;8;Computer Science Teacher
8;5;4;7;8;0;6;2;8;1;0;5;8;3;7;1;4;0;8;5;IT Consultant
4;3;2;6;2;0;9;3;2;9;5;0;8;6;8;7;4;9;9;4;IT Sales Professional
5;8;4;5;2;1;8;9;6;6;3;0;1;2;2;8;8;4;5;2;Machine Learning Engineer
9;9;6;1;7;3;8;8;4;8;1;1;9;3;2;8;9;2;9;2;Network Administrator
1;1;7;6;5;0;0;0;4;2;0;5;8;4;0;9;7;0;3;4;Network Administrator
4;8;7;8;9;5;5;9;6;3;0;8;1;4;7;0;6;3;3;2;Full Stack Developer
6;4;4;2;5;0;4;9;5;6;7;1;5;6;2;7;1;5;1;7;Mobile App Developer
0;0;4;3;2;7;3;8;1;4;4;0;9;6;4;6;1;9;1;1;Computer Systems Manager
3;3;7;6;5;2;4;4;6;5;3;8;8;5;7;0;3;3;8;2;Technical Writer
5;4;7;7;0;2;6;5;6;2;9;3;1;6;1;6;3;0;5;6;Business Intelligence Analyst
1;5;6;9;1;2;3;6;9;1;4;1;0;1;2;1;7;4;0;0;Machine Learning Engineer
2;8;0;4;5;8;8;2;8;4;1;5;8;5;1;5;3;7;2;1;Machine Learning Engineer
7;4;3;3;4;8;2;9;7;7;8;1;6;3;7;8;2;8;6;9;Systems Analyst
8;7;7;2;4;5;0;1;5;3;0;0;2;0;6;9;0;9;5;5;Network Administrator
0;1;9;7;4;1;1;2;0;8;0;3;5;2;1;0;9;0;6;8;Software Tester
6;5;2;8;3;4;0;6;6;6;6;7;3;4;9;0;4;9;4;2;IT Support Specialist
0;5;7;6;9;3;9;0;4;7;6;1;1;2;3;1;9;2;8;9;Software Tester
1;1;1;4;4;8;7;7;0;8;0;0;7;8;6;1;5;8;1;8;Front End Developer
6;9;3;4;9;7;8;6;4;8;5;7;6;4;7;6;6;6;0;0;Computer Hardware Engineer
1;4;7;1;2;6;3;5;1;1;3;1;7;1;8;2;2;3;0;0;IT Project Manager
2;8;6;8;3;9;6;6;6;4;5;2;0;8;8;8;8;4;4;2;Database Administrator
2;9;2;6;9;0;4;6;8;2;3;4;1;8;6;1;6;0;5;2;Quality Assurance Engineer
8;5;9;1;2;9;9;2;1;8;9;2;4;9;8;2;4;6;1;6;IT Consultant
3;4;3;8;8;1;8;3;8;0;6;9;0;3;6;6;4;5;1;6;UI/UX Designer
1;8;0;1;9;2;0;6;7;8;2;0;9;0;5;7;0;0;4;6;Cybersecurity Analyst
9;9;0;1;4;9;7;8;7;8;6;4;9;2;6;1;5;0;4;3;Cloud Architect
2;3;3;5;6;3;4;2;6;5;7;9;4;4;8;9;3;7;8;6;IT Sales Professional
8;8;8;3;1;9;5;5;4;0;4;6;8;8;3;4;6;7;6;3;Computer Science Teacher
2;2;4;4;6;4;7;3;3;0;3;6;2;1;1;6;1;0;1;0;Digital Marketing Specialist
1;1;6;1;9;9;3;8;0;2;1;3;7;6;0;6;4;8;7;0;Software Tester
3;8;6;7;5;0;6;5;5;9;4;8;8;4;2;8;5;9;3;2;Technical Writer
7;5;7;0;6;9;7;1;7;8;1;1;8;5;4;9;7;8;7;8;Computer Systems Analyst
2;2;4;5;7;2;9;2;1;5;2;2;6;6;4;5;1;6;4;8;Artificial Intelligence Engineer
4;4;2;5;1;6;1;6;4;5;7;3;8;9;8;7;5;8;3;9;Computer Programmer
3;7;7;2;4;8;4;0;2;2;2;9;8;5;1;7;8;1;0;4;UI/UX Designer
9;0;5;7;6;7;5;9;8;5;7;5;8;4;5;0;2;8;8;7;Web Developer
4;5;1;5;8;6;2;4;5;5;3;4;6;8;7;4;5;8;2;1;Computer Systems Analyst
7;4;0;4;0;5;8;7;4;9;8;2;8;2;0;8;6;0;4;5;Computer and Information Research Scientist
9;5;9;5;1;0;6;0;4;2;8;3;0;9;0;8;2;0;4;0;Artificial Intelligence Engineer
3;6;0;7;7;9;0;8;2;7;2;6;4;6;7;2;6;2;1;4;Mobile App Developer
2;6;7;9;7;4;5;1;5;4;9;1;8;1;0;2;4;1;7;4;Cloud Architect
3;1;0;2;5;8;4;6;5;5;0;5;8;6;1;5;7;0;0;6;IT Consultant
6;3;1;7;6;7;5;5;1;7;1;8;4;0;1;6;4;2;8;8;Cloud Architect
3;1;4;6;2;6;4;6;4;3;5;1;1;7;1;6;8;5;3;8;Network Engineer
3;7;9;7;2;5;1;8;9;8;8;6;0;1;2;7;7;8;5;0;Artificial Intelligence Engineer
2;5;9;5;9;6;1;6;5;0;3;2;4;2;1;2;9;8;5;2;Digital Marketing Specialist
4;9;4;7;2;3;4;6;7;3;8;2;5;8;2;0;4;5;4;4;Computer Systems Analyst
9;6;7;5;4;0;7;3;4;4;8;8;8;2;6;9;7;9;2;2;Computer Network Architect
4;2;8;9;5;3;0;6;6;5;4;3;4;7;4;8;3;1;6;7;Data Scientist
9;3;7;6;6;4;0;0;4;8;7;2;3;5;7;3;8;7;3;2;Game Developer
5;1;2;0;6;8;9;0;8;5;9;8;3;3;8;7;5;8;9;2;Embedded Systems Engineer
0;0;0;8;5;4;0;0;5;8;7;2;6;1;5;9;6;5;5;4;IT Support Specialist
0;2;8;3;0;6;8;0;6;1;7;7;5;6;8;5;0;4;3;8;Computer Hardware Engineer
8;0;5;1;0;5;2;9;5;9;4;6;2;1;7;6;5;9;4;6;Web Developer
0;2;1;5;9;3;3;5;5;2;1;0;2;4;6;7;4;1;6;9;UI/UX Designer
3;5;6;6;9;4;9;0;3;4;2;9;7;3;0;5;0;1;0;1;Cybersecurity Analyst
1;6;0;4;2;0;6;8;0;1;8;6;6;5;3;5;5;9;1;3;Digital Marketing Specialist
4;7;8;0;2;9;4;8;9;8;3;6;3;3;5;0;3;9;3;4;Technical Writer
7;7;9;0;3;7;3;4;6;5;8;5;7;3;3;5;8;1;0;8;Computer Science Teacher
2;5;4;5;4;2;6;0;8;3;5;5;0;3;5;7;3;9;0;8;Technical Support Engineer
7;3;3;8;8;0;4;0;2;0;4;6;1;1;0;5;2;4;5;9;Data Scientist
5;4;0;1;4;7;3;5;1;3;9;9;4;7;3;3;6;6;6;1;Quality Assurance Engineer
3;9;2;4;2;5;7;6;7;8;5;3;2;5;2;5;4;5;9;5;Cybersecurity Analyst
4;7;3;6;3;9;1;1;4;9;0;6;5;3;9;4;7;1;2;9;Embedded Systems Engineer
2;4;8;8;6;0;0;8;6;6;5;4;1;3;3;6;6;1;4;5;IT Consultant
9;6;5;6;8;6;4;2;8;2;3;7;3;3;8;0;1;5;1;3;Front End Developer
2;8;5;3;3;1;6;9;3;0;2;4;4;1;4;2;7;3;0;0;Cybersecurity Analyst
6;8;6;3;6;8;0;2;2;7;0;8;1;7;0;2;2;5;6;7;Quality Assurance Engineer
5;4;7;5;0;6;1;9;6;4;7;6;8;1;6;6;7;7;1;0;Computer Systems Manager
0;3;5;9;6;2;0;0;2;4;4;1;6;0;7;8;4;6;9;9;Systems Analyst
9;5;8;6;5;2;6;0;1;2;0;9;3;5;4;9;5;5;0;2;Cybersecurity Analyst
2;5;3;1;6;0;6;5;7;9;3;6;3;3;4;1;8;7;2;0;Front End Developer
0;4;7;2;0;5;9;3;9;1;7;1;8;9;2;7;3;7;2;8;Computer Science Teacher
8;6;8;5;2;9;8;0;7;5;0;0;5;1;9;0;5;3;2;7;Artificial Intelligence Engineer
2;6;0;5;8;8;6;4;2;3;7;5;3;4;0;8;4;1;8;3;IT Support Specialist
9;1;3;2;5;5;8;6;5;7;4;1;5;3;2;9;8;2;8;3;Computer and Information Systems Manager
7;1;6;6;5;4;7;0;3;1;7;7;6;7;4;8;7;5;5;4;IT Project Manager
9;8;2;2;2;7;8;4;1;7;6;3;9;1;9;8;5;2;5;5;Cybersecurity Analyst
8;2;6;5;1;9;6;4;7;7;7;3;1;0;6;6;9;7;7;2;Back End Developer
3;4;7;6;7;0;8;7;1;0;8;1;8;1;8;5;0;3;7;7;Back End Developer
4;9;4;4;2;4;7;7;2;5;5;0;5;6;4;9;7;4;4;3;Machine Learning Engineer
0;5;5;9;1;7;7;0;6;0;4;8;5;3;4;0;3;1;4;5;Database Administrator
4;0;2;9;8;4;7;4;4;0;7;3;5;9;5;7;7;5;2;4;Computer Hardware Engineer
4;4;1;8;2;8;1;2;2;1;9;1;9;6;0;0;0;6;7;7;Computer Hardware Engineer
1;4;6;8;1;3;3;7;7;0;6;1;5;1;5;1;5;8;9;2;Computer Science Teacher
5;9;5;6;7;3;1;7;6;4;9;1;3;1;8;1;1;2;1;3;Cloud Architect
6;7;2;9;4;1;2;7;7;5;5;9;0;5;2;5;3;6;6;0;IT Sales Professional
8;4;6;5;5;6;6;4;0;9;9;7;7;2;0;4;1;1;0;5;Artificial Intelligence Engineer
9;0;5;7;3;4;2;7;3;9;8;1;4;9;2;7;9;6;4;8;Software Engineer
6;5;5;8;1;0;9;0;1;3;2;0;3;3;0;9;6;2;9;1;Computer Programmer
3;7;8;2;3;1;1;9;8;5;7;7;4;0;9;6;8;7;0;9;Cybersecurity Analyst
4;5;1;3;2;7;0;0;4;5;8;7;1;2;2;1;8;8;7;8;Computer Programmer
0;5;4;3;2;2;1;8;4;3;1;6;4;4;1;4;2;7;2;8;Network Engineer
9;6;4;7;4;8;4;5;6;2;1;4;9;6;6;5;9;8;6;0;Software Tester
1;1;1;5;0;8;6;9;9;9;4;0;1;6;2;8;4;2;7;4;Software Developer
8;2;2;2;5;9;4;0;9;0;1;5;5;8;6;1;7;4;8;3;DevOps Engineer
0;0;4;9;3;3;1;6;3;6;4;3;7;3;5;1;8;0;6;0;IT Consultant
2;6;8;1;7;3;5;6;8;0;6;4;9;4;4;7;5;4;2;9;Digital Marketing Specialist
8;8;3;2;6;6;7;8;3;2;1;3;6;6;0;0;1;3;9;2;Machine Learning Engineer
6;8;2;8;0;5;0;6;2;1;5;6;2;4;8;1;1;2;0;4;Blockchain Developer
0;3;2;3;9;7;4;1;5;3;2;3;9;1;1;3;8;7;4;2;Quality Assurance Engineer
2;6;1;3;9;7;2;0;8;4;9;9;7;1;5;7;8;9;5;1;Computer Systems Manager
0;4;6;6;7;1;0;4;9;0;7;1;2;8;9;3;8;6;8;7;Software Tester
7;8;8;7;9;4;4;5;5;5;8;3;0;7;1;2;6;9;0;4;Software Engineer
6;2;5;6;5;5;6;4;1;2;9;0;6;1;4;9;3;3;0;0;Cloud Architect
2;1;4;3;4;2;0;9;5;9;3;7;2;9;6;6;3;4;1;1;Cybersecurity Analyst
4;3;6;2;1;8;2;8;0;0;1;3;3;0;0;4;0;1;1;4;Computer Hardware Engineer
1;5;6;5;8;2;0;6;7;7;9;6;6;1;0;9;5;3;3;9;Mobile App Developer
0;8;5;7;2;2;5;0;9;2;0;0;2;6;7;8;7;7;6;3;Network Engineer
8;0;9;3;4;4;4;1;0;7;8;0;6;4;1;3;4;6;1;1;Machine Learning Engineer
8;1;9;7;3;9;6;4;9;5;9;2;9;7;4;4;1;5;4;2;Software Engineer
0;1;2;4;5;2;2;8;9;5;3;6;3;0;4;9;6;4;2;3;Computer and Information Research Scientist
0;1;5;6;4;1;0;8;6;1;8;2;6;3;1;4;3;6;7;9;Mobile App Developer
9;1;8;9;2;1;0;1;3;3;4;1;4;5;6;5;3;3;4;6;Full Stack Developer
8;8;4;0;2;6;6;2;4;9;5;8;7;3;5;5;7;3;2;9;Computer and Information Systems Manager
6;6;9;3;9;1;6;0;2;7;8;9;9;3;5;9;1;7;9;7;Software Developer
3;3;0;6;6;0;0;0;3;6;1;6;3;3;0;7;0;9;5;2;Machine Learning Engineer
0;0;1;8;9;6;5;2;1;4;3;1;1;8;8;5;5;7;7;0;IT Support Specialist
9;0;8;8;3;8;0;9;2;2;6;1;1;0;4;4;9;7;0;0;Embedded Systems Engineer
9;2;2;7;5;1;7;7;6;7;7;7;1;7;3;5;0;1;5;9;Computer Systems Manager
0;0;2;7;7;9;4;8;7;1;6;3;7;6;7;8;4;4;3;4;Quality Assurance Engineer
3;2;4;3;5;2;2;6;1;0;8;8;6;3;8;9;7;7;8;0;Computer Programmer
0;9;8;7;3;0;1;8;4;1;4;5;1;9;6;1;1;7;9;7;Cloud Architect
4;8;5;7;6;1;2;2;6;0;5;0;3;6;5;2;9;3;0;4;Business Intelligence Analyst
8;5;8;7;1;9;8;0;2;0;7;2;9;1;7;8;9;8;0;4;DevOps Engineer
3;3;9;3;0;0;1;1;7;1;4;9;0;0;4;7;9;6;0;2;Software Developer
6;2;1;0;0;6;9;4;8;4;2;8;5;0;8;6;5;5;3;7;Computer Science Teacher
4;1;8;8;7;0;4;4;3;2;1;6;7;9;8;3;0;5;2;7;Database Administrator
9;4;6;8;1;0;2;9;8;0;5;3;4;3;5;8;4;9;3;1;Front End Developer
9;5;1;6;7;0;8;9;1;3;9;1;1;7;1;4;6;3;7;5;Data Scientist
3;3;9;6;5;7;5;7;5;8;2;4;1;4;7;2;9;6;8;1;Technical Support Engineer
5;5;4;5;3;8;4;8;0;5;2;8;6;0;7;6;0;9;8;8;Cloud Architect
0;5;6;6;8;5;1;4;5;8;9;8;2;4;5;9;8;5;1;5;Computer Systems Manager
0;0;6;0;9;7;2;0;1;3;2;0;5;4;2;1;3;1;6;8;DevOps Engineer
5;3;7;3;9;5;6;1;4;0;7;1;9;1;5;3;7;0;2;8;IT Support Specialist
4;0;2;3;1;7;1;2;7;3;3;4;1;3;5;5;0;0;6;9;IT Consultant
5;0;0;8;6;7;6;9;9;1;0;4;0;4;0;5;0;5;6;7;Business Intelligence Analyst
0;7;3;9;8;6;9;3;4;1;7;6;6;4;9;3;7;1;5;8;Digital Marketing Specialist
1;2;8;2;2;4;1;0;3;0;9;7;7;8;6;9;4;3;9;9;Machine Learning Engineer
0;8;7;9;5;2;9;4;8;6;0;9;0;9;3;1;3;9;2;0;Computer Network Architect
1;9;1;7;0;4;0;6;3;9;7;4;3;2;1;2;9;1;4;4;Front End Developer
2;9;5;4;8;6;8;2;3;1;3;0;0;6;4;9;0;7;9;7;Computer Network Architect
4;2;7;1;9;7;9;7;1;4;8;1;1;3;7;3;2;2;0;1;Machine Learning Engineer
4;6;1;8;6;1;2;0;7;6;4;3;6;8;6;6;6;2;4;6;Game Developer
3;0;2;7;3;2;6;9;1;4;5;0;7;8;3;1;9;0;7;1;Front End Developer
5;4;3;2;1;2;4;2;6;6;3;5;7;6;1;0;7;1;8;5;Computer Hardware Engineer
6;6;3;3;2;3;7;1;2;3;0;2;9;2;8;7;5;4;6;3;Network Engineer
5;3;0;1;3;4;3;7;0;3;1;6;9;5;7;9;6;3;4;0;Software Tester
2;7;8;3;1;1;9;9;3;9;8;4;7;7;2;5;9;8;8;6;Cybersecurity Analyst
5;6;0;7;3;6;6;7;0;4;0;9;7;1;1;7;1;6;7;5;IT Support Specialist
2;7;3;8;6;5;8;1;9;2;5;4;9;6;3;3;9;3;4;0;Front End Developer
0;7;6;0;7;7;6;2;3;9;2;6;1;3;0;6;3;8;3;3;DevOps Engineer
6;5;3;8;2;3;2;7;2;1;0;8;6;3;6;7;1;5;7;1;Computer Science Teacher
5;1;0;0;2;2;1;7;0;6;7;5;5;3;0;2;7;0;4;1;Game Developer
8;4;2;5;8;0;1;9;5;0;0;7;4;2;8;1;2;9;0;9;Artificial Intelligence Engineer
5;1;0;7;8;4;2;5;4;1;7;5;0;5;4;4;4;9;8;0;Network Administrator
6;2;2;8;3;2;8;1;1;3;7;1;9;2;4;7;5;6;3;4;Software Engineer
7;8;2;7;6;4;0;3;7;0;1;0;7;2;0;2;0;8;0;0;Technical Support Engineer
2;6;2;6;6;5;2;1;3;1;1;1;4;7;6;8;4;2;6;0;DevOps Engineer
2;0;9;0;6;0;8;4;1;7;3;6;0;1;5;0;9;7;6;4;Data Scientist
5;9;4;4;4;1;2;1;6;6;2;3;5;8;1;7;5;1;1;8;Software Developer
9;2;8;6;5;4;4;5;6;7;2;0;7;4;6;1;4;5;4;2;Digital Marketing Specialist
7;1;4;1;1;4;9;0;5;4;8;5;2;4;0;5;3;5;3;2;Computer Programmer
4;4;5;4;0;2;2;6;3;0;5;1;2;8;0;3;2;8;9;8;Business Intelligence Analyst
8;5;3;6;4;4;6;7;3;6;3;9;0;9;0;9;3;7;2;9;IT Project Manager
6;0;7;8;3;9;1;1;1;6;9;4;8;1;2;7;6;3;1;8;Cybersecurity Analyst
2;0;7;4;3;9;6;5;1;3;4;1;5;4;0;0;1;7;1;2;DevOps Engineer
0;6;8;9;2;2;9;0;5;4;5;0;5;1;8;2;5;2;2;3;Network Administrator
2;4;3;9;2;2;4;2;0;0;8;9;8;0;0;4;3;1;5;6;Computer Network Architect
5;2;9;9;2;1;3;0;8;9;2;8;8;8;4;2;4;2;7;7;Network Engineer
0;0;2;7;8;2;8;5;6;6;2;3;6;1;7;4;5;3;0;9;Software Developer
9;5;3;1;0;6;0;2;7;4;4;0;3;0;8;5;2;5;0;1;Software Tester
8;0;4;9;0;4;9;6;5;1;2;6;4;7;7;1;1;9;6;0;Embedded Systems Engineer
6;9;8;4;9;4;8;0;7;4;4;9;4;0;3;0;0;9;9;5;Software Engineer
3;5;2;1;1;7;2;5;1;1;2;9;7;8;0;1;0;5;4;0;Embedded Systems Engineer
8;1;9;0;2;0;0;1;5;1;9;2;7;9;9;7;8;6;5;8;IT Consultant
2;3;4;3;7;0;4;2;8;7;9;3;6;9;4;1;1;0;4;3;Computer and Information Systems Manager
1;3;0;9;4;2;1;2;1;2;4;7;4;4;2;1;3;8;9;3;Cloud Architect
7;7;8;6;7;7;0;2;3;5;7;9;5;0;1;5;2;3;3;6;Computer and Information Research Scientist
8;3;1;3;8;8;9;1;8;1;6;0;5;6;4;2;9;3;9;9;Software Engineer
5;1;2;6;1;2;5;4;7;4;5;1;8;0;0;7;2;1;4;3;IT Consultant
4;8;1;9;0;7;1;7;5;3;1;6;9;2;6;5;0;8;5;7;Front End Developer
5;6;1;4;1;3;5;0;3;8;7;7;9;4;3;1;0;6;9;7;Technical Support Engineer
1;4;9;6;9;9;5;5;2;6;2;1;5;0;5;8;5;7;4;6;Web Developer
4;0;3;9;6;5;7;6;1;0;0;3;3;6;3;6;9;0;5;9;UI/UX Designer
9;9;0;0;2;3;0;3;0;2;8;2;6;7;0;1;2;3;5;3;Computer Systems Analyst
6;4;4;0;6;0;8;3;7;1;1;7;6;0;4;2;7;7;6;2;Front End Developer
5;7;6;3;8;1;9;2;0;0;4;7;9;5;4;4;0;0;0;9;Cloud Architect
4;6;1;6;9;0;4;3;1;6;3;0;3;7;9;1;9;2;4;1;Game Developer
9;6;0;2;7;8;5;9;7;2;1;2;1;1;7;6;4;2;5;0;Business Intelligence Analyst
3;8;6;3;6;4;9;9;9;5;9;4;0;3;1;4;3;0;2;2;Software Developer
3;0;9;2;7;2;2;4;2;5;7;9;5;7;5;1;6;5;4;5;Data Scientist
2;1;3;0;9;8;1;2;3;6;6;9;6;5;9;0;2;6;1;0;Front End Developer
3;3;9;7;9;0;1;9;3;6;6;9;6;8;0;2;7;9;7;8;Blockchain Developer
2;9;8;5;2;4;4;6;9;5;2;2;5;2;2;6;5;0;1;2;Quality Assurance Engineer
7;0;0;1;8;7;9;2;0;5;6;9;9;4;2;3;8;3;8;5;IT Sales Professional
8;6;7;1;5;4;1;5;6;0;0;7;6;3;7;5;5;5;2;8;IT Consultant
4;2;2;8;4;0;4;8;2;5;0;7;6;0;0;2;9;1;9;0;Web Developer
4;0;3;5;7;3;8;7;2;5;5;8;8;3;0;6;7;8;3;2;UI/UX Designer
6;4;1;7;9;6;5;0;8;2;1;1;6;5;0;6;3;2;0;5;Software Developer
1;6;2;7;2;1;3;9;2;7;7;7;2;2;9;2;9;6;8;0;Full Stack Developer
3;1;8;8;9;9;8;3;3;9;0;9;4;3;4;6;6;0;9;4;Web Developer
8;6;3;8;4;7;9;8;0;0;4;5;5;2;1;4;3;5;6;4;Technical Writer
3;6;9;7;2;7;8;1;1;0;5;9;8;7;7;5;1;6;1;5;Computer Programmer
1;3;4;8;7;3;1;3;8;3;1;2;8;9;6;9;8;2;9;8;Network Administrator
2;9;5;5;2;6;2;5;9;3;5;3;6;2;6;8;9;4;8;6;Cybersecurity Analyst
9;0;2;7;4;8;5;4;6;3;5;0;7;1;9;5;5;7;6;5;Network Engineer
7;3;6;0;2;1;3;8;1;0;2;4;1;2;9;9;7;4;0;0;Data Scientist
0;0;3;2;7;1;7;1;8;8;9;4;7;1;7;5;4;6;5;2;Machine Learning Engineer
6;0;3;5;9;6;7;9;9;5;4;0;7;5;9;5;9;1;1;5;Full Stack Developer
7;4;3;4;5;9;5;5;4;6;1;8;7;6;6;8;7;0;4;2;IT Consultant
7;7;7;3;4;8;2;9;0;6;2;8;9;7;8;2;1;8;7;5;IT Sales Professional
0;4;1;3;4;7;8;3;5;2;1;5;5;4;5;8;0;3;6;7;Systems Analyst
5;2;3;4;4;8;5;3;0;2;1;6;3;3;5;2;2;8;7;2;Mobile App Developer
2;3;9;6;9;4;2;2;9;6;2;9;1;8;7;3;8;9;6;1;Database Administrator
2;4;9;9;4;9;1;1;5;2;2;0;7;3;3;0;5;5;2;1;Computer Network Architect
4;9;6;1;0;7;3;2;3;4;9;8;0;9;4;4;2;1;9;3;Software Developer
0;2;3;6;3;6;9;1;5;9;0;8;4;8;1;6;8;3;7;5;Embedded Systems Engineer
9;6;8;4;1;9;3;1;9;5;9;5;3;0;1;4;3;9;4;4;Computer and Information Systems Manager
7;7;8;4;5;3;8;1;8;2;8;9;7;9;2;8;1;1;7;1;DevOps Engineer
1;7;4;7;5;3;8;8;2;5;0;1;4;1;6;8;7;4;5;1;Quality Assurance Engineer
0;3;4;1;1;0;7;5;7;9;0;4;9;6;2;4;9;1;1;1;DevOps Engineer
0;8;7;3;2;2;6;4;9;0;8;6;8;2;6;6;6;7;9;4;Software Tester
3;3;4;6;4;8;4;7;2;1;8;7;6;0;1;9;8;3;5;0;Cloud Architect
3;7;9;5;2;2;9;5;1;8;5;9;5;8;5;3;9;1;5;2;Cybersecurity Analyst
2;8;4;6;2;7;0;8;8;8;4;3;0;5;6;3;0;2;1;1;Front End Developer
0;1;1;1;1;7;6;4;2;6;0;4;0;0;4;0;1;2;8;6;Web Developer
6;6;3;8;6;5;9;5;3;8;0;1;8;6;7;7;2;2;8;4;Computer Programmer
8;4;9;4;1;9;6;7;3;4;2;8;3;9;8;2;7;7;3;1;Back End Developer
3;7;7;1;0;1;8;9;8;3;2;0;0;7;1;7;2;3;1;4;Full Stack Developer
8;6;3;6;3;7;9;4;9;5;9;1;9;5;8;0;7;7;5;1;Computer Hardware Engineer
6;5;3;7;9;5;1;4;2;7;3;7;9;8;0;9;5;0;8;1;Computer Programmer
9;0;9;1;5;6;6;7;1;3;9;5;9;4;0;1;8;1;8;1;IT Consultant
4;8;8;7;8;4;3;7;0;1;8;8;7;5;5;9;9;0;0;0;Computer Network Architect
3;2;1;3;3;5;4;3;0;4;2;7;9;8;8;7;2;7;8;6;IT Project Manager
0;3;6;9;4;1;4;4;2;5;8;4;3;1;7;7;4;8;2;5;Computer and Information Systems Manager
7;3;2;6;4;9;2;3;4;4;1;2;2;4;1;4;2;4;1;6;Systems Analyst
8;4;5;8;5;0;6;0;9;0;7;4;5;9;8;5;1;5;6;6;Computer Systems Manager
7;4;3;1;5;9;4;4;6;6;2;1;6;6;0;3;7;8;1;7;Mobile App Developer
9;6;8;3;8;7;2;6;6;1;1;4;2;0;9;5;9;7;1;0;Computer Systems Analyst
1;6;8;8;3;2;9;8;0;6;9;4;6;3;1;4;7;0;5;2;Front End Developer
8;5;7;4;6;9;8;6;4;7;3;0;1;7;5;5;4;1;1;5;IT Consultant
1;5;2;6;1;6;8;6;2;9;2;7;5;3;6;6;6;1;5;1;Back End Developer
7;3;6;4;9;6;1;2;1;4;2;7;9;9;8;4;5;3;6;6;Software Engineer
0;9;0;5;9;1;0;8;4;3;6;1;7;0;2;7;1;9;0;2;IT Project Manager
0;1;5;7;3;0;1;0;5;1;7;0;6;6;8;1;2;2;0;9;Digital Marketing Specialist
0;8;8;7;0;2;0;3;1;9;4;3;8;5;8;0;7;6;8;9;Cybersecurity Analyst
9;8;6;2;1;6;5;1;2;4;7;3;8;2;2;5;8;4;0;2;Software Developer
7;4;1;6;8;3;3;0;4;9;2;6;4;5;1;9;0;6;9;7;Computer Systems Manager
2;3;5;3;5;1;8;4;8;4;3;4;5;0;8;7;3;0;2;2;Front End Developer
7;7;8;5;5;2;2;7;3;2;1;9;7;5;5;2;8;2;4;5;Blockchain Developer
7;0;6;9;1;7;9;4;5;9;9;4;6;0;5;8;8;6;9;9;Software Engineer
4;3;1;3;1;3;0;5;8;4;1;9;3;7;3;3;7;0;2;0;Database Administrator
2;2;8;8;3;2;8;9;7;4;7;7;2;7;2;2;8;8;9;4;UI/UX Designer
5;0;9;6;3;1;9;6;7;7;8;4;5;8;1;1;6;6;6;6;Computer and Information Systems Manager
6;2;8;2;7;2;5;8;3;7;6;7;9;8;8;4;1;1;6;1;Software Tester
9;2;0;0;4;1;1;5;4;5;9;3;2;6;7;8;2;4;7;0;IT Support Specialist
9;1;3;7;9;2;5;0;2;1;5;3;6;3;0;2;1;0;5;8;Network Administrator
1;4;3;4;8;6;3;0;4;9;7;8;9;6;7;8;2;5;5;0;Technical Writer
4;3;4;9;3;6;1;7;8;8;8;7;3;3;7;8;9;0;9;4;UI/UX Designer
4;3;1;8;1;3;6;3;9;7;8;5;0;5;9;7;6;8;7;1;Technical Support Engineer
0;6;7;7;6;3;1;9;8;4;4;9;4;9;9;4;7;2;5;1;Network Engineer
2;2;0;7;4;2;6;0;1;4;5;9;7;5;8;3;4;8;2;8;Computer and Information Research Scientist
4;2;1;3;3;5;4;3;9;1;4;1;9;7;5;7;1;8;9;4;Computer Programmer
0;0;1;0;6;4;9;6;8;3;3;3;7;7;1;4;7;1;1;8;IT Consultant
8;5;8;0;6;1;4;1;3;2;8;7;1;3;1;3;5;6;7;5;Artificial Intelligence Engineer
2;0;4;0;8;9;4;4;9;6;1;5;1;8;4;1;5;3;1;0;Web Developer
4;5;9;6;7;1;7;6;1;5;3;4;7;4;9;8;7;0;1;8;IT Support Specialist
7;4;0;8;6;1;9;3;7;0;9;0;8;9;0;0;4;8;3;1;Front End Developer
4;6;3;9;9;1;6;2;9;4;6;1;3;2;0;0;0;0;9;6;Network Engineer
3;1;7;4;1;0;0;6;3;7;7;7;0;3;1;9;2;2;5;4;Cloud Architect
0;6;2;4;8;0;5;8;7;4;3;0;7;8;5;5;1;8;4;0;Quality Assurance Engineer
2;8;4;8;3;0;2;0;8;7;3;4;2;7;9;2;8;6;0;2;Computer Science Teacher
9;2;1;5;3;8;4;5;7;7;9;6;5;0;9;7;9;0;5;0;Full Stack Developer
7;1;0;0;8;1;8;8;8;4;4;1;8;4;1;5;7;8;2;5;Network Engineer
1;5;8;3;9;2;6;1;8;4;1;7;3;4;8;0;8;1;8;3;Research Scientist
5;7;1;5;4;0;1;2;1;0;5;4;3;9;6;8;5;8;9;6;Data Scientist
3;5;0;8;7;7;2;0;5;4;9;0;9;6;4;4;1;2;1;3;Network Administrator
4;5;0;2;8;3;1;5;3;6;0;8;7;3;1;3;1;7;4;5;Machine Learning Engineer
1;8;3;7;8;1;9;4;2;1;0;2;3;7;2;4;3;6;1;9;Quality Assurance Engineer
6;9;4;4;7;9;8;2;0;7;4;0;9;1;0;8;0;0;1;0;Game Developer
1;7;4;3;1;5;4;3;6;7;7;6;2;4;7;3;5;2;2;8;Mobile App Developer
3;0;5;5;2;8;9;8;7;9;8;3;8;7;8;6;1;8;3;7;Cybersecurity Analyst
2;4;9;4;5;5;8;1;7;1;2;0;4;2;7;6;5;6;2;8;Back End Developer
3;0;1;8;1;1;8;0;0;5;1;6;9;5;1;0;8;3;2;2;Computer Science Teacher
6;8;6;4;0;6;1;2;1;4;1;1;0;7;4;2;6;2;0;7;Cybersecurity Analyst
8;5;4;6;9;0;2;1;7;7;3;8;6;8;5;4;9;5;6;1;UI/UX Designer
0;9;1;7;8;0;0;2;3;1;0;0;1;2;8;6;1;9;2;0;Full Stack Developer
9;9;1;8;0;9;1;6;0;3;3;0;3;8;8;7;9;8;0;2;Technical Writer
0;2;2;3;9;3;5;7;5;1;9;5;9;2;3;1;4;8;8;2;Software Tester
2;7;3;5;2;8;3;8;8;1;0;6;3;6;4;6;5;3;6;7;Software Engineer
9;0;0;4;9;5;3;4;0;4;7;8;1;0;9;1;7;7;3;9;Computer and Information Research Scientist
0;0;1;8;4;2;1;9;3;2;4;3;2;8;2;5;3;2;4;8;Computer and Information Research Scientist
8;6;5;8;3;1;4;6;3;3;3;2;0;8;3;3;1;7;3;8;Database Administrator
0;1;0;1;1;7;2;0;0;5;4;0;5;9;7;4;4;1;7;2;Web Developer
3;4;0;2;3;7;5;4;0;8;4;6;5;5;4;9;6;4;6;8;Systems Analyst
2;2;3;4;7;2;5;1;1;5;9;4;9;4;1;4;1;3;2;6;IT Project Manager
3;9;6;7;9;8;2;9;4;6;5;1;0;1;1;7;0;5;6;3;Embedded Systems Engineer
7;9;1;9;5;4;0;9;9;4;3;5;2;6;3;4;0;4;5;4;Software Engineer
3;1;6;2;7;4;5;2;1;0;7;1;1;7;2;2;0;1;4;2;Software Developer
7;1;1;3;2;6;1;9;1;6;1;4;6;5;0;9;8;6;0;9;Cloud Architect
7;1;5;3;6;7;7;6;1;3;4;5;1;2;7;6;7;6;0;1;Back End Developer
5;6;8;2;5;8;1;2;8;6;9;6;2;0;6;6;0;5;1;0;Network Administrator
4;2;5;2;9;2;1;0;7;4;2;5;0;7;4;5;8;0;8;2;Data Scientist
8;3;4;9;6;5;5;9;0;6;7;4;2;0;8;8;6;9;2;8;Network Engineer
4;5;0;8;8;0;4;5;3;6;9;4;5;7;0;7;3;9;1;5;Mobile App Developer
3;6;3;8;1;6;8;5;3;1;7;4;8;3;2;6;4;5;2;1;Business Intelligence Analyst
2;6;8;2;7;4;0;0;2;3;6;1;2;5;5;5;0;9;6;8;Back End Developer
5;8;5;8;3;9;9;4;0;2;2;3;6;4;9;3;3;8;5;7;Front End Developer
6;9;4;0;8;1;7;1;6;1;1;2;2;3;0;3;9;3;7;8;Technical Support Engineer
2;3;8;4;4;3;9;3;6;9;6;6;4;3;9;3;0;7;2;9;Quality Assurance Engineer
5;3;5;7;6;0;1;7;4;4;3;3;0;9;7;6;1;3;5;3;Embedded Systems Engineer
0;3;1;3;3;0;6;9;9;8;8;9;0;6;0;2;6;1;9;6;Artificial Intelligence Engineer
3;3;8;3;9;1;0;8;1;1;4;9;5;4;8;5;7;3;9;9;Front End Developer
6;0;4;3;3;4;5;3;3;7;1;1;7;7;0;8;0;0;3;0;Technical Writer
3;6;4;0;4;8;0;7;8;3;3;3;8;6;2;7;7;6;1;7;Digital Marketing Specialist
8;4;2;9;2;2;3;0;1;7;4;0;0;8;0;5;9;3;4;7;Computer Systems Manager
9;8;1;9;7;5;0;8;2;1;2;5;5;5;0;2;7;4;6;2;Computer and Information Systems Manager
4;8;7;2;1;9;7;2;9;6;2;6;2;9;3;7;0;9;1;6;Computer and Information Systems Manager
4;8;0;1;2;0;6;3;0;6;5;7;2;5;6;3;6;3;0;1;Business Intelligence Analyst
2;8;8;1;0;8;0;5;1;5;9;1;2;1;2;5;2;0;6;4;Mobile App Developer
3;5;8;9;1;8;8;6;7;5;8;4;8;5;5;1;1;2;4;4;Technical Support Engineer
6;0;0;9;9;7;8;3;1;4;8;9;3;4;3;2;1;7;9;9;Full Stack Developer
3;1;8;8;9;9;6;8;7;0;7;3;7;2;7;4;0;9;8;0;Mobile App Developer
9;1;2;1;5;8;1;8;9;6;6;7;1;8;1;3;8;8;9;7;Computer Hardware Engineer
5;1;0;0;3;5;6;6;7;7;2;3;9;7;5;8;3;5;5;8;Database Administrator
5;7;3;8;1;7;0;7;9;8;6;5;6;5;3;0;7;1;6;8;Front End Developer
1;7;4;0;9;0;6;9;9;5;5;9;7;1;0;5;7;9;6;5;Computer Systems Manager
4;5;8;2;9;8;6;8;2;5;5;3;6;8;7;5;0;6;4;0;Computer and Information Systems Manager
2;5;8;8;0;9;6;3;3;6;4;1;7;7;3;0;0;2;2;4;Game Developer
4;9;6;9;1;2;9;0;0;4;5;7;7;5;4;1;3;5;2;9;Software Developer
3;6;9;2;3;5;6;1;3;1;9;6;4;7;3;1;2;7;9;7;Full Stack Developer
5;5;0;3;8;4;8;3;5;9;7;3;2;1;9;2;8;5;2;1;Software Engineer
4;7;8;7;3;7;0;4;9;8;4;9;8;5;5;2;2;1;4;6;Network Administrator
1;9;3;4;7;7;2;5;0;1;8;5;6;3;7;1;7;7;7;0;Technical Support Engineer
5;4;5;4;5;9;7;3;9;4;6;3;7;0;0;3;5;3;2;7;Artificial Intelligence Engineer
7;3;4;7;9;8;2;4;6;7;7;5;4;1;3;9;3;9;1;8;UI/UX Designer
3;2;8;8;9;3;7;3;9;3;1;2;7;9;5;5;3;3;8;9;Computer Science Teacher
6;1;3;7;3;7;7;4;7;0;8;7;9;1;9;4;9;5;1;4;Data Scientist
1;7;9;0;8;2;7;1;5;3;7;3;5;8;7;0;5;6;5;2;Computer Programmer
2;6;9;3;2;0;9;2;9;6;5;9;1;4;7;8;7;7;5;2;Business Intelligence Analyst
6;8;3;4;0;0;6;2;6;2;0;8;9;5;3;6;0;5;5;5;Cloud Architect
2;9;6;0;2;0;4;3;2;3;4;2;3;5;1;0;4;6;3;3;Computer and Information Research Scientist
8;8;1;7;3;5;8;3;3;3;4;8;6;3;6;4;3;0;1;3;Blockchain Developer
7;0;7;4;5;7;3;3;0;7;8;8;0;5;5;6;0;5;9;4;Computer Network Architect
0;6;5;4;9;4;9;8;8;2;5;4;9;2;5;2;4;5;6;2;Embedded Systems Engineer
6;5;7;1;6;0;9;7;3;0;0;8;1;7;8;8;7;7;3;9;Business Intelligence Analyst
0;4;7;4;9;8;9;1;4;3;3;5;9;8;0;2;9;9;3;9;Web Developer
6;1;6;6;1;5;9;3;9;7;4;1;7;9;8;5;9;6;9;0;Machine Learning Engineer
7;5;8;6;3;8;7;9;9;4;5;8;6;8;7;1;6;4;4;2;DevOps Engineer
3;5;7;0;5;6;1;5;3;5;8;5;4;4;4;0;1;5;0;5;Computer and Information Research Scientist
6;3;6;3;3;9;7;1;8;8;8;5;1;6;4;2;2;1;5;1;Database Administrator
3;4;0;3;5;0;8;1;1;2;7;1;8;8;5;5;3;9;2;8;Embedded Systems Engineer
6;8;0;1;1;7;4;5;5;9;7;8;4;1;4;6;3;8;9;5;Quality Assurance Engineer
5;4;9;7;4;5;6;8;4;2;0;1;4;9;1;3;2;8;4;4;Quality Assurance Engineer
4;4;7;0;1;9;0;7;1;0;6;9;1;8;1;9;6;7;2;8;Computer Systems Analyst
1;0;6;1;6;4;5;5;8;8;6;3;8;9;3;3;3;3;0;7;Quality Assurance Engineer
6;0;6;3;2;0;0;5;5;8;1;3;8;8;9;1;1;3;2;6;Business Intelligence Analyst
6;8;3;0;3;7;4;0;1;5;1;3;1;4;1;7;8;3;6;5;UI/UX Designer
9;0;8;3;1;2;6;3;1;2;8;5;1;6;7;6;2;6;0;5;IT Sales Professional
0;7;8;3;0;3;4;8;5;3;2;7;1;4;8;9;4;6;9;0;Computer and Information Research Scientist
7;9;9;4;0;2;5;8;3;9;5;3;5;9;5;8;0;0;0;3;Software Tester
9;5;7;3;1;4;1;6;5;1;7;4;9;9;7;7;8;4;8;6;Cloud Architect
9;6;5;8;9;2;3;9;1;7;1;7;6;8;5;2;1;0;6;3;UI/UX Designer
6;0;8;9;0;7;1;2;8;4;1;5;0;4;7;9;5;0;9;7;Technical Support Engineer
1;4;1;4;4;4;6;2;6;7;2;0;8;7;0;0;9;3;0;5;Full Stack Developer
2;9;5;4;5;0;2;0;2;6;5;3;6;8;4;4;1;0;9;7;Game Developer
9;7;6;9;9;0;9;6;2;4;5;1;7;4;5;3;2;3;1;9;Computer Programmer
6;2;4;2;0;7;1;4;5;6;0;9;6;1;8;7;1;4;8;2;Back End Developer
6;5;3;1;3;0;7;1;5;3;8;8;6;8;1;1;8;7;7;6;Mobile App Developer
5;6;8;7;0;1;8;6;4;1;1;3;0;2;5;3;8;4;0;6;Computer Systems Manager
7;9;2;7;8;1;7;2;9;9;1;1;7;8;2;8;6;6;6;8;UI/UX Designer
1;6;9;6;2;8;0;8;6;7;2;5;0;3;2;1;0;4;4;6;Research Scientist
4;9;0;8;3;9;9;5;3;9;1;1;5;3;7;4;5;2;3;6;Data Scientist
3;9;2;7;7;0;1;0;3;0;4;8;9;8;0;7;9;8;4;5;Software Tester
0;1;0;3;1;2;5;7;4;5;3;3;3;5;9;4;6;2;9;9;Research Scientist
7;2;6;4;4;1;4;1;3;8;5;0;8;4;2;2;8;3;2;2;Quality Assurance Engineer
1;9;4;4;6;9;0;6;7;3;3;8;3;8;3;3;2;6;8;2;IT Sales Professional
0;0;9;3;6;9;8;7;7;6;3;4;7;8;8;0;8;2;7;8;Technical Support Engineer
7;1;3;5;1;2;4;3;6;2;1;6;2;2;6;4;6;6;8;9;Database Administrator
9;2;2;2;6;4;7;0;4;8;2;5;1;4;1;5;1;3;2;4;Front End Developer
8;0;2;6;6;7;6;2;3;0;9;7;8;3;7;8;1;0;6;1;Game Developer
0;4;7;3;1;3;6;8;3;4;8;7;4;9;1;3;3;3;1;5;IT Support Specialist
8;6;0;8;2;2;4;9;3;1;0;3;0;0;6;8;2;1;5;9;Blockchain Developer
8;2;7;0;8;2;8;9;6;2;9;8;3;6;0;3;6;2;3;8;UI/UX Designer
3;5;5;7;0;9;0;4;0;2;1;6;0;3;2;1;0;2;2;1;Web Developer
1;3;2;3;0;1;5;0;8;1;8;0;0;0;4;5;0;7;9;3;Data Scientist
0;1;6;3;4;7;9;2;5;4;5;6;8;6;8;9;5;0;5;9;Software Developer
7;4;2;3;5;6;2;7;3;2;3;6;8;1;4;9;3;8;0;9;Computer and Information Systems Manager
2;2;9;2;1;2;1;7;4;0;1;4;0;7;0;5;7;8;4;2;Quality Assurance Engineer
0;4;1;6;9;4;3;9;4;3;2;2;6;7;3;6;9;3;4;7;Systems Analyst
3;4;6;7;1;8;1;1;7;4;9;3;0;3;2;9;2;7;7;5;Cybersecurity Analyst
3;0;9;5;8;0;9;9;7;2;5;8;0;4;6;2;2;2;6;2;IT Sales Professional
6;2;8;7;9;5;6;4;0;9;1;0;7;9;5;6;1;7;5;3;Front End Developer
1;6;8;8;9;1;3;7;9;8;3;5;7;0;3;8;7;9;9;0;Computer Science Teacher
6;4;9;0;3;3;1;4;3;6;8;4;9;1;8;9;5;0;9;5;Computer Systems Manager
4;4;0;0;6;6;0;9;4;3;6;8;9;6;5;1;1;6;5;0;Database Administrator
3;9;0;5;5;3;4;5;8;7;5;3;6;4;3;6;3;9;9;5;Data Scientist
4;8;2;2;5;4;8;6;6;4;7;1;1;8;8;8;5;9;0;8;Network Engineer
8;0;9;4;7;4;6;3;3;6;4;2;3;4;5;0;2;0;6;4;UI/UX Designer
6;9;6;8;5;6;6;9;7;4;4;5;7;1;6;3;7;4;4;3;UI/UX Designer
7;7;9;3;2;6;9;2;2;6;4;3;7;7;0;0;5;9;0;0;Systems Analyst
8;8;7;0;6;3;0;5;5;9;4;8;9;2;8;2;3;9;4;4;Data Scientist
6;7;5;0;4;4;4;2;3;3;8;2;8;3;5;6;4;0;3;4;Computer Programmer
9;7;7;6;3;1;5;8;3;3;9;5;8;4;3;4;7;4;2;7;Cybersecurity Analyst
9;4;7;2;2;7;6;4;2;6;8;5;8;9;4;0;7;0;8;1;Digital Marketing Specialist
2;7;7;6;6;8;3;0;7;5;6;9;1;1;9;7;8;7;9;9;Computer Programmer
5;5;8;0;0;5;5;9;5;0;8;0;8;9;3;9;0;2;6;6;Computer and Information Systems Manager
2;1;3;6;9;4;9;4;0;1;4;6;4;7;6;3;3;0;0;0;Digital Marketing Specialist
4;8;0;8;6;1;1;1;5;5;0;6;1;5;4;1;3;7;5;2;Cloud Architect
8;3;2;8;9;7;5;8;4;0;5;9;6;6;3;4;0;5;4;1;Technical Support Engineer
1;5;8;3;1;0;6;8;0;8;0;9;2;7;6;9;3;6;2;1;Business Intelligence Analyst
3;7;5;2;5;4;9;8;9;5;6;3;1;3;8;0;0;5;3;8;Computer Network Architect
2;2;1;6;0;9;0;3;1;1;6;0;5;8;0;3;6;7;1;1;Digital Marketing Specialist
5;4;3;8;3;3;6;2;0;4;3;5;9;2;4;4;7;9;9;1;Software Engineer
6;1;3;0;9;0;7;3;8;6;4;6;7;8;4;7;1;1;0;1;Technical Writer
4;1;5;6;2;9;5;4;2;9;1;9;8;9;8;8;1;5;5;7;IT Consultant
7;3;9;7;0;9;4;5;7;8;5;0;6;1;1;9;4;6;3;4;Computer Programmer
2;4;1;0;6;8;4;5;1;1;8;2;9;3;7;5;2;9;7;7;Cybersecurity Analyst
8;1;4;9;5;8;8;1;3;6;8;5;0;5;6;7;6;0;4;3;Mobile App Developer
4;9;5;0;7;6;3;5;3;7;5;3;3;1;4;7;1;6;4;4;Computer Hardware Engineer
4;1;1;0;5;3;1;1;2;8;5;2;7;3;7;2;5;4;7;4;Cloud Architect
5;2;5;7;9;3;3;4;1;7;1;4;4;3;4;9;4;2;1;3;Database Administrator
8;4;9;3;9;4;6;2;8;1;0;8;9;9;4;6;5;3;4;0;Machine Learning Engineer
8;1;2;1;0;7;8;9;7;9;4;0;8;0;6;8;1;2;4;8;Computer Systems Manager
0;7;0;3;4;6;1;3;3;2;9;3;2;8;9;7;1;7;0;0;Business Intelligence Analyst
1;3;2;6;0;0;6;5;6;8;2;8;3;5;9;1;9;6;9;8;Computer Systems Manager
2;3;0;4;9;9;1;7;0;6;4;5;4;4;8;9;3;6;8;2;Software Tester
2;3;7;8;2;8;1;5;8;7;4;2;4;6;9;3;6;8;7;7;Network Engineer
6;8;5;1;4;2;2;0;5;0;6;3;5;3;3;2;9;7;0;0;Embedded Systems Engineer
4;6;3;6;7;1;2;3;2;1;3;2;9;2;4;8;3;5;5;9;Computer Programmer
4;6;3;8;7;4;4;9;6;0;5;7;4;7;6;0;8;9;8;0;Front End Developer
3;6;7;6;8;8;4;1;2;6;6;3;0;2;5;8;8;3;6;2;Blockchain Developer
1;3;2;0;2;7;3;0;5;0;6;3;4;2;6;3;0;8;3;1;Quality Assurance Engineer
2;1;8;4;2;8;8;3;6;8;0;1;7;1;2;2;5;4;9;4;Computer Science Teacher
9;2;9;6;0;8;6;7;1;4;3;6;7;5;1;6;5;2;1;7;UI/UX Designer
6;7;1;4;6;6;6;1;0;5;5;6;9;3;0;3;8;2;2;4;Software Engineer
4;8;6;6;2;2;8;7;8;8;2;9;3;8;2;1;4;2;6;0;Artificial Intelligence Engineer
8;0;5;0;8;0;1;3;1;7;6;0;6;1;6;8;2;9;1;4;Mobile App Developer
3;9;7;7;8;9;9;1;7;6;4;6;2;3;8;9;7;6;9;1;Game Developer
8;8;6;8;3;3;6;8;6;7;1;4;6;8;2;0;5;2;6;5;UI/UX Designer
3;4;6;6;1;4;6;8;5;6;5;2;9;9;2;1;7;9;9;9;Blockchain Developer
0;6;7;0;8;7;7;5;2;6;8;3;9;0;0;9;3;6;6;0;Computer and Information Systems Manager
3;2;6;8;0;3;9;4;1;4;5;9;2;9;3;0;9;9;0;8;Computer Science Teacher
3;2;1;0;0;3;1;0;9;8;3;9;6;5;7;8;5;0;7;6;Database Administrator
0;1;8;4;4;6;3;4;9;1;6;6;1;7;5;4;7;4;3;5;Embedded Systems Engineer
5;7;8;7;2;6;3;4;3;4;9;6;5;6;8;4;7;1;8;7;DevOps Engineer
1;1;1;1;4;5;0;5;1;1;6;6;0;4;9;1;4;5;3;9;IT Sales Professional
0;5;1;5;2;3;0;4;6;2;2;7;9;5;3;4;8;8;9;5;Full Stack Developer
0;4;4;9;7;9;1;2;0;1;1;8;8;3;9;8;3;8;3;2;IT Support Specialist
1;7;0;5;2;4;4;0;9;6;7;3;7;2;1;9;4;5;5;0;IT Project Manager
3;4;1;3;7;9;8;5;6;7;0;1;2;9;5;5;3;1;8;3;Data Scientist
2;3;5;4;6;6;4;8;7;8;3;3;3;7;7;4;5;3;4;1;Game Developer
2;4;3;9;4;5;3;6;8;8;6;1;8;9;2;3;3;7;2;9;Web Developer
6;3;1;8;2;4;8;9;4;7;5;9;2;4;1;6;7;4;0;7;Business Intelligence Analyst
5;6;1;9;3;3;7;2;1;6;7;3;1;1;5;0;1;5;1;0;Computer Systems Analyst
0;6;9;6;2;9;2;5;6;8;4;3;2;2;5;5;4;8;9;5;Quality Assurance Engineer
7;1;9;1;3;0;6;9;2;2;1;6;5;0;6;2;1;9;9;8;Network Engineer
4;8;1;4;1;4;6;2;8;5;4;6;0;8;0;5;6;7;8;1;Software Engineer
4;5;4;4;7;2;9;9;2;4;3;7;1;9;3;8;0;6;8;3;Blockchain Developer
7;6;5;7;1;9;9;1;5;8;3;9;6;5;0;6;9;6;4;2;Cybersecurity Analyst
9;9;7;2;9;5;2;6;9;1;4;1;6;1;4;2;7;2;1;7;Embedded Systems Engineer
4;7;4;0;2;8;2;2;6;7;4;1;5;1;7;2;3;0;9;6;Data Scientist
9;0;6;9;4;5;5;3;1;2;9;1;0;2;5;3;9;5;2;8;Mobile App Developer
9;5;0;7;4;0;2;9;9;2;8;6;1;0;9;9;3;5;1;5;Software Developer
0;2;1;0;8;5;4;4;4;0;1;6;9;7;9;2;1;9;4;8;Technical Support Engineer
3;2;2;6;7;2;0;9;3;9;0;2;4;9;1;5;6;1;4;9;Digital Marketing Specialist
2;7;3;2;0;0;6;6;9;9;3;9;8;2;8;1;5;1;1;1;Computer Systems Analyst
4;5;2;1;3;5;0;9;8;0;9;7;1;7;1;7;2;8;3;0;Computer Programmer
1;6;4;6;7;8;8;4;9;5;5;2;1;5;1;9;7;6;1;9;Front End Developer
1;1;1;1;9;0;7;0;4;3;9;5;1;7;5;8;8;7;0;5;Computer and Information Research Scientist
5;4;6;1;1;6;7;0;7;3;6;4;8;8;6;5;3;5;4;0;Computer Systems Analyst
3;8;3;1;1;9;3;9;1;2;7;4;7;3;1;4;1;0;6;3;Cloud Architect
0;1;5;1;2;9;8;0;8;5;4;3;3;0;5;5;0;2;0;6;DevOps Engineer
2;4;1;4;1;7;7;0;4;8;6;1;4;8;6;2;0;6;2;3;Machine Learning Engineer
2;2;0;1;7;2;1;4;8;3;0;7;2;2;0;7;0;8;5;9;Technical Support Engineer
0;5;0;9;4;0;6;9;4;9;9;9;4;0;2;0;8;6;1;1;IT Sales Professional
0;8;8;1;9;6;0;2;8;4;7;0;3;6;9;9;8;2;8;9;Computer Systems Manager
7;1;8;6;0;8;4;0;6;5;7;8;4;9;6;9;4;6;9;1;Computer and Information Research Scientist
3;9;5;6;9;8;4;5;2;3;1;8;3;5;9;7;5;6;9;3;Technical Writer
0;5;8;0;2;4;7;3;7;2;7;3;4;9;3;4;5;4;6;1;Software Engineer
9;7;5;1;6;2;2;0;1;7;6;5;5;0;5;1;8;5;9;9;Computer Systems Manager
8;3;6;4;2;3;2;1;7;5;4;3;9;3;1;3;4;5;4;7;IT Sales Professional
3;8;1;2;3;6;1;2;3;9;5;7;3;2;8;4;7;3;6;2;Research Scientist
0;7;7;0;0;0;5;2;8;4;9;4;7;8;4;5;4;9;7;8;Software Tester
2;2;0;8;8;5;2;1;6;1;6;1;6;8;3;7;4;8;4;0;Technical Writer
4;7;9;3;2;4;0;2;1;0;1;1;8;4;7;7;0;5;0;1;Computer Science Teacher
2;3;7;5;5;4;1;0;0;7;2;7;4;1;0;3;8;1;3;2;Game Developer
3;3;8;7;0;7;5;4;5;3;7;0;7;5;9;1;8;0;7;3;Software Engineer
0;4;9;7;8;2;6;3;0;6;2;2;4;9;6;7;9;0;0;0;Software Developer
3;7;1;4;7;5;0;4;4;3;2;1;7;5;9;6;8;2;2;8;Computer and Information Research Scientist
7;7;5;5;3;1;1;5;7;4;3;2;2;2;7;6;7;3;2;8;Computer Hardware Engineer
5;4;6;6;2;5;7;0;2;2;0;0;2;4;4;7;5;7;9;6;Computer and Information Research Scientist
4;6;2;2;0;2;5;0;1;3;6;0;4;7;0;7;5;6;6;1;Software Engineer
4;7;7;2;4;1;9;0;4;8;6;2;1;3;7;4;7;3;9;4;DevOps Engineer
2;6;3;9;8;5;9;0;4;3;5;0;4;0;5;7;2;5;5;9;Full Stack Developer
7;1;2;0;2;4;0;5;0;7;0;0;0;3;6;6;5;0;5;7;Business Intelligence Analyst
9;9;0;1;7;1;6;2;4;2;4;7;5;1;7;9;9;2;9;2;IT Sales Professional
9;4;5;8;1;7;7;9;7;7;3;4;4;5;6;7;0;5;8;1;Research Scientist
1;8;7;2;0;5;0;7;0;2;5;9;0;8;3;9;7;1;3;2;IT Consultant
7;3;0;5;4;6;4;8;4;0;1;8;6;2;2;7;4;2;5;7;Computer Network Architect
4;8;3;0;4;5;1;7;1;9;8;8;0;5;5;8;0;6;9;0;Network Engineer
4;3;7;1;1;9;5;0;5;9;0;9;9;4;6;3;6;2;4;6;Back End Developer
4;4;0;8;5;1;1;3;0;6;0;9;2;7;8;2;4;0;3;2;Database Administrator
4;2;5;9;4;8;7;8;0;6;8;0;0;7;5;4;2;4;4;9;Computer Network Architect
6;6;2;1;6;6;6;1;2;1;3;6;2;8;9;4;0;5;0;5;Computer Science Teacher
9;3;2;6;4;7;8;4;9;4;9;3;6;8;1;2;6;2;5;3;Systems Analyst
6;0;6;1;7;7;7;7;8;4;9;4;7;7;2;7;3;0;8;6;Machine Learning Engineer
4;4;3;1;3;5;9;6;5;1;8;1;1;7;7;0;8;3;7;4;Data Scientist
3;5;4;5;0;5;5;1;1;5;3;1;1;5;4;1;5;5;5;9;Web Developer
9;4;4;5;1;6;0;5;5;7;0;3;7;6;8;4;0;9;0;0;IT Project Manager
8;0;4;0;3;7;2;6;2;8;3;7;7;2;2;8;2;2;9;3;Quality Assurance Engineer
6;3;4;5;3;6;6;8;7;9;1;5;8;7;5;1;3;5;5;2;IT Sales Professional
1;2;3;3;5;4;8;0;9;2;2;4;1;5;5;0;3;2;0;8;Quality Assurance Engineer
4;9;6;9;3;9;3;8;9;8;7;7;6;3;8;3;2;9;3;4;IT Sales Professional
1;9;0;5;5;7;2;9;7;3;1;6;4;1;8;5;3;2;0;8;Web Developer
7;4;4;5;4;6;2;4;5;9;6;3;8;7;4;0;7;6;8;1;Software Developer
8;7;5;7;0;3;2;2;6;9;5;5;5;3;1;7;6;6;1;4;Cloud Architect
5;4;0;7;9;5;2;1;0;6;5;9;8;2;4;4;1;8;5;6;Full Stack Developer
7;1;4;0;2;6;8;7;3;2;7;4;6;8;6;1;8;0;6;7;Cybersecurity Analyst
8;2;0;9;6;0;8;7;5;6;2;8;4;6;6;0;5;8;7;5;Research Scientist
0;7;1;4;6;9;9;2;8;0;7;4;0;7;8;6;5;7;9;9;Software Tester
5;3;0;8;9;6;8;4;1;2;9;1;3;0;4;1;6;1;9;5;Business Intelligence Analyst
9;4;8;3;4;1;5;3;2;6;6;1;6;0;7;1;1;7;4;2;Data Scientist
4;9;2;1;7;0;6;2;8;0;4;8;6;0;1;4;8;9;1;3;Digital Marketing Specialist
4;1;3;3;9;7;0;0;7;7;5;7;8;5;1;0;2;0;6;8;Game Developer
5;9;6;7;0;3;2;3;1;2;4;7;3;9;6;1;1;0;3;1;Computer and Information Research Scientist
0;2;3;8;4;6;8;7;2;0;7;7;5;5;4;4;7;8;6;3;Computer Systems Manager
7;3;1;3;2;1;3;2;5;1;1;2;2;9;1;6;8;6;2;3;DevOps Engineer
0;9;6;7;3;6;3;0;7;0;4;3;5;7;8;1;6;1;6;5;Digital Marketing Specialist
5;8;8;2;3;2;5;5;2;7;0;6;9;6;0;0;5;4;7;3;Back End Developer
2;6;0;1;8;4;3;0;0;0;6;7;8;7;5;8;1;4;7;3;DevOps Engineer
1;8;6;8;1;8;6;7;7;6;1;5;8;7;8;2;4;2;2;0;Data Scientist
4;8;2;6;9;5;9;4;8;2;2;7;4;2;1;7;1;7;3;8;Cybersecurity Analyst
6;7;8;0;9;5;6;7;2;1;8;7;7;9;9;9;8;3;1;7;Data Scientist
4;2;6;7;6;0;5;7;7;1;7;4;4;3;7;7;0;1;9;6;Computer Hardware Engineer
6;9;4;4;7;4;8;7;7;4;4;3;8;7;4;6;4;4;9;1;IT Project Manager
3;5;6;6;2;9;6;6;5;1;4;6;6;4;4;5;2;0;8;4;Software Engineer
2;2;9;5;5;3;2;6;0;9;8;5;2;5;2;0;7;8;2;6;Computer Systems Manager
0;3;9;5;6;8;5;2;7;0;2;6;8;0;1;8;7;8;1;7;Database Administrator
0;7;6;9;0;8;2;9;2;4;5;6;4;4;7;3;4;4;4;5;Computer Systems Analyst
8;8;5;0;8;5;6;7;1;3;9;9;3;0;3;6;3;4;0;8;Machine Learning Engineer
8;1;6;5;1;5;2;7;2;9;2;9;3;4;8;1;4;0;0;8;Database Administrator
5;5;1;2;4;4;1;4;9;7;2;5;5;9;0;4;0;6;2;7;Network Administrator
1;7;3;1;3;1;3;9;2;3;8;4;5;4;2;0;7;3;2;5;DevOps Engineer
1;8;2;1;3;3;7;0;2;5;3;6;7;2;8;3;9;8;0;6;Front End Developer
2;6;5;8;0;9;0;9;6;8;8;8;5;1;5;5;8;4;2;6;Technical Support Engineer
7;5;3;4;9;1;7;7;3;1;8;9;8;5;1;0;2;9;4;1;Blockchain Developer
7;1;8;0;7;2;1;3;6;4;7;3;8;2;3;0;2;6;8;4;Systems Analyst
8;6;5;6;3;7;6;5;2;3;4;2;5;9;2;0;8;2;2;0;Software Engineer
1;9;1;0;9;6;1;9;9;0;3;3;2;3;3;1;8;0;6;9;Computer and Information Research Scientist
9;6;0;5;5;5;0;4;0;6;4;9;2;2;6;8;0;6;5;0;Computer Science Teacher
0;9;1;7;4;1;0;8;3;4;0;0;1;1;8;7;8;9;8;7;Software Tester
8;5;5;4;7;5;2;7;5;1;5;7;8;4;2;3;7;7;1;5;Network Engineer
6;1;9;8;8;1;4;8;1;5;5;3;6;7;8;6;1;5;1;6;Software Developer
8;1;9;5;1;3;9;9;8;5;9;8;8;1;6;2;5;4;7;2;Embedded Systems Engineer
9;0;4;4;9;1;7;7;0;0;7;5;0;5;3;5;1;2;3;1;Back End Developer
9;3;7;9;5;9;4;8;7;4;5;4;3;9;1;1;6;1;0;9;IT Consultant
3;1;2;5;6;3;0;9;7;3;0;9;3;5;0;9;4;2;7;2;IT Sales Professional
4;5;2;1;4;2;1;3;3;4;4;8;0;0;6;5;9;1;7;8;IT Support Specialist
4;6;2;1;3;9;1;1;2;0;9;2;5;7;1;8;6;2;9;7;Technical Writer
5;4;6;9;7;7;3;5;5;5;9;4;9;7;0;0;3;9;4;4;Machine Learning Engineer
9;4;6;2;3;4;7;9;9;9;4;3;2;6;7;1;1;1;0;1;Network Administrator
7;7;0;7;0;8;3;7;7;9;6;9;5;2;0;5;0;2;4;7;Computer Network Architect
5;8;4;8;2;2;5;7;1;7;5;2;9;2;3;2;6;9;6;9;Cloud Architect
2;9;0;5;5;8;8;2;5;8;6;4;3;9;1;3;1;6;8;2;Technical Writer
2;8;4;2;9;3;0;1;7;0;4;2;4;6;2;0;1;0;4;7;IT Consultant
7;0;3;1;3;0;1;5;5;5;0;6;9;9;9;4;1;8;6;9;Technical Writer
8;9;0;4;2;2;7;8;5;3;5;2;7;1;1;6;1;2;3;0;Cloud Architect
8;5;9;6;2;7;8;9;2;7;5;8;7;1;3;0;3;5;9;0;DevOps Engineer
5;7;6;5;0;0;1;5;7;7;3;4;2;2;1;4;7;5;7;7;Computer Network Architect
3;0;3;4;4;0;7;7;4;7;8;1;8;5;9;0;3;8;5;0;Computer Network Architect
1;4;0;1;8;6;2;0;8;1;2;1;2;9;0;6;0;4;3;1;Embedded Systems Engineer
8;4;2;1;2;7;6;7;7;2;2;4;5;7;4;6;6;1;9;7;Research Scientist
2;5;9;4;1;7;9;3;2;8;7;1;8;0;7;4;5;7;8;5;Game Developer
6;3;9;1;6;4;5;5;1;0;6;0;3;0;0;8;6;1;0;6;Computer Science Teacher
7;2;8;1;1;9;3;8;0;1;9;4;9;7;9;6;3;5;4;0;IT Support Specialist
3;7;5;3;8;2;4;0;8;8;0;4;9;8;1;2;0;6;6;2;Software Tester
7;8;0;0;2;8;7;1;4;2;2;4;4;6;2;9;6;4;9;3;Front End Developer
3;8;7;2;1;1;8;8;6;6;8;1;9;0;3;5;0;7;8;8;DevOps Engineer
2;4;1;8;9;5;8;8;6;9;2;3;2;0;3;1;1;0;7;4;Computer Hardware Engineer
7;6;3;7;0;5;2;1;5;1;5;9;7;2;6;7;9;2;4;8;IT Consultant
2;1;5;6;0;6;7;9;9;9;2;0;3;1;1;3;3;3;0;6;Back End Developer
8;2;1;1;9;2;9;9;1;2;3;9;2;4;8;1;1;8;2;2;Cybersecurity Analyst
1;2;5;7;6;7;9;9;7;1;8;9;0;8;1;5;8;6;9;6;Cybersecurity Analyst
6;4;3;4;5;0;8;4;1;4;2;8;0;1;3;4;6;1;5;0;Data Scientist
1;7;9;1;1;3;8;8;0;6;6;3;3;1;8;1;3;5;7;6;Network Administrator
1;8;0;9;8;8;1;8;9;9;7;7;9;4;2;7;9;6;6;3;Full Stack Developer
3;9;7;1;2;4;8;0;2;7;6;4;1;6;3;0;9;5;6;4;Blockchain Developer
8;2;4;4;3;0;2;9;1;0;8;7;6;3;0;4;5;9;1;2;Computer and Information Systems Manager
6;6;6;7;0;5;0;0;3;6;4;4;0;7;0;8;7;2;5;7;Computer Systems Manager
9;2;6;3;8;0;1;0;3;5;9;4;3;0;4;8;5;2;3;1;Cloud Architect
1;7;6;4;1;6;9;6;6;1;1;0;5;1;4;6;3;1;0;2;Systems Analyst
3;1;6;0;6;7;6;8;6;0;4;7;0;1;3;9;5;7;1;5;Data Scientist
7;4;8;7;4;9;0;5;3;9;6;8;5;9;8;7;3;1;8;1;Software Developer
2;9;5;2;4;5;3;3;4;3;1;8;5;2;7;7;7;3;8;4;Artificial Intelligence Engineer
8;4;6;4;2;7;0;4;0;3;3;7;1;2;8;2;1;0;4;3;Computer Systems Manager
3;8;3;2;1;0;5;0;8;0;3;7;3;8;6;7;2;5;2;1;Artificial Intelligence Engineer
9;6;7;2;0;6;9;1;1;9;0;0;4;3;7;2;5;5;9;3;UI/UX Designer
0;1;9;7;0;8;4;3;5;7;9;5;8;3;4;4;7;6;9;2;Machine Learning Engineer
5;1;7;8;2;0;4;4;5;9;5;5;3;7;0;5;3;8;2;6;Database Administrator
4;2;0;4;9;6;2;9;0;7;8;1;5;1;8;5;4;9;5;6;Embedded Systems Engineer
7;6;0;6;4;1;4;1;8;4;2;0;7;4;2;3;0;8;9;8;Digital Marketing Specialist
5;6;4;8;5;0;8;2;0;8;2;7;3;2;5;1;5;4;0;0;Machine Learning Engineer
4;8;6;2;7;6;1;8;2;5;9;7;0;7;1;8;4;1;7;0;Blockchain Developer
8;7;2;7;6;6;2;5;1;6;5;2;9;9;4;9;5;4;7;5;Digital Marketing Specialist
6;2;2;6;6;6;2;6;1;2;2;0;9;5;3;7;0;4;0;9;Quality Assurance Engineer
6;7;8;4;1;4;3;9;3;4;9;2;3;2;1;2;8;1;9;3;Technical Support Engineer
3;8;1;3;3;8;5;7;9;2;2;6;6;4;8;5;6;8;4;0;Research Scientist
4;4;9;1;2;3;2;2;3;5;7;8;9;2;7;2;4;0;1;1;Cloud Architect
9;9;8;7;7;4;8;3;7;7;2;0;6;0;6;6;6;3;1;7;IT Project Manager
6;0;8;0;1;2;9;6;6;7;8;4;0;0;8;2;8;2;5;0;Computer Systems Analyst
4;9;9;9;0;6;8;6;3;0;8;5;2;1;5;6;9;9;3;1;Quality Assurance Engineer
2;4;7;4;8;9;7;9;8;7;9;6;9;1;6;1;8;8;2;8;Computer and Information Systems Manager
2;5;1;4;1;3;1;5;1;4;8;8;9;2;0;8;9;6;8;4;Data Scientist
7;5;6;4;9;6;2;4;6;9;7;3;3;5;7;7;1;6;2;0;Full Stack Developer
5;0;8;1;1;7;9;4;0;2;2;9;8;6;9;2;4;4;0;4;Computer Hardware Engineer
1;7;2;4;5;8;4;2;6;0;7;4;1;4;2;6;8;3;0;4;Software Engineer
2;7;6;7;2;9;2;7;9;1;2;4;6;4;0;0;8;7;9;5;Network Engineer
6;6;7;5;0;3;5;7;3;3;7;1;0;2;7;1;5;4;6;5;Computer Systems Analyst
9;9;4;0;1;9;7;4;6;2;2;3;1;2;8;3;1;8;6;6;Machine Learning Engineer
8;3;3;5;3;0;6;5;1;1;3;3;1;3;7;7;3;2;9;1;Technical Support Engineer
1;9;1;4;5;5;8;3;0;9;6;1;3;9;4;0;4;3;7;9;Computer Network Architect
9;4;5;6;4;1;0;3;4;9;9;3;5;3;0;8;3;8;3;2;Web Developer
6;6;1;4;7;6;6;6;0;9;2;3;1;8;9;7;9;9;0;6;DevOps Engineer
0;3;8;1;2;6;2;5;2;2;5;8;7;2;8;9;0;6;1;4;Quality Assurance Engineer
8;4;9;1;4;3;7;2;2;1;4;2;9;4;2;7;8;6;7;0;Game Developer
3;7;0;1;2;7;7;4;9;3;7;9;0;1;5;5;6;7;2;0;Computer Programmer
4;3;6;7;6;8;6;5;2;5;6;5;0;8;6;4;6;1;9;0;Back End Developer
5;5;0;8;9;6;6;3;3;4;8;8;8;5;1;1;9;8;5;2;Computer Systems Analyst
8;4;1;0;2;7;5;3;4;4;5;4;0;9;2;4;9;7;4;8;Network Engineer
8;6;3;4;1;9;6;2;2;8;1;4;6;2;4;5;9;1;0;5;Embedded Systems Engineer
6;0;4;3;8;9;2;9;4;0;1;4;3;1;7;6;1;9;9;1;Software Developer
1;8;3;1;1;8;9;1;0;6;1;8;2;3;4;0;4;4;2;6;Computer and Information Systems Manager
5;4;2;8;0;1;1;2;8;4;0;9;3;7;1;5;0;1;1;1;Cybersecurity Analyst
3;1;3;4;4;2;1;9;6;6;7;8;0;6;5;8;0;3;4;8;Cloud Architect
4;2;7;9;9;2;7;3;9;0;0;2;0;8;0;4;4;2;2;5;Computer Systems Analyst
1;2;3;6;4;1;7;9;6;6;9;8;1;3;0;3;0;8;5;5;Computer Systems Manager
7;0;9;3;5;7;8;3;4;6;3;0;7;4;1;3;0;5;4;7;Database Administrator
6;1;8;1;2;5;9;9;2;5;4;9;5;3;8;8;9;3;8;4;Software Tester
1;6;8;4;3;6;4;7;6;1;6;4;8;6;2;9;8;0;1;1;Software Developer
2;2;8;1;8;7;8;7;1;9;7;2;8;1;2;7;4;5;6;3;Computer Programmer
7;0;4;8;2;4;7;0;1;2;7;2;4;4;9;0;7;1;9;2;Data Scientist
7;0;0;3;8;5;8;1;7;5;1;9;8;2;7;5;4;9;5;2;Artificial Intelligence Engineer
3;0;4;1;3;4;7;5;3;9;5;2;3;2;0;3;5;8;9;6;Blockchain Developer
3;7;9;1;2;1;8;3;4;9;6;6;5;8;9;6;8;0;1;1;Computer Network Architect
6;3;7;4;5;0;9;6;1;6;8;6;7;4;2;6;8;2;8;1;Network Engineer
2;0;7;2;5;9;8;7;5;4;2;1;7;0;2;8;0;7;9;4;Software Developer
8;2;7;3;6;8;2;8;4;9;3;5;4;8;1;7;0;5;8;6;Research Scientist
7;5;3;9;0;5;0;1;6;2;9;4;2;2;4;3;0;9;5;0;Computer and Information Systems Manager
4;0;7;6;4;5;4;4;6;1;7;6;0;7;8;3;3;9;0;0;Cloud Architect
3;4;8;2;0;3;3;2;8;9;5;2;5;5;0;9;2;4;0;2;Cloud Architect
6;3;2;0;2;4;4;7;7;5;4;1;4;5;5;2;5;9;1;2;Full Stack Developer
4;6;0;7;1;1;1;5;3;9;1;7;6;5;9;9;0;0;8;9;Cloud Architect
1;2;4;1;8;9;7;6;0;4;5;9;2;6;2;1;5;6;8;1;Technical Support Engineer
5;5;4;3;0;8;1;4;3;7;5;1;0;7;4;8;3;7;3;4;Computer and Information Research Scientist
5;3;2;7;2;4;6;5;9;7;0;8;6;8;7;2;5;8;8;1;Business Intelligence Analyst
5;8;6;2;8;5;6;4;2;0;8;4;8;3;2;0;6;6;9;5;Front End Developer
4;7;4;8;6;7;2;8;1;5;6;7;6;9;6;7;0;4;7;6;Network Administrator
5;0;8;7;7;2;5;2;1;6;2;7;2;9;9;1;5;2;3;5;IT Support Specialist
6;2;5;9;9;2;1;3;2;6;4;1;1;0;3;3;4;0;3;8;Web Developer
0;2;0;9;2;7;2;8;0;5;7;5;7;2;7;9;5;3;4;5;Game Developer
0;3;8;4;3;7;4;0;3;0;3;5;8;7;3;9;4;5;1;8;Network Administrator
1;0;1;6;9;9;3;3;2;4;6;1;0;4;1;9;0;7;1;5;Game Developer
5;8;5;0;7;4;3;4;0;3;9;8;8;7;0;7;8;9;6;7;Computer Hardware Engineer
4;6;0;6;2;6;8;5;2;8;3;4;3;7;2;5;9;4;4;8;IT Consultant
2;0;3;2;4;1;3;1;4;4;8;1;1;4;1;0;4;3;7;0;Computer Systems Manager
4;8;9;2;8;2;2;4;5;8;9;4;1;1;5;9;2;5;4;2;Network Administrator
0;1;3;9;7;2;3;6;4;7;7;7;8;1;3;5;7;5;8;6;Computer and Information Research Scientist
9;6;3;3;9;6;5;8;8;2;5;9;3;4;3;3;9;3;3;5;Data Scientist
4;8;7;3;8;3;4;5;5;2;5;7;0;1;3;6;0;8;9;5;Mobile App Developer
0;5;1;6;4;1;1;9;9;6;2;6;5;4;7;0;2;6;3;7;Artificial Intelligence Engineer
1;4;8;1;3;2;2;9;3;5;8;0;7;7;6;9;2;2;4;0;Computer Science Teacher
8;7;7;0;1;7;9;0;9;0;8;5;7;9;2;7;6;3;4;6;Artificial Intelligence Engineer
5;0;2;4;7;7;3;3;2;1;3;7;5;6;7;1;1;8;1;6;Software Developer
8;8;0;5;7;7;0;1;0;2;0;4;2;4;1;9;1;8;5;9;Systems Analyst
0;7;7;3;2;4;3;7;2;4;1;9;1;6;7;9;8;5;2;6;Front End Developer
6;8;7;0;8;5;1;3;2;3;8;6;2;3;1;4;8;1;3;3;DevOps Engineer
3;6;4;0;1;5;7;4;4;9;9;4;6;8;9;2;8;1;9;6;IT Project Manager
2;0;8;0;1;9;0;4;3;4;3;9;5;5;3;4;5;5;9;4;Full Stack Developer
4;5;8;2;9;9;6;4;9;7;8;3;4;5;3;7;9;3;9;7;Back End Developer
2;1;4;7;7;6;4;6;2;0;2;2;9;8;1;4;5;4;0;0;Network Administrator
9;2;0;0;8;0;9;6;0;7;9;5;1;7;4;8;4;0;2;4;Computer and Information Research Scientist
2;9;3;0;3;8;5;3;2;2;2;5;6;5;9;8;3;9;4;1;Data Scientist
8;2;7;3;2;3;5;1;4;8;9;7;4;9;6;4;4;7;8;0;Research Scientist
8;9;5;7;2;0;8;1;1;7;6;6;3;0;3;6;6;2;8;0;Computer Science Teacher
6;1;1;7;0;8;3;4;7;3;5;0;5;2;5;6;2;2;6;5;Machine Learning Engineer
5;6;4;8;0;6;8;9;6;5;5;0;2;8;4;7;6;7;1;4;DevOps Engineer
1;2;9;4;3;7;1;4;0;6;0;0;3;2;4;0;3;3;1;4;Computer Systems Manager
2;6;8;7;0;6;2;4;7;0;6;3;8;1;8;8;6;3;8;0;DevOps Engineer
9;0;8;5;7;9;8;2;8;1;9;7;3;1;8;9;5;0;2;9;Machine Learning Engineer
8;5;4;6;3;8;5;8;1;3;0;2;2;0;9;5;1;8;2;1;Research Scientist
5;5;5;2;5;1;7;8;4;4;0;5;8;8;0;5;4;4;6;1;IT Consultant
2;4;7;3;1;5;1;6;3;0;0;9;9;1;1;4;4;5;5;3;Back End Developer
4;2;3;0;5;7;1;7;9;2;8;3;2;8;9;5;0;4;1;7;Business Intelligence Analyst
0;9;2;3;0;2;1;0;9;8;3;5;8;8;0;8;5;1;0;8;Blockchain Developer
2;1;9;8;4;4;9;8;4;1;3;7;3;5;8;7;7;0;0;7;UI/UX Designer
6;3;9;1;2;9;1;3;4;1;9;0;9;8;5;2;4;5;9;3;Cybersecurity Analyst
0;1;5;5;3;2;2;2;4;1;5;4;6;0;0;1;6;5;8;9;Cloud Architect
3;7;8;6;0;1;6;1;1;9;4;3;5;7;6;9;6;0;1;0;Web Developer
5;2;2;7;2;5;1;3;1;1;1;7;0;5;3;7;6;2;9;0;Software Tester
7;6;5;7;6;0;8;2;2;7;7;4;4;5;0;8;5;1;9;9;Computer Hardware Engineer
3;9;2;5;6;9;2;2;3;2;1;6;4;3;8;5;3;3;8;6;IT Support Specialist
2;2;4;9;9;5;9;3;7;4;9;6;7;9;5;7;9;3;4;1;IT Project Manager
7;4;1;7;9;8;7;4;5;9;5;5;4;1;0;9;5;6;5;5;Computer Hardware Engineer
8;1;2;8;0;2;5;6;1;4;9;6;9;6;5;0;7;2;1;0;Software Tester
8;0;3;4;7;1;3;0;6;6;6;6;1;1;9;7;8;4;2;5;Mobile App Developer
8;3;7;9;2;8;6;9;0;2;6;0;8;0;8;0;5;3;0;2;Database Administrator
1;6;3;7;2;9;4;5;8;7;8;3;1;2;9;2;6;8;8;6;Database Administrator
4;5;9;4;8;7;8;2;4;4;7;8;6;2;3;5;2;9;1;6;Computer and Information Research Scientist
4;4;1;0;8;7;2;3;9;1;1;6;9;2;2;0;1;0;1;6;Software Tester
9;3;3;5;0;7;7;1;0;9;3;3;8;2;5;7;5;6;0;9;Computer Systems Analyst
7;5;5;8;8;9;2;3;1;5;5;8;6;6;6;4;7;5;8;3;DevOps Engineer
1;7;3;9;4;2;0;7;3;3;3;3;9;5;5;3;7;6;1;4;Blockchain Developer
2;5;5;5;1;2;9;1;8;5;2;5;4;0;6;5;1;3;5;6;Computer Programmer
7;3;0;5;8;0;3;5;1;7;5;9;7;8;4;8;0;9;7;3;Cybersecurity Analyst
2;3;1;5;5;8;7;9;0;0;1;5;5;5;6;9;8;3;3;1;Mobile App Developer
9;3;5;2;9;6;7;6;2;4;3;8;0;1;9;5;4;8;0;8;Technical Support Engineer
3;0;0;4;8;9;6;7;0;1;6;7;5;9;7;3;9;8;9;6;Technical Writer
0;8;6;9;0;1;8;6;3;2;0;8;3;2;7;7;8;5;8;0;Business Intelligence Analyst
0;0;1;5;1;5;2;2;1;0;3;3;5;9;3;7;8;2;9;2;Computer Science Teacher
5;3;3;2;3;5;7;9;5;2;0;7;0;7;1;9;6;6;5;6;Computer Systems Manager
1;6;3;1;7;5;5;6;5;7;2;5;6;2;9;7;8;7;9;7;Computer Systems Manager
1;4;9;4;9;9;2;7;8;5;7;7;1;7;0;4;8;2;6;4;Artificial Intelligence Engineer
4;9;0;1;8;1;5;8;3;5;3;3;3;0;6;2;3;6;6;4;Front End Developer
0;1;8;1;6;9;8;8;8;1;2;9;5;7;8;5;1;3;7;6;Business Intelligence Analyst
9;0;6;8;1;7;7;3;5;8;0;5;1;6;9;9;6;0;8;4;Game Developer
1;3;0;7;3;7;4;2;6;6;7;9;6;8;3;3;1;8;1;9;Network Engineer
6;1;8;8;9;2;0;0;8;9;7;0;3;3;1;8;7;4;9;4;Computer and Information Research Scientist
8;4;3;5;6;2;3;4;9;3;8;6;0;2;5;4;8;2;6;3;Computer Network Architect
7;2;7;9;2;4;1;5;4;9;1;6;9;6;1;3;7;2;7;9;Software Engineer
3;9;7;7;9;2;7;0;7;7;1;7;0;1;5;2;0;7;0;9;Business Intelligence Analyst
3;3;8;2;6;1;2;1;7;5;1;6;6;4;3;8;2;1;3;6;Network Administrator
1;5;6;4;0;1;6;1;5;8;3;9;8;1;0;5;2;5;3;4;Digital Marketing Specialist
5;4;9;2;3;3;4;3;3;0;1;3;9;4;9;9;7;2;3;5;Computer Hardware Engineer
3;7;8;5;1;4;2;2;0;5;7;5;5;7;0;8;3;5;7;4;Machine Learning Engineer
3;9;3;8;7;4;5;4;0;9;0;5;6;3;0;5;8;6;7;0;IT Project Manager
0;5;3;4;3;6;5;0;1;2;9;2;2;4;5;8;7;1;5;7;Business Intelligence Analyst
6;4;4;0;7;9;0;3;7;1;4;5;7;4;0;6;1;4;3;6;Computer and Information Research Scientist
3;0;6;2;5;0;8;7;5;4;3;8;5;1;8;2;9;0;9;9;Computer Network Architect
8;4;5;7;6;9;0;1;8;3;5;3;8;1;4;9;6;4;5;9;Mobile App Developer
7;3;6;9;7;7;2;5;9;6;7;7;0;3;0;5;7;6;4;9;Digital Marketing Specialist
7;5;7;9;5;6;0;4;0;0;2;6;3;0;1;6;7;9;7;4;Systems Analyst
6;0;2;2;1;9;0;7;6;7;4;3;3;4;8;8;9;3;1;4;Computer Systems Analyst
1;9;3;8;8;8;3;2;2;5;1;7;0;1;2;2;3;4;8;9;Computer and Information Research Scientist
2;1;2;6;3;4;5;0;3;4;1;2;1;7;0;4;7;3;1;2;Software Tester
7;1;2;4;4;1;8;2;7;2;7;3;4;2;6;6;0;1;8;0;Full Stack Developer
7;5;9;6;5;5;1;1;4;1;9;4;4;3;1;4;8;6;1;0;Software Developer
0;4;3;9;9;2;2;4;0;6;2;7;1;0;7;3;3;6;0;6;Blockchain Developer
4;4;0;7;8;0;4;9;7;9;6;4;6;8;0;1;7;2;8;1;Business Intelligence Analyst
2;0;5;8;1;2;3;2;6;7;9;2;5;0;6;4;9;2;8;9;Technical Support Engineer
0;6;9;3;6;4;1;5;0;1;9;3;6;0;3;3;0;7;4;8;Computer and Information Research Scientist
9;7;1;5;6;0;4;8;8;5;7;8;6;3;0;3;3;0;1;0;Quality Assurance Engineer
4;6;9;6;7;8;6;0;9;4;6;5;6;3;2;9;8;6;7;2;Web Developer
0;1;3;9;1;0;8;4;0;5;2;8;4;8;3;7;5;5;1;3;Network Engineer
6;0;8;8;0;9;6;0;3;7;9;9;6;1;8;9;7;5;7;5;Computer Systems Manager
0;7;6;0;1;8;2;8;0;7;1;5;7;0;0;3;8;9;5;8;IT Consultant
3;1;2;0;8;4;4;8;9;3;1;4;5;3;7;9;1;3;9;9;Research Scientist
5;7;2;4;4;2;3;5;8;4;0;0;7;1;0;1;7;0;5;1;Data Scientist
5;0;8;6;0;5;3;4;9;9;5;0;3;4;0;7;0;0;9;8;Computer Hardware Engineer
8;8;2;4;2;5;2;4;8;3;3;6;8;7;8;3;4;3;9;1;Machine Learning Engineer
4;1;5;0;6;1;8;1;6;6;1;0;0;3;4;7;7;6;3;8;Quality Assurance Engineer
4;4;2;9;1;3;7;9;1;4;4;4;3;0;5;4;4;2;9;3;Computer Systems Manager
0;2;3;8;7;2;4;7;6;1;7;1;4;1;9;4;4;1;3;2;Computer Systems Manager
8;1;0;7;7;5;9;5;5;1;3;9;1;8;7;2;6;5;1;7;Machine Learning Engineer
7;0;5;9;2;2;7;4;3;5;9;8;5;1;1;0;6;7;7;1;IT Project Manager
1;7;6;6;9;5;0;0;5;8;7;9;0;2;0;6;9;5;1;1;IT Consultant
5;3;5;3;7;8;9;4;9;9;6;8;5;6;9;6;3;6;4;5;Research Scientist
0;3;4;5;5;3;4;2;1;1;6;4;1;3;6;5;2;9;0;2;DevOps Engineer
1;4;8;9;8;5;6;8;6;3;8;8;8;3;6;0;1;2;3;8;Front End Developer
9;3;5;7;6;5;2;0;4;5;1;4;0;2;8;5;3;8;8;9;IT Project Manager
0;5;4;9;3;6;1;1;0;3;9;5;2;3;2;0;9;9;4;3;Cloud Architect
4;5;2;5;4;8;6;6;9;3;3;7;0;9;3;5;0;8;6;4;Systems Analyst
8;0;7;8;1;1;7;2;8;1;9;3;6;0;3;7;6;9;7;8;Full Stack Developer
0;2;3;7;2;4;9;7;2;3;4;0;4;6;9;2;2;7;6;5;Technical Writer
6;9;1;7;9;3;5;2;9;3;5;3;6;9;2;3;7;0;0;1;Embedded Systems Engineer
6;5;0;2;3;0;8;4;9;0;3;0;5;5;3;4;9;4;5;7;Network Engineer
9;7;4;6;9;8;2;0;9;5;7;1;3;3;6;8;8;8;7;3;Machine Learning Engineer
6;7;5;5;6;6;7;2;0;3;8;9;6;7;1;9;9;7;9;4;Software Developer
7;8;8;8;6;6;6;8;3;7;1;6;9;1;5;0;4;5;3;5;Computer Programmer
4;7;9;3;9;0;2;5;6;2;1;9;6;4;5;6;9;0;8;4;Computer Systems Manager
6;0;4;8;4;1;6;2;1;6;2;9;3;6;9;9;0;0;9;4;Web Developer
8;1;8;3;4;8;9;7;1;5;1;9;9;5;0;7;4;1;7;0;Systems Analyst
4;0;0;8;2;1;3;3;5;7;7;4;8;5;6;2;7;9;9;5;Technical Support Engineer
4;5;3;7;7;9;0;6;3;7;9;5;3;2;9;9;4;5;5;6;Computer and Information Systems Manager
3;1;7;2;1;1;6;8;5;1;2;0;1;3;3;3;2;6;2;5;IT Project Manager
1;6;7;5;7;8;4;4;8;2;1;7;3;8;2;8;8;0;2;1;IT Consultant
0;8;9;8;0;0;0;4;6;5;7;8;1;7;5;7;0;7;4;0;Mobile App Developer
6;7;4;1;6;9;4;6;6;1;7;5;8;9;0;2;7;3;1;6;Computer Programmer
8;9;0;3;1;0;1;4;0;0;7;5;7;7;3;4;2;2;0;0;Business Intelligence Analyst
3;1;5;5;8;2;9;8;7;8;8;0;5;6;1;5;8;5;4;6;UI/UX Designer
9;4;4;1;7;6;9;1;6;4;7;3;5;5;2;1;3;8;5;6;Database Administrator
0;4;7;4;3;7;8;2;9;4;0;4;4;3;3;3;9;6;8;5;Mobile App Developer
3;3;6;3;1;2;8;9;5;8;6;8;1;0;1;7;0;5;7;9;Embedded Systems Engineer
1;9;7;2;6;5;4;2;7;3;0;7;0;1;0;4;8;9;9;4;Network Administrator
3;5;4;1;5;6;5;5;0;8;4;9;4;9;7;7;7;5;2;9;Network Engineer
9;0;5;6;3;1;1;3;8;2;6;7;9;1;8;7;1;1;1;0;IT Project Manager
3;2;6;3;8;5;9;8;5;4;2;1;1;5;2;5;5;9;4;2;Cloud Architect
5;2;1;7;5;1;3;1;8;7;6;1;1;5;8;5;7;3;7;2;Artificial Intelligence Engineer
6;1;3;8;4;5;1;6;0;1;3;2;7;4;3;6;9;0;3;3;Software Developer
9;9;9;9;0;0;1;3;4;3;6;0;3;3;5;9;3;5;7;3;Computer Hardware Engineer
1;9;9;9;8;2;4;3;9;5;9;9;9;7;3;5;7;6;3;7;DevOps Engineer
2;0;0;7;5;6;8;9;1;8;0;9;9;8;3;7;3;1;2;4;Machine Learning Engineer
0;7;3;2;0;7;0;1;8;1;9;0;9;7;0;3;7;3;7;5;Data Scientist
5;3;1;7;9;9;0;0;6;7;8;1;9;8;5;6;6;9;7;3;Network Engineer
3;3;6;4;1;8;9;0;3;8;6;1;3;2;0;0;0;6;6;5;Computer Science Teacher
9;3;3;9;5;1;1;5;3;6;1;1;5;5;6;0;5;9;8;6;Mobile App Developer
1;7;2;5;7;3;0;8;9;7;2;0;9;5;4;4;1;6;1;8;IT Support Specialist
3;9;5;3;4;5;4;8;6;4;1;5;2;5;7;3;1;7;8;5;Software Tester
6;1;9;4;5;6;6;6;0;3;8;7;4;9;1;7;3;8;6;7;Software Developer
7;2;9;7;1;9;5;8;0;6;9;6;8;4;2;1;0;4;9;7;Computer Science Teacher
0;2;7;3;4;9;5;8;0;6;6;6;4;6;5;7;7;7;1;9;DevOps Engineer
5;3;2;7;1;1;4;5;0;5;7;0;3;3;2;9;2;9;3;8;Computer Network Architect
6;3;9;1;0;9;1;5;8;4;4;5;7;2;6;1;2;7;4;7;Computer Network Architect
0;7;3;3;6;5;5;5;6;3;1;5;5;9;4;5;2;7;3;5;IT Support Specialist
3;8;4;5;8;6;0;0;8;3;7;9;5;5;9;3;1;3;4;7;Mobile App Developer
1;9;0;7;5;4;0;5;7;8;9;3;8;0;8;7;0;0;1;2;IT Project Manager
1;0;7;1;6;4;5;2;6;1;3;9;1;2;1;3;2;5;6;0;Blockchain Developer
2;2;7;5;5;9;6;6;3;7;1;2;6;0;9;4;6;9;0;7;Database Administrator
6;2;5;2;8;0;5;8;4;4;1;0;4;8;6;5;2;9;6;8;Computer Science Teacher
4;3;7;5;2;0;1;6;4;8;7;2;4;7;6;3;8;1;4;1;Systems Analyst
1;5;9;9;7;5;7;5;3;9;2;8;6;0;5;3;4;3;3;2;Quality Assurance Engineer
4;2;4;4;8;2;8;9;9;1;4;9;8;8;5;4;9;5;8;2;IT Project Manager
0;7;4;6;5;4;1;9;8;3;6;8;3;9;8;0;4;5;8;4;Computer Science Teacher
3;8;5;7;3;1;8;1;7;0;5;9;6;1;9;1;7;6;5;8;Technical Writer
2;2;8;7;9;9;1;7;1;3;0;3;9;0;6;5;4;9;3;6;Artificial Intelligence Engineer
3;5;4;0;3;7;4;8;3;0;3;3;9;2;3;0;6;4;7;0;Computer Programmer
0;7;4;9;0;8;9;7;5;9;5;7;1;6;1;5;4;1;8;5;Computer Systems Analyst
3;7;9;9;0;0;8;9;7;5;2;2;2;9;3;6;1;7;1;2;UI/UX Designer
5;7;2;4;3;1;8;6;4;1;4;5;7;1;1;2;4;5;0;0;IT Project Manager
2;9;4;3;5;2;2;9;7;4;5;3;8;2;6;2;4;9;2;4;Computer Systems Analyst
4;8;6;2;7;4;9;5;4;2;8;5;9;2;5;2;4;7;9;6;Network Administrator
9;8;4;1;9;7;8;6;8;4;8;2;0;7;1;6;0;1;4;8;Computer and Information Research Scientist
9;9;4;2;5;7;5;6;1;4;7;3;8;3;9;3;2;6;5;3;Computer Systems Analyst
0;0;5;2;5;1;8;2;1;4;3;1;2;9;7;6;5;0;5;7;Research Scientist
2;4;6;8;6;7;5;3;5;4;9;3;6;4;2;7;0;4;9;2;Digital Marketing Specialist
1;5;3;5;4;8;9;2;7;7;8;2;4;2;5;5;9;8;8;7;Computer Network Architect
4;3;2;8;0;5;0;7;9;8;3;9;9;8;7;3;5;7;7;6;Machine Learning Engineer
5;1;7;2;0;2;2;8;0;7;3;8;0;5;4;3;1;0;8;6;Network Engineer
9;6;8;9;1;1;2;8;5;1;0;3;0;8;3;9;6;9;5;8;Computer Science Teacher
7;5;5;4;7;0;9;8;1;7;1;8;0;1;9;2;6;1;3;1;Database Administrator
5;1;4;7;0;3;5;8;6;6;6;1;9;4;9;8;4;6;5;6;Software Engineer
3;0;5;1;7;6;6;5;1;9;6;0;0;2;6;8;8;4;1;2;Quality Assurance Engineer
5;0;0;0;4;9;4;9;9;9;8;6;4;1;8;4;3;6;8;2;Web Developer
9;3;5;2;4;4;4;9;6;1;1;7;2;8;9;9;0;1;9;7;Business Intelligence Analyst
2;8;1;9;7;1;7;0;7;8;4;5;8;9;1;4;9;7;9;7;Data Scientist
2;9;0;0;0;4;3;4;8;9;0;2;4;7;7;1;6;0;6;9;Mobile App Developer
2;1;9;1;8;8;3;3;9;9;6;7;7;5;3;7;6;1;9;1;Network Administrator
7;3;7;8;1;2;1;9;4;9;6;1;3;7;3;7;8;7;6;4;Computer Systems Analyst
9;9;2;3;5;7;4;0;0;6;8;2;1;1;3;2;5;8;6;1;Front End Developer
1;9;2;3;7;5;2;6;7;9;1;9;2;3;2;0;2;3;6;2;Technical Writer
9;5;3;6;2;6;1;4;6;1;0;8;1;8;3;9;8;2;1;3;Cloud Architect
1;4;0;5;2;9;4;1;6;5;8;9;0;4;5;6;0;3;5;2;Blockchain Developer
8;9;4;6;3;3;1;7;7;6;4;6;8;5;4;2;8;5;5;4;Game Developer
2;9;8;3;5;8;1;0;7;8;3;6;4;2;7;9;0;9;3;9;Network Engineer
1;5;8;6;1;9;6;1;2;4;5;6;0;3;4;9;3;9;8;9;Software Developer
7;5;3;8;8;9;3;4;4;3;1;1;6;8;2;3;3;7;2;7;Mobile App Developer
8;3;0;9;3;1;9;0;0;3;4;8;0;1;5;1;9;5;7;0;Software Tester
8;2;0;2;9;3;9;4;5;5;8;4;6;6;5;7;2;1;1;1;Computer Science Teacher
4;2;7;9;5;1;3;0;7;1;9;0;4;9;5;7;7;5;4;5;Computer Programmer
5;6;1;7;6;7;2;3;2;3;4;2;8;2;0;0;0;3;4;9;Software Tester
8;8;6;0;8;2;7;2;5;1;5;9;9;5;3;2;2;8;4;3;Digital Marketing Specialist
1;1;7;7;4;7;7;2;2;8;0;9;7;0;6;1;1;9;0;9;Business Intelligence Analyst
6;7;2;2;6;6;7;0;9;3;6;7;4;9;6;2;0;9;3;7;Blockchain Developer
4;7;6;2;8;0;6;3;7;4;2;0;1;9;3;3;7;3;1;0;DevOps Engineer
2;7;1;5;4;3;3;1;3;8;6;6;4;4;9;1;2;0;9;9;Database Administrator
6;1;3;4;5;4;7;1;8;1;3;5;4;4;6;3;6;4;2;4;Web Developer
1;9;7;6;4;0;1;7;5;8;5;4;0;0;0;4;7;2;9;1;Machine Learning Engineer
2;6;6;7;9;6;6;2;7;1;8;9;8;7;8;1;0;8;3;5;Software Tester
3;1;0;9;8;1;3;3;5;8;9;7;3;7;8;7;4;3;4;5;Machine Learning Engineer
5;9;7;3;0;8;1;7;4;8;4;2;3;6;6;9;3;5;3;9;Digital Marketing Specialist
4;1;1;8;2;8;0;3;2;1;1;0;8;0;1;9;2;7;7;2;Business Intelligence Analyst
3;9;0;2;1;7;2;0;9;0;6;2;5;8;9;4;2;4;8;5;Computer and Information Systems Manager
8;6;6;0;5;5;2;1;8;9;7;5;1;6;4;1;5;2;6;3;Mobile App Developer
3;5;9;9;3;5;7;8;6;4;1;7;5;8;0;3;2;1;2;1;Mobile App Developer
2;1;7;5;4;8;1;3;3;8;2;7;1;6;4;8;9;8;7;1;Computer Network Architect
4;2;5;6;5;0;0;9;0;8;4;1;4;7;7;2;6;6;5;6;Technical Writer
2;2;9;3;6;1;3;5;9;5;1;6;4;9;9;8;7;8;5;6;Business Intelligence Analyst
1;6;0;9;1;7;6;5;7;3;7;4;4;2;7;6;6;4;8;9;Artificial Intelligence Engineer
5;2;6;9;1;7;6;6;2;0;8;4;8;8;0;8;4;1;4;7;Computer Systems Manager
2;0;6;9;5;0;2;0;6;7;5;2;9;8;5;7;7;8;3;5;Computer Science Teacher
1;8;8;4;1;7;0;1;2;4;7;3;1;2;2;6;1;6;9;3;UI/UX Designer
7;9;7;5;7;6;7;9;3;5;9;4;3;6;8;5;3;5;5;0;Database Administrator
9;4;4;9;2;6;2;5;8;4;8;3;8;5;9;4;2;8;3;2;IT Sales Professional
7;1;0;4;2;9;9;4;5;7;9;0;6;0;5;2;2;8;5;9;Systems Analyst
8;6;8;6;9;4;9;3;9;3;2;3;5;5;2;7;0;0;6;5;Game Developer
4;4;8;6;0;0;0;1;1;7;0;0;0;0;2;7;8;2;1;4;Machine Learning Engineer
8;3;7;7;9;8;5;6;3;1;3;6;5;0;2;5;3;7;6;6;IT Support Specialist
6;2;0;7;8;3;3;4;4;9;0;8;6;7;2;3;5;0;2;7;Software Engineer
2;8;5;1;2;2;6;6;0;7;3;9;1;1;3;2;8;3;4;8;Artificial Intelligence Engineer
0;4;8;5;4;8;9;4;3;6;8;3;2;3;4;8;1;9;9;0;Cybersecurity Analyst
1;4;1;8;4;4;7;7;1;6;8;6;0;8;7;9;1;3;4;7;Artificial Intelligence Engineer
5;0;7;0;3;2;3;3;7;0;6;2;0;2;4;9;8;7;5;5;Technical Support Engineer
8;8;6;7;8;6;9;5;1;4;2;8;3;2;5;8;3;0;3;1;Data Scientist
2;4;6;5;9;2;5;7;7;5;7;3;2;6;9;9;9;9;3;0;Computer Programmer
1;6;3;4;8;4;2;9;4;2;7;5;1;8;7;0;3;2;1;2;Computer Systems Analyst
7;4;2;3;3;9;7;3;7;6;3;9;2;0;8;3;1;2;2;6;Embedded Systems Engineer
4;9;8;6;2;5;4;2;6;6;5;2;4;5;6;5;2;2;4;3;Software Tester
4;8;2;2;3;0;2;9;1;6;8;3;8;3;5;3;9;7;9;9;Game Developer
9;5;8;1;0;7;6;5;8;2;9;8;0;9;8;1;4;6;4;2;Technical Writer
9;1;8;2;6;8;4;8;3;7;2;8;5;7;7;5;2;5;6;7;Software Tester
8;9;7;4;2;4;3;3;3;9;5;7;8;5;9;5;9;0;0;2;DevOps Engineer
2;5;1;4;4;7;2;9;5;9;6;4;1;7;0;3;1;1;8;9;Software Tester
9;7;8;1;9;9;3;2;4;3;6;2;9;6;3;8;7;4;3;2;IT Support Specialist
1;6;3;4;5;7;5;6;9;6;2;5;7;6;7;2;7;8;2;9;Embedded Systems Engineer
1;5;3;1;8;8;8;1;7;3;4;4;5;6;2;6;6;8;1;3;Mobile App Developer
4;1;9;3;9;6;5;0;0;9;9;3;5;3;3;3;4;7;5;0;Full Stack Developer
0;8;3;7;1;1;1;9;5;0;9;9;0;1;2;3;2;2;9;8;Research Scientist
1;2;8;8;0;8;1;8;8;4;7;4;1;7;4;2;2;5;5;3;Blockchain Developer
1;9;3;3;2;2;4;3;2;9;8;3;4;3;2;0;9;0;5;9;Embedded Systems Engineer
3;1;3;0;7;9;2;4;8;1;7;0;6;9;4;0;3;8;3;4;Computer Network Architect
1;8;8;2;2;2;6;7;5;3;2;1;0;4;0;8;7;9;0;2;Computer Hardware Engineer
4;5;8;8;7;9;5;9;6;8;0;3;7;5;5;0;5;1;2;1;Computer Science Teacher
1;5;1;6;0;8;1;1;0;9;7;5;6;8;9;1;0;1;3;4;Front End Developer
4;9;1;7;7;7;2;9;4;7;0;9;7;2;5;7;9;5;2;6;Database Administrator
5;5;0;6;2;3;8;2;6;8;6;9;8;5;0;7;8;5;9;3;Network Administrator
7;6;0;8;7;3;6;4;0;3;2;6;7;3;0;3;5;1;0;7;Computer Hardware Engineer
0;8;5;3;5;3;2;8;1;8;6;8;2;1;3;2;8;9;2;2;Network Engineer
3;1;6;7;6;5;7;0;7;0;5;1;8;8;1;2;9;7;5;0;Computer Network Architect
7;4;2;1;1;4;3;6;5;6;9;8;6;9;2;9;0;5;2;8;Computer and Information Systems Manager
5;2;1;7;4;0;1;0;6;1;4;8;6;8;7;2;8;7;2;1;Front End Developer
4;9;6;4;1;1;4;9;5;1;4;4;0;5;0;5;0;0;8;3;Full Stack Developer
6;5;3;7;3;9;9;1;5;0;1;4;0;8;3;0;2;8;3;8;Quality Assurance Engineer
9;1;0;7;5;1;7;7;1;2;3;4;2;7;7;8;3;9;4;5;Network Engineer
9;9;7;7;9;3;1;8;9;9;3;7;7;5;5;9;9;9;5;4;Digital Marketing Specialist
8;0;6;5;8;2;5;2;5;8;2;3;9;7;5;1;1;8;8;8;Web Developer
9;6;6;5;8;2;2;3;3;2;1;4;0;9;3;5;3;1;9;0;Game Developer
0;8;9;9;4;6;6;0;2;8;7;4;9;4;3;1;4;4;8;7;Software Developer
6;6;2;5;3;5;8;5;3;8;6;8;6;5;6;5;8;7;2;4;Full Stack Developer
4;9;4;8;8;9;9;9;9;3;6;3;9;1;0;4;6;3;3;6;Back End Developer
1;3;1;7;4;5;8;7;3;9;4;5;7;6;1;0;3;1;0;6;Computer Programmer
2;5;1;9;3;8;3;3;7;2;7;3;2;7;7;9;3;9;5;8;Full Stack Developer
7;1;1;3;7;7;4;0;7;8;4;0;2;6;8;7;9;6;7;5;Computer Systems Manager
1;5;0;9;2;9;2;3;4;9;5;3;7;5;7;4;8;0;8;7;UI/UX Designer
2;0;0;0;0;5;0;5;2;4;1;6;5;0;4;7;1;8;3;1;Web Developer
8;7;3;0;1;3;3;7;6;0;0;2;3;7;3;9;8;0;8;1;Systems Analyst
7;6;6;4;9;4;4;4;2;1;3;1;4;9;1;3;0;0;9;9;Computer Systems Manager
2;5;6;8;7;7;3;6;4;0;7;8;1;8;1;8;8;9;7;8;Mobile App Developer
9;6;0;9;8;3;8;2;6;2;2;4;5;9;1;5;1;1;3;5;Computer Network Architect
8;0;9;0;8;3;4;9;2;3;8;5;9;9;2;9;8;8;1;6;Computer Science Teacher
9;9;7;4;1;1;9;2;5;6;2;8;5;6;5;0;5;0;6;8;Network Engineer
7;9;5;8;0;8;1;9;1;1;1;1;8;5;7;4;3;5;0;3;Database Administrator
4;7;9;7;1;6;2;5;1;1;6;5;1;1;4;9;8;4;8;5;Network Engineer
9;4;7;9;9;5;5;9;1;7;2;2;2;8;4;8;5;3;1;0;Computer Systems Manager
5;7;4;3;3;7;1;7;6;0;8;8;3;0;2;8;0;2;0;9;Back End Developer
3;8;0;7;6;6;1;9;1;6;5;6;4;8;0;1;5;4;2;2;Embedded Systems Engineer
2;3;3;3;1;3;3;4;0;7;4;1;6;9;8;0;0;8;1;1;Artificial Intelligence Engineer
0;6;7;0;2;0;8;9;5;8;3;8;9;3;3;3;2;6;0;7;Computer Systems Manager
8;1;2;1;1;7;8;7;5;2;1;2;8;0;9;3;8;7;3;8;IT Sales Professional
2;6;1;5;2;9;8;5;2;8;7;6;1;0;3;8;4;6;8;1;UI/UX Designer
4;8;9;6;7;1;6;7;4;9;3;9;5;1;7;0;5;7;7;8;Software Engineer
3;9;4;4;3;3;1;4;6;8;7;6;1;8;9;3;0;0;9;7;Cybersecurity Analyst
9;8;9;5;2;8;3;6;9;1;0;4;1;5;8;9;3;4;6;7;Artificial Intelligence Engineer
2;0;1;2;3;5;4;5;1;5;8;2;4;3;8;1;1;0;1;8;Cybersecurity Analyst
1;3;3;8;6;1;8;2;9;2;1;9;7;7;4;9;0;8;9;6;Quality Assurance Engineer
4;7;4;1;3;3;7;3;7;6;0;3;7;4;6;9;3;3;3;6;IT Sales Professional
0;5;4;3;4;4;5;0;7;8;2;3;4;7;2;9;5;4;5;8;Business Intelligence Analyst
4;4;3;7;7;7;1;6;9;2;0;3;7;1;6;4;2;9;4;7;Machine Learning Engineer
0;6;0;0;8;0;1;9;1;7;6;2;1;2;0;3;7;1;0;7;Research Scientist
7;5;6;7;6;9;9;8;5;2;2;6;6;9;1;7;5;2;2;6;Computer Systems Manager
1;6;1;0;8;0;1;5;4;4;9;0;9;0;6;9;8;1;7;3;Computer Programmer
8;8;6;5;2;9;7;2;8;1;6;5;7;6;3;8;4;5;2;9;Computer and Information Systems Manager
0;5;4;2;0;6;0;8;6;5;1;6;3;4;3;8;1;6;1;9;Computer Hardware Engineer
8;7;9;4;0;9;5;3;6;3;9;4;8;9;3;7;5;4;3;2;Software Developer
9;1;2;7;8;8;2;5;2;8;1;0;8;1;7;6;9;8;2;8;Blockchain Developer
2;3;1;6;0;0;8;5;8;2;7;3;9;0;6;8;8;4;0;1;Machine Learning Engineer
7;8;0;0;0;9;0;1;0;5;4;8;9;0;1;3;2;4;8;2;Technical Writer
7;3;8;4;7;9;4;3;0;7;5;2;0;6;7;1;1;9;9;1;Data Scientist
8;8;5;9;2;6;2;0;0;2;0;3;5;9;2;8;9;9;8;8;Quality Assurance Engineer
9;4;2;9;3;6;4;3;7;3;0;3;8;9;2;2;0;1;0;9;Network Engineer
8;0;8;0;5;6;8;6;8;0;2;8;9;6;8;3;1;9;9;8;UI/UX Designer
8;4;8;3;2;2;5;8;3;0;9;6;6;3;1;6;1;8;9;9;Front End Developer
8;6;9;4;0;7;7;3;5;2;6;3;7;0;5;2;1;9;7;9;Computer and Information Research Scientist
8;1;9;6;7;2;7;2;1;0;0;8;4;9;5;5;7;1;8;8;Computer Systems Analyst
0;7;6;2;6;1;5;5;5;5;5;8;5;8;0;2;1;7;7;2;IT Support Specialist
5;4;9;8;2;6;4;9;7;4;6;2;3;8;2;3;6;3;8;4;Computer Science Teacher
1;2;0;5;2;9;5;0;7;6;7;7;2;1;7;7;2;3;2;4;Machine Learning Engineer
8;7;9;1;1;3;5;6;1;0;0;2;7;3;7;7;2;4;2;8;Network Administrator
8;0;9;4;8;5;1;4;9;0;7;6;4;6;7;8;2;8;1;4;Software Engineer
6;5;0;6;8;3;7;6;1;2;5;0;6;8;0;7;4;5;9;6;DevOps Engineer
9;1;6;6;6;3;7;3;9;4;4;1;1;0;4;7;3;3;3;6;Computer Science Teacher
3;5;9;2;4;7;8;3;3;3;7;9;9;1;6;4;6;2;9;5;Research Scientist
2;6;3;6;5;9;0;4;3;7;5;3;0;9;6;3;9;3;2;7;Database Administrator
4;0;1;7;9;8;7;7;4;8;0;4;8;4;6;7;6;8;9;7;IT Consultant
3;4;7;1;1;1;3;3;5;6;2;8;0;6;6;8;7;1;1;1;Business Intelligence Analyst
8;1;7;3;8;3;9;0;0;2;4;3;8;1;1;7;1;3;0;1;IT Project Manager
0;2;6;5;0;7;1;9;4;7;0;0;2;7;1;4;7;9;2;8;Software Tester
9;1;7;7;5;8;9;9;8;4;9;1;7;5;8;3;8;6;9;7;Blockchain Developer
3;7;7;2;4;3;0;1;9;4;8;4;8;2;9;4;7;7;6;1;IT Consultant
9;1;2;7;5;5;7;0;8;5;3;5;0;7;3;5;7;4;7;9;Systems Analyst
5;2;8;1;6;1;7;7;8;1;0;4;2;4;8;3;3;7;7;3;Software Tester
4;9;7;1;0;6;8;5;1;6;3;9;5;2;3;4;7;2;9;3;Computer Programmer
9;5;0;6;2;2;1;3;3;7;4;3;1;8;5;9;8;1;3;6;Machine Learning Engineer
9;3;5;0;9;5;8;8;6;2;9;6;3;6;6;9;1;2;7;7;Cybersecurity Analyst
1;3;6;9;4;7;3;3;4;8;5;7;3;9;6;1;3;8;1;4;Network Administrator
7;9;6;1;5;2;1;4;6;1;9;5;0;5;1;7;0;0;7;8;Business Intelligence Analyst
8;2;7;1;1;9;3;3;2;4;3;1;5;4;6;9;7;5;3;3;Network Engineer
1;9;8;3;2;3;2;4;2;1;6;0;2;9;0;2;2;4;9;0;Software Engineer
3;7;4;5;6;1;2;7;4;6;1;1;2;5;4;3;9;4;7;6;Computer Science Teacher
8;2;4;7;9;9;2;3;5;8;7;9;8;3;0;5;2;5;1;0;Computer Network Architect
8;8;7;2;9;6;1;7;9;5;4;2;9;7;4;6;3;1;6;3;IT Sales Professional
0;4;3;7;1;8;1;7;4;5;9;7;9;5;3;3;1;7;3;4;Software Developer
7;6;6;9;0;1;8;5;6;3;8;7;8;5;7;8;0;3;3;6;Software Tester
7;7;3;6;0;2;1;5;9;3;4;6;3;3;1;4;1;4;8;5;Technical Support Engineer
7;6;3;3;8;6;1;7;0;9;7;0;9;5;0;2;0;2;4;8;Software Engineer
2;9;9;6;5;0;3;9;6;3;9;6;5;9;7;7;4;4;6;7;Digital Marketing Specialist
5;4;8;3;5;3;5;3;2;3;2;2;8;3;6;0;2;1;2;7;Embedded Systems Engineer
2;6;5;7;3;4;0;4;3;0;0;8;8;7;5;5;2;6;4;9;Back End Developer
2;1;7;5;2;7;4;5;3;7;5;1;2;6;2;4;7;0;3;7;Web Developer
7;2;0;5;5;4;6;7;3;5;1;4;6;3;2;1;8;1;7;5;IT Sales Professional
5;7;6;8;5;6;6;7;6;5;0;5;4;0;0;3;1;9;7;3;Database Administrator
1;2;7;4;8;6;9;9;2;6;3;9;1;5;6;7;3;6;9;7;Research Scientist
1;5;5;0;3;2;0;9;9;0;5;8;9;2;5;0;1;8;6;5;Computer and Information Systems Manager
4;5;5;3;9;8;0;9;0;6;9;9;2;5;1;6;5;2;7;4;Technical Writer
0;4;3;4;4;6;3;3;9;1;1;4;2;7;6;6;9;1;4;6;Research Scientist
4;9;3;4;3;8;0;2;0;8;4;9;3;9;5;3;6;4;1;8;Cloud Architect
8;3;1;9;5;5;1;4;7;8;0;5;8;6;8;8;7;3;9;3;Artificial Intelligence Engineer
9;5;4;3;3;9;2;6;4;9;3;9;3;7;1;9;5;1;1;8;Game Developer
5;2;6;3;2;8;0;1;4;0;9;9;6;8;8;9;2;6;9;8;Computer Network Architect
4;1;6;1;7;3;2;4;5;3;6;0;3;7;0;7;3;5;2;2;Web Developer
4;2;3;5;4;8;0;1;2;2;8;1;4;4;5;2;0;3;1;9;Mobile App Developer
1;3;4;4;0;3;1;5;5;1;5;0;5;1;8;8;6;4;2;6;IT Support Specialist
7;9;1;9;2;9;9;4;3;8;3;8;7;5;6;5;1;9;5;8;UI/UX Designer
6;0;2;8;5;0;0;6;9;8;7;6;1;8;1;0;8;8;5;0;Machine Learning Engineer
8;3;3;2;3;1;3;6;9;9;1;9;9;2;3;3;7;2;9;1;Computer Network Architect
8;2;9;0;6;8;4;5;1;2;0;4;0;9;6;5;9;1;9;9;Research Scientist
0;3;6;3;8;2;7;8;1;6;8;2;4;1;5;3;3;8;5;6;Back End Developer
7;9;8;2;2;8;9;7;6;6;5;2;8;8;0;8;3;0;7;2;Computer Network Architect
9;0;6;3;1;4;9;5;8;5;9;6;3;1;6;4;2;0;2;5;Research Scientist
2;0;9;9;2;8;8;0;5;0;8;7;6;5;4;9;0;9;3;9;Computer and Information Systems Manager
1;5;1;2;8;8;5;1;8;9;0;8;2;6;5;9;6;4;1;7;Database Administrator
6;8;3;8;6;0;5;2;1;3;3;2;8;4;1;3;7;8;2;9;IT Consultant
6;8;0;9;8;6;0;9;5;8;6;5;4;4;9;7;6;1;3;8;IT Support Specialist
0;7;0;3;6;3;1;9;9;0;7;4;4;9;6;4;3;4;4;7;Back End Developer
9;4;5;2;8;2;5;6;5;5;9;9;6;8;3;4;5;2;2;1;IT Sales Professional
7;4;4;4;7;7;4;9;6;6;7;7;2;3;4;5;8;4;6;2;IT Consultant
7;7;5;0;0;7;0;5;8;9;9;1;0;4;7;3;6;8;6;4;Business Intelligence Analyst
3;4;4;8;7;8;0;4;4;2;2;9;4;5;9;5;2;3;2;1;Front End Developer
3;3;8;5;6;9;7;2;7;8;9;0;1;4;3;5;8;5;1;4;DevOps Engineer
7;1;7;0;7;2;1;3;0;9;4;0;4;3;6;1;1;6;5;0;Technical Support Engineer
3;6;1;5;4;9;3;1;1;4;8;7;2;8;5;4;3;5;4;6;DevOps Engineer
3;8;5;2;0;2;8;5;3;9;5;8;4;9;7;0;1;4;2;9;Research Scientist
5;5;1;9;5;7;6;2;1;4;1;1;3;9;0;3;6;3;6;8;Research Scientist
9;0;4;2;0;3;1;5;6;9;4;1;9;2;4;4;3;7;6;3;Computer and Information Research Scientist
6;4;0;3;3;5;7;1;0;5;3;2;3;7;0;0;4;2;1;5;Embedded Systems Engineer
8;4;3;0;6;7;4;6;6;4;5;1;7;1;6;3;8;0;0;8;Computer Programmer
8;1;3;3;9;0;8;0;4;2;9;7;8;0;0;3;3;5;3;2;UI/UX Designer
3;9;6;3;6;8;7;7;4;1;1;4;5;4;8;9;1;6;0;2;Computer Science Teacher
5;3;9;1;8;6;1;5;0;4;8;9;1;7;3;3;7;2;0;7;Computer Science Teacher
7;3;5;1;8;3;3;7;8;8;2;3;0;1;1;5;1;0;1;9;Cloud Architect
7;4;7;8;5;8;1;0;5;8;9;2;9;7;3;6;5;5;5;2;Computer Systems Manager
2;3;3;2;2;4;0;4;8;1;7;3;8;7;6;7;7;6;9;3;IT Project Manager
1;4;5;9;0;9;9;0;8;0;9;0;4;6;3;6;5;0;8;8;IT Consultant
8;3;6;2;3;0;7;9;9;4;4;3;2;7;7;8;3;1;5;3;Computer Network Architect
2;0;6;4;8;3;8;7;6;6;4;6;5;2;0;8;8;4;0;9;Computer Systems Analyst
3;1;8;4;3;3;7;6;3;0;9;2;0;0;8;8;6;9;1;3;Network Engineer
2;3;5;3;5;4;8;5;1;5;9;1;5;1;1;4;5;1;5;8;Database Administrator
6;4;4;8;7;1;6;8;8;3;7;9;1;4;2;8;9;2;0;8;Cloud Architect
5;8;5;1;6;5;0;0;4;4;5;6;5;6;0;7;6;5;9;9;IT Project Manager
9;4;3;2;7;2;3;5;5;5;2;4;6;8;5;2;5;6;7;3;Data Scientist
8;5;1;7;8;6;0;4;1;3;1;5;3;3;0;4;7;6;7;3;Computer and Information Research Scientist
9;9;6;0;1;1;9;6;7;6;8;7;3;5;6;0;2;6;4;2;Research Scientist
9;3;7;8;9;7;7;9;1;8;3;8;9;7;2;3;9;2;2;9;Cybersecurity Analyst
3;9;6;8;4;7;4;0;9;7;4;9;6;8;3;0;4;5;4;1;Technical Writer
6;8;1;1;5;3;9;9;4;9;1;1;1;2;2;3;1;5;8;6;Computer Science Teacher
8;1;5;9;0;4;5;7;9;2;6;4;8;5;8;7;4;6;4;8;DevOps Engineer
3;5;3;5;9;6;6;8;0;7;6;8;9;4;1;3;1;1;3;0;Software Tester
5;4;2;1;2;5;1;4;0;5;9;6;0;2;1;9;8;0;3;2;Network Administrator
0;8;9;6;0;7;8;6;1;4;7;6;0;8;6;1;6;3;5;0;Data Scientist
7;6;5;1;0;8;4;8;0;5;0;8;6;1;9;2;2;1;5;4;Technical Support Engineer
2;8;6;3;3;7;7;7;7;3;1;1;2;2;2;8;0;0;5;5;Software Engineer
4;7;1;6;5;6;3;0;8;4;5;4;3;3;5;6;5;3;8;1;Systems Analyst
0;7;5;8;4;2;7;9;4;9;8;6;3;5;0;4;4;8;8;0;Data Scientist
2;6;9;8;0;4;6;1;3;7;6;1;1;1;3;4;2;6;5;7;Systems Analyst
2;8;9;7;6;5;1;6;0;8;0;2;6;4;4;7;7;3;8;9;Network Engineer
1;3;1;3;4;7;1;1;5;7;8;0;5;9;6;2;7;7;6;6;Embedded Systems Engineer
7;0;4;7;7;1;7;7;0;2;3;9;9;0;6;9;8;0;6;0;Computer Systems Analyst
7;3;5;0;7;2;1;7;1;5;1;3;8;5;5;3;0;6;5;9;Digital Marketing Specialist
0;3;5;8;4;2;3;1;2;6;9;7;8;1;8;4;2;0;3;0;Machine Learning Engineer
1;6;6;1;8;7;5;1;2;0;5;5;8;7;1;2;3;4;9;3;IT Sales Professional
2;7;0;2;5;1;5;0;1;0;2;2;9;6;0;6;4;5;2;3;Computer and Information Systems Manager
8;9;7;3;2;5;3;4;7;2;2;1;4;7;6;9;2;8;4;3;Machine Learning Engineer
5;9;4;3;2;4;6;2;9;5;2;6;9;4;9;5;6;1;2;8;IT Consultant
2;3;0;8;8;3;2;1;1;0;6;1;3;5;4;6;8;2;4;6;Software Developer
9;9;3;0;9;5;7;5;3;0;4;5;4;9;0;4;4;8;4;7;Data Scientist
4;8;1;4;3;0;9;9;7;8;7;5;9;7;7;3;4;7;1;8;Artificial Intelligence Engineer
1;0;0;8;5;2;8;5;4;3;0;1;6;3;1;4;6;1;0;1;Computer Systems Manager
8;3;4;9;4;7;4;5;5;2;7;8;8;0;3;6;7;2;1;4;Database Administrator
5;8;2;4;4;0;9;3;2;5;7;0;8;5;0;0;6;6;0;7;Business Intelligence Analyst
9;8;3;6;0;8;6;2;7;3;5;8;2;0;3;4;3;4;0;3;DevOps Engineer
0;2;6;2;9;8;5;9;2;4;5;0;4;0;4;5;1;7;4;4;Computer Systems Analyst
2;5;9;9;0;3;2;7;6;9;1;2;4;3;7;2;9;7;1;5;Software Engineer
2;9;1;3;0;6;0;6;0;0;2;4;7;6;7;9;8;7;6;1;Embedded Systems Engineer
7;5;0;9;1;8;9;7;2;9;4;2;9;1;1;7;9;2;5;0;Business Intelligence Analyst
7;7;3;8;6;0;1;9;4;5;1;6;7;1;5;0;7;8;9;0;Software Engineer
8;1;6;7;4;1;5;4;5;8;6;4;0;1;4;8;5;3;3;4;Computer Systems Analyst
1;4;9;0;3;2;8;9;3;7;1;4;3;5;3;7;9;4;6;8;Database Administrator
8;7;9;3;3;3;6;9;7;8;8;3;2;5;0;3;3;3;8;1;IT Support Specialist
7;6;1;8;0;6;1;7;0;2;4;4;3;7;6;2;3;2;0;6;Quality Assurance Engineer
8;3;1;6;7;0;6;5;4;4;4;1;1;5;1;3;3;2;6;1;Network Engineer
6;1;8;9;7;3;2;0;8;2;1;7;3;3;7;9;1;6;8;7;Machine Learning Engineer
2;8;8;6;1;3;6;3;1;8;8;0;3;3;5;9;6;9;2;7;Embedded Systems Engineer
2;4;6;5;7;4;9;8;8;2;3;6;2;8;9;8;5;2;8;4;Full Stack Developer
5;8;2;5;1;4;4;8;7;1;1;9;0;6;2;5;3;0;3;0;IT Support Specialist
0;9;3;0;2;7;3;3;0;6;8;0;3;0;0;1;3;3;7;3;Front End Developer
5;5;0;8;8;0;5;7;5;6;1;6;8;0;1;7;8;4;1;8;Software Developer
4;6;5;8;3;2;2;0;9;7;1;7;5;8;2;2;5;8;4;4;Computer Systems Analyst
0;4;3;2;1;1;1;8;4;4;6;8;4;1;8;6;6;1;3;5;Mobile App Developer
2;5;5;5;7;8;2;1;9;6;3;1;1;3;6;6;9;3;3;7;Mobile App Developer
6;8;3;1;9;1;7;3;6;8;1;2;2;5;9;7;5;1;8;3;Machine Learning Engineer
8;2;8;6;3;5;3;5;6;5;0;3;7;8;7;7;8;1;3;0;Technical Writer
4;7;4;3;8;0;2;6;6;7;7;5;2;4;2;1;8;1;4;1;Computer Hardware Engineer
7;4;0;9;5;5;8;6;6;7;4;5;5;6;5;0;2;4;9;5;Cloud Architect
2;6;4;0;4;9;1;4;3;2;1;3;0;6;9;3;8;2;7;2;Data Scientist
8;2;1;3;2;3;5;4;4;0;1;4;7;9;2;8;8;2;4;1;Blockchain Developer
0;8;1;1;3;7;6;0;9;9;2;1;3;5;8;4;0;5;1;0;Network Administrator
6;5;1;9;1;5;3;1;0;4;1;2;0;1;1;0;5;4;9;5;Web Developer
2;3;8;3;6;0;9;4;3;6;3;2;4;7;4;5;8;2;9;9;Software Developer
1;1;0;5;4;7;0;2;9;5;9;5;3;3;7;9;0;7;9;9;UI/UX Designer
0;7;6;0;1;0;1;0;5;5;1;6;5;4;5;2;2;4;0;2;Data Scientist
3;5;5;9;7;5;6;5;6;8;1;3;2;0;2;5;4;0;7;2;Computer and Information Systems Manager
5;7;3;0;1;1;7;9;0;7;2;1;9;1;1;8;4;6;3;7;Technical Writer
9;9;0;1;2;9;4;9;4;6;2;8;9;0;4;2;2;9;3;8;Digital Marketing Specialist
6;0;0;7;6;1;0;0;2;9;1;7;3;2;1;2;1;0;3;2;Web Developer
6;7;5;1;7;2;4;1;8;5;3;7;6;9;6;0;5;8;9;0;Computer Network Architect
6;4;4;3;8;6;5;2;6;0;7;3;5;7;4;6;9;3;3;7;Technical Writer
9;1;0;6;6;7;9;1;6;1;5;4;3;3;2;6;0;7;3;9;Computer and Information Research Scientist
3;0;1;8;9;2;0;1;3;4;2;5;3;1;1;1;9;1;6;9;IT Sales Professional
1;0;6;0;8;6;0;7;6;1;0;2;1;6;1;5;1;2;7;6;Technical Writer
6;6;6;1;8;3;5;9;1;3;9;9;1;8;8;7;9;9;9;6;Computer Programmer
7;6;7;2;4;9;8;4;5;6;0;4;9;4;6;0;9;4;8;4;Front End Developer
0;0;3;0;1;6;7;5;7;1;3;7;1;3;3;6;4;7;2;4;Computer Hardware Engineer
9;0;4;6;3;2;6;7;9;6;9;8;5;8;8;4;0;9;7;3;Computer and Information Research Scientist
1;8;9;2;2;6;9;4;0;1;6;1;9;7;9;9;9;5;3;4;Digital Marketing Specialist
5;3;9;0;3;4;6;0;7;4;4;6;9;3;6;1;5;8;6;7;Systems Analyst
2;8;8;1;1;7;6;5;1;6;4;0;0;3;2;8;9;7;9;7;Computer and Information Research Scientist
1;7;1;9;0;5;2;7;0;9;0;5;1;5;1;9;9;1;1;8;IT Sales Professional
7;8;6;7;9;7;4;1;3;0;2;3;4;6;4;4;7;0;6;7;Computer Hardware Engineer
6;3;1;5;5;6;0;7;2;2;3;6;9;2;3;9;5;3;1;6;Front End Developer
9;3;0;0;8;2;3;8;1;1;9;2;3;9;0;6;0;4;6;1;Mobile App Developer
6;3;3;5;1;0;0;6;3;1;6;3;8;1;2;4;4;6;3;6;Cloud Architect
0;9;8;8;0;0;9;0;3;7;8;1;5;5;4;5;3;8;9;4;Full Stack Developer
5;4;2;3;3;6;1;3;1;7;6;7;3;8;4;1;5;5;8;1;IT Sales Professional
7;2;0;7;5;2;1;1;3;2;7;2;6;0;8;2;0;0;0;0;Systems Analyst
8;6;2;9;5;1;1;5;7;9;9;6;8;5;1;5;4;0;1;4;Data Scientist
0;8;4;3;7;6;6;0;5;9;9;6;3;2;9;0;7;7;8;7;Front End Developer
2;4;9;6;1;9;1;8;0;2;0;9;0;2;1;8;6;6;8;7;Computer Science Teacher
6;3;1;2;4;1;8;3;7;4;2;2;1;6;4;1;2;7;5;1;Network Administrator
2;5;8;8;6;7;5;3;6;7;0;7;4;6;1;2;7;9;1;1;Research Scientist
5;9;9;8;5;7;1;0;6;6;0;2;2;8;8;8;7;2;0;3;Computer Programmer
3;3;8;0;3;8;7;8;0;3;1;7;9;8;3;7;7;2;6;6;Quality Assurance Engineer
4;4;1;1;3;7;3;8;3;8;5;9;0;6;9;9;1;9;1;8;Digital Marketing Specialist
6;7;0;6;4;2;3;6;3;0;0;9;1;8;8;9;6;6;9;8;Computer Systems Manager
7;9;3;6;7;1;5;3;7;1;2;4;0;8;5;1;6;2;1;5;IT Project Manager
6;7;5;3;3;7;5;4;5;6;1;3;4;7;4;3;4;3;3;3;UI/UX Designer
2;6;9;2;7;9;3;9;0;1;8;3;1;6;5;2;3;2;8;2;Web Developer
8;6;8;1;2;7;4;6;7;7;5;1;3;8;9;7;4;7;5;2;Data Scientist
8;2;9;8;7;8;1;8;0;1;1;8;2;0;8;6;2;2;1;0;Technical Support Engineer
9;1;0;5;9;4;0;5;0;0;0;2;2;0;6;6;4;6;8;5;Database Administrator
3;5;2;1;2;3;8;3;1;7;8;5;0;0;7;3;4;5;8;9;Software Tester
3;1;6;9;8;3;9;2;2;5;5;0;5;5;9;5;8;7;0;7;Computer Systems Manager
5;6;5;9;2;1;5;1;0;9;2;6;4;7;0;7;2;7;8;5;Artificial Intelligence Engineer
5;9;4;2;5;9;6;3;4;0;4;6;4;4;7;2;9;5;0;0;Cloud Architect
1;6;7;3;4;0;2;0;0;3;7;9;3;9;3;1;4;7;8;5;Network Engineer
3;4;1;8;7;1;9;1;5;8;7;4;4;8;6;3;6;2;8;6;Embedded Systems Engineer
6;9;2;4;6;4;0;3;5;2;1;0;4;0;0;3;5;2;6;4;Technical Support Engineer
4;8;6;9;4;0;3;8;2;7;5;0;9;4;6;6;6;0;6;6;Business Intelligence Analyst
6;4;6;2;4;3;8;5;4;7;1;8;6;1;0;8;3;1;2;7;Computer and Information Systems Manager
1;3;1;8;5;3;4;8;1;0;0;2;0;6;0;4;1;6;7;5;Technical Writer
2;7;7;0;7;6;0;7;7;6;9;6;7;6;8;4;5;7;0;0;Software Developer
1;3;4;4;2;7;0;8;8;0;0;3;4;6;9;6;3;2;2;6;Computer and Information Research Scientist
6;6;2;9;4;7;9;9;2;7;4;3;9;4;2;1;1;7;6;3;Mobile App Developer
4;1;1;6;3;3;8;4;1;5;6;2;4;4;5;7;4;7;3;2;Software Tester
5;4;8;5;7;2;4;9;4;7;3;6;1;7;6;7;1;9;1;1;Game Developer
8;0;3;2;1;6;4;6;9;8;9;3;8;6;8;9;4;4;3;0;Research Scientist
9;1;4;0;9;4;3;3;0;3;3;0;1;8;3;4;3;3;0;8;Systems Analyst
1;2;7;8;5;8;1;0;2;7;1;6;8;2;0;2;4;7;8;9;Back End Developer
7;1;8;1;2;4;3;4;6;3;1;4;5;1;3;2;8;2;7;2;Cloud Architect
4;9;2;6;3;4;7;7;5;5;5;4;6;8;7;8;1;5;6;6;Computer Systems Analyst
4;5;4;5;8;3;3;6;4;4;3;0;9;5;3;1;0;7;3;0;Back End Developer
7;4;0;2;7;5;0;2;6;4;1;8;9;6;1;4;7;7;6;7;DevOps Engineer
5;5;8;6;1;7;0;8;1;4;5;6;4;9;9;1;9;3;1;2;Computer and Information Research Scientist
6;5;6;2;8;6;3;3;6;8;8;8;2;5;0;3;5;2;8;0;Computer and Information Systems Manager
8;6;8;6;7;0;7;5;9;3;4;7;7;2;2;7;3;1;8;9;Network Engineer
9;2;7;9;9;5;5;1;7;2;7;5;0;8;2;4;5;6;7;3;Back End Developer
2;7;5;5;7;6;5;7;9;3;4;2;9;7;6;9;2;0;9;6;Computer Network Architect
3;1;7;5;3;5;8;5;2;6;1;6;1;6;9;8;8;6;1;7;Computer and Information Systems Manager
5;1;3;9;1;0;8;1;9;4;2;9;7;4;9;9;4;7;3;5;Network Engineer
3;5;6;6;5;6;9;7;4;6;2;0;9;5;6;1;7;0;6;6;Cybersecurity Analyst
3;5;9;9;9;6;5;8;4;4;8;8;3;2;7;8;3;7;4;9;Game Developer
5;5;2;1;3;9;1;6;3;7;0;4;6;9;6;9;0;3;6;8;Cloud Architect
8;6;4;6;0;9;6;2;8;7;6;1;5;8;2;0;4;6;2;7;Blockchain Developer
9;2;0;5;3;0;3;2;5;3;7;5;4;0;4;2;1;9;6;0;Software Developer
6;5;2;6;0;5;5;0;1;9;6;3;2;9;3;9;0;7;7;9;Systems Analyst
8;3;4;3;5;9;6;3;3;4;1;4;1;4;1;8;4;3;9;5;Network Engineer
0;6;6;7;9;8;8;9;9;9;6;9;5;9;0;4;1;5;5;3;Systems Analyst
4;9;5;5;3;0;7;1;6;3;0;6;5;0;7;1;2;0;5;3;Front End Developer
4;5;8;6;9;9;0;9;3;4;3;7;2;3;8;7;0;4;2;3;IT Support Specialist
9;1;3;5;7;4;3;6;1;9;7;3;6;2;3;1;2;3;5;4;Computer Systems Manager
0;9;9;0;1;2;2;0;2;3;4;7;1;3;4;2;6;2;1;9;Business Intelligence Analyst
5;8;7;5;2;0;4;4;3;2;4;6;3;8;9;5;6;6;5;5;Front End Developer
7;5;2;7;8;1;7;0;8;7;7;7;5;6;0;5;8;3;9;9;Artificial Intelligence Engineer
0;5;0;5;9;4;8;2;6;5;3;3;7;4;0;5;5;3;0;8;IT Consultant
2;0;7;7;5;7;8;0;4;1;1;5;0;7;0;9;2;9;7;3;Blockchain Developer
2;2;5;3;9;7;2;3;8;7;0;4;2;4;9;8;1;8;9;8;Back End Developer
3;1;0;5;9;6;8;4;6;0;5;3;8;6;1;9;0;2;4;1;DevOps Engineer
8;2;3;9;6;2;0;6;7;7;6;6;3;4;2;6;5;8;7;3;Full Stack Developer
2;9;9;1;2;0;6;4;0;4;0;7;9;7;8;1;5;4;5;1;Systems Analyst
0;7;2;8;0;0;4;3;5;0;0;3;4;3;5;4;0;5;8;5;Technical Support Engineer
6;1;6;6;9;0;9;1;0;2;0;1;9;7;8;0;1;8;0;8;Blockchain Developer
7;9;4;7;1;3;8;8;8;0;6;3;0;6;6;6;8;5;0;3;IT Sales Professional
5;8;1;3;5;2;1;7;8;8;7;9;6;7;1;3;5;8;9;2;Cybersecurity Analyst
2;3;0;3;6;9;3;6;1;3;4;3;4;7;1;8;1;2;0;9;Computer Hardware Engineer
4;2;0;2;5;4;7;3;0;1;4;6;0;9;7;2;9;8;7;6;Computer Science Teacher
2;1;8;3;9;0;9;1;6;0;4;6;3;3;4;2;9;6;4;2;Quality Assurance Engineer
5;7;5;6;1;6;3;6;1;2;3;6;2;0;9;3;4;6;4;4;IT Consultant
8;2;3;5;7;1;1;6;9;4;3;8;3;3;5;2;8;9;5;6;Mobile App Developer
6;7;2;1;6;3;9;9;5;7;4;6;9;0;3;4;6;2;2;4;Back End Developer
9;2;2;4;4;6;3;6;0;0;8;9;2;5;8;5;1;7;6;1;Game Developer
0;3;9;1;5;4;2;3;5;1;9;2;2;3;4;8;1;4;9;3;Computer Systems Analyst
1;8;5;9;5;0;6;4;4;1;7;6;6;5;3;9;1;3;3;1;Web Developer
2;2;4;1;8;2;7;0;6;5;1;3;2;2;6;3;1;0;1;6;Full Stack Developer
5;5;9;7;9;4;1;7;7;4;0;9;3;9;9;0;5;3;9;9;Data Scientist
3;5;3;9;9;1;0;5;5;9;2;8;3;3;8;6;6;4;2;7;Front End Developer
5;9;0;7;7;5;4;6;6;1;7;1;0;9;3;8;1;5;0;3;Technical Support Engineer
6;6;9;7;9;9;4;1;4;8;9;5;4;2;3;2;7;3;1;4;Computer Hardware Engineer
2;8;2;3;8;2;6;2;6;9;3;4;9;9;1;6;6;8;9;8;Database Administrator
3;9;3;4;0;2;2;5;0;9;1;1;8;5;1;4;6;8;7;8;Computer and Information Systems Manager
1;1;5;7;9;5;4;3;8;2;3;8;1;8;4;6;3;6;7;8;Quality Assurance Engineer
5;5;2;8;0;8;0;3;4;0;0;8;3;0;0;9;9;8;7;4;IT Sales Professional
6;1;1;2;6;0;9;0;8;9;6;6;4;9;6;7;8;9;4;7;Blockchain Developer
4;0;8;2;5;0;2;4;8;7;6;0;7;0;2;6;1;9;9;6;Software Developer
4;4;1;2;4;5;4;9;5;0;1;3;0;2;6;7;8;4;0;4;IT Sales Professional
2;0;7;3;3;2;8;0;8;1;8;0;9;9;5;1;3;3;9;3;DevOps Engineer
2;5;5;9;3;7;3;0;5;6;4;4;6;1;2;0;9;5;2;9;Computer and Information Systems Manager
9;8;3;1;8;7;1;9;7;5;7;4;6;2;6;0;4;6;1;6;IT Consultant
5;6;5;4;1;0;5;7;0;6;9;3;2;9;5;5;8;5;2;6;IT Sales Professional
7;9;8;9;2;2;9;6;2;8;0;6;9;4;6;0;0;5;8;9;DevOps Engineer
9;6;4;1;1;1;9;8;8;7;9;4;7;4;1;3;3;7;2;0;Artificial Intelligence Engineer
8;9;0;1;7;9;0;0;3;5;0;4;2;9;5;5;0;1;8;3;Database Administrator
9;4;7;5;9;8;8;3;8;5;8;9;5;6;2;8;3;9;3;8;Data Scientist
7;5;5;4;4;2;7;1;5;3;5;4;7;6;6;2;8;4;7;2;Embedded Systems Engineer
1;4;8;9;2;9;0;7;8;3;2;2;1;2;7;4;4;5;2;5;Computer and Information Research Scientist
6;3;4;3;2;9;2;3;9;6;9;7;6;2;6;7;4;0;8;5;Data Scientist
8;9;4;9;5;5;2;9;8;5;4;2;2;9;8;9;1;6;5;7;Systems Analyst
4;6;4;1;4;5;6;0;6;8;8;0;2;8;1;1;7;8;0;3;Web Developer
4;9;4;8;1;8;8;8;2;4;4;2;0;9;9;9;2;4;2;8;Computer Systems Analyst
7;3;7;1;5;2;2;0;6;9;4;1;4;0;3;3;4;0;0;5;Network Engineer
9;4;0;9;7;9;3;8;4;1;4;9;1;0;0;0;9;1;0;7;Systems Analyst
5;4;7;2;1;9;3;2;1;4;0;8;7;6;5;7;9;7;8;0;Software Developer
3;8;2;3;1;1;7;5;9;0;2;3;7;1;5;6;2;6;2;6;IT Support Specialist
4;2;2;1;9;3;3;3;3;6;1;0;1;5;4;2;0;1;3;9;Computer Systems Manager
2;9;5;4;7;8;9;7;2;5;8;7;2;2;5;0;0;1;9;1;Cloud Architect
2;1;0;4;2;9;1;1;9;4;3;4;3;9;9;8;3;2;6;9;Mobile App Developer
7;6;5;4;0;2;0;6;4;1;7;0;2;5;7;0;5;8;0;4;DevOps Engineer
0;7;6;8;9;3;2;2;5;3;3;0;7;7;1;2;1;4;7;5;Computer Systems Analyst
9;8;3;0;0;5;0;3;0;8;0;8;6;0;9;2;8;9;7;8;Blockchain Developer
2;1;7;5;4;3;8;0;5;8;0;3;3;5;5;1;0;4;3;9;DevOps Engineer
1;4;2;4;0;2;6;1;6;6;9;0;1;1;7;2;1;9;8;3;Full Stack Developer
3;1;0;3;1;9;0;0;4;0;0;2;4;0;2;2;2;6;1;0;IT Support Specialist
4;4;6;8;8;7;9;0;3;3;7;6;6;0;7;9;6;1;6;2;Computer Science Teacher
1;3;7;4;5;7;1;1;3;8;5;5;6;7;6;9;3;9;1;4;Computer and Information Systems Manager
2;1;7;2;6;1;7;3;1;0;8;8;3;0;4;5;8;7;0;7;Computer Science Teacher
2;0;6;8;5;9;1;1;9;2;8;9;2;3;3;6;8;3;9;8;Cloud Architect
5;8;6;7;6;1;6;8;3;4;0;7;6;2;4;9;5;5;4;4;Computer Science Teacher
5;9;7;3;0;0;2;4;4;1;8;2;8;8;2;3;5;1;8;3;Technical Support Engineer
6;9;1;1;4;4;7;7;0;5;7;3;2;7;1;4;6;4;4;4;Mobile App Developer
2;1;6;9;5;5;0;6;4;9;4;6;1;2;6;8;4;1;4;4;Network Engineer
2;0;4;0;1;6;4;5;2;8;6;1;3;5;1;2;2;7;9;6;Data Scientist
0;2;7;6;4;8;8;6;9;8;9;4;4;7;9;8;0;0;1;8;Computer and Information Research Scientist
1;8;7;4;5;5;7;9;3;8;7;1;0;5;2;3;7;9;3;8;Machine Learning Engineer
5;7;3;4;3;4;2;3;4;8;9;1;7;7;8;7;1;2;0;6;Software Tester
8;3;9;4;8;1;4;6;7;6;8;9;4;9;5;3;5;6;2;0;Systems Analyst
1;2;0;1;6;0;7;1;3;5;8;4;1;2;4;5;1;4;0;6;DevOps Engineer
4;3;8;1;1;4;6;0;3;9;0;2;0;4;2;8;0;0;0;6;Full Stack Developer
5;2;2;4;9;1;0;9;0;9;6;8;1;4;2;3;5;7;2;1;UI/UX Designer
1;2;5;3;4;5;0;1;4;9;9;8;5;5;2;1;3;5;8;5;UI/UX Designer
2;0;8;8;6;4;8;4;4;3;7;1;6;8;7;4;6;2;8;3;IT Support Specialist
2;2;1;0;2;0;4;4;7;0;7;8;8;6;1;4;7;6;9;3;UI/UX Designer
7;4;9;0;6;0;3;4;8;3;2;7;7;6;4;9;4;5;7;1;Technical Support Engineer
0;8;4;4;2;2;1;1;5;2;0;7;8;2;2;6;5;2;7;8;Technical Writer
7;3;8;4;5;3;8;9;6;1;5;9;0;9;5;6;1;2;4;1;IT Support Specialist
6;0;7;7;1;4;1;8;3;6;8;4;0;8;7;9;2;0;7;6;Computer Network Architect
4;8;1;5;3;4;0;9;6;3;6;4;3;2;3;7;3;5;4;4;Technical Support Engineer
2;4;4;5;9;0;5;9;4;2;8;0;5;0;0;0;3;5;0;3;DevOps Engineer
4;2;4;1;0;7;2;7;2;5;4;6;9;6;2;7;6;9;4;0;Artificial Intelligence Engineer
6;0;0;6;2;4;5;5;1;5;7;9;3;6;2;7;1;6;2;9;Network Engineer
1;5;5;9;3;9;4;0;3;9;4;1;4;3;0;2;2;7;9;7;Software Engineer
3;7;1;3;4;0;4;8;8;4;3;0;5;2;8;7;1;6;8;3;Artificial Intelligence Engineer
1;5;6;3;5;0;8;9;8;9;4;0;0;4;0;0;6;3;7;4;Back End Developer
2;7;4;6;7;4;9;5;3;8;0;1;9;0;7;3;6;7;4;4;Network Engineer
7;3;1;7;5;5;1;1;7;5;2;6;4;4;0;9;5;8;2;6;Software Engineer
8;3;1;5;8;4;9;6;8;8;9;3;0;9;6;3;0;5;7;0;IT Support Specialist
5;6;5;0;1;3;5;1;1;3;0;8;3;1;2;6;9;1;5;4;Software Tester
6;0;0;2;9;9;3;6;4;4;9;8;4;9;6;3;5;7;1;2;Research Scientist
9;8;5;9;8;7;5;2;6;9;6;3;7;2;5;9;3;3;9;7;Database Administrator
7;1;7;8;6;5;2;5;7;7;4;8;0;7;6;3;2;0;6;8;Blockchain Developer
2;9;5;7;1;1;0;1;8;6;9;7;4;9;2;0;4;8;5;7;Computer Systems Analyst
4;3;2;7;9;5;4;9;5;7;4;9;8;5;4;4;3;6;6;3;Computer and Information Systems Manager
9;5;8;4;0;4;0;6;4;6;1;0;6;7;1;5;5;0;8;5;Mobile App Developer
9;2;8;0;7;7;4;1;1;9;3;5;0;8;9;8;0;6;4;5;Computer Systems Analyst
1;6;9;8;1;6;9;0;0;5;8;3;1;2;2;0;0;5;2;2;Digital Marketing Specialist
1;7;9;9;2;1;5;1;7;8;3;0;9;7;8;0;4;4;6;7;Research Scientist
9;6;8;0;6;5;9;8;7;6;5;5;1;0;8;6;8;1;8;0;Web Developer
7;4;4;5;3;4;4;3;6;4;9;8;5;1;9;9;6;6;4;5;Machine Learning Engineer
5;2;3;8;5;6;5;3;8;5;3;6;3;0;9;9;2;9;4;4;Web Developer
2;2;8;2;1;1;7;1;0;1;5;9;2;9;4;9;1;4;3;0;Software Developer
3;5;7;7;1;3;7;4;8;0;3;0;0;4;4;5;1;8;1;5;Software Tester
3;9;1;1;1;3;6;5;3;0;9;9;0;4;6;9;4;9;1;9;Computer Network Architect
6;9;9;7;3;1;5;9;9;1;2;9;4;7;5;1;9;6;3;9;Computer Science Teacher
0;8;0;5;4;0;5;0;2;2;8;4;9;8;8;8;3;5;6;1;Digital Marketing Specialist
8;2;3;7;6;2;1;9;4;4;5;0;2;2;7;5;5;7;7;2;Business Intelligence Analyst
0;9;2;1;5;6;4;1;7;1;4;1;3;9;8;4;1;6;4;2;Back End Developer
0;8;5;8;0;1;6;9;6;4;6;2;8;4;1;3;3;0;0;2;Systems Analyst
4;6;3;5;5;8;3;2;4;2;4;2;3;2;8;6;0;1;8;8;Data Scientist
9;7;7;9;8;8;5;2;1;3;0;7;1;1;2;3;6;2;2;6;Network Administrator
1;7;5;9;3;8;2;9;9;1;2;4;5;2;5;2;5;6;3;7;Data Scientist
4;9;2;1;9;6;6;3;0;3;6;3;5;0;0;0;0;8;2;5;Software Engineer
2;1;5;1;4;2;1;6;7;7;6;7;5;3;6;5;8;1;4;1;Cybersecurity Analyst
1;5;7;4;9;7;9;0;8;8;6;2;1;8;6;8;6;8;0;2;Systems Analyst
6;8;2;4;7;6;3;7;8;5;7;8;7;6;2;0;0;2;5;5;IT Project Manager
0;1;0;5;9;0;8;1;5;6;6;8;9;5;6;4;6;0;4;4;Front End Developer
3;7;5;0;6;6;2;4;8;3;6;3;3;8;6;4;8;2;7;0;Computer Hardware Engineer
4;1;3;1;9;8;9;1;5;5;0;4;8;3;2;5;2;2;0;5;Data Scientist
1;0;1;6;1;3;0;6;7;9;0;2;2;7;1;4;1;9;1;3;Full Stack Developer
2;9;2;2;6;4;7;7;6;5;8;7;3;2;9;2;8;2;8;5;Computer Programmer
7;1;6;4;1;4;2;7;9;5;8;6;9;9;2;1;8;7;8;7;Business Intelligence Analyst
2;7;0;6;5;2;7;5;8;2;9;2;0;1;9;0;6;3;9;6;Computer Hardware Engineer
1;0;3;9;1;2;3;8;3;5;8;9;4;1;1;1;7;8;4;4;Database Administrator
8;7;9;1;5;4;0;4;1;5;8;0;4;1;7;4;5;5;3;6;Blockchain Developer
6;3;8;1;8;4;3;2;9;0;8;2;2;4;4;5;3;3;8;7;Software Tester
5;4;0;1;4;8;6;2;1;5;5;5;9;8;7;9;6;5;4;9;Database Administrator
9;4;6;9;5;1;0;3;8;3;1;5;1;7;4;9;6;1;3;6;Computer Science Teacher
2;8;9;1;2;2;7;6;1;5;6;5;6;1;7;6;2;8;1;7;Computer Programmer
3;8;3;6;2;9;1;3;5;5;4;1;3;8;9;6;4;3;0;7;Software Tester
2;4;1;3;7;3;9;3;2;0;5;0;5;3;2;9;8;6;6;4;Full Stack Developer
5;6;0;3;2;3;7;8;4;9;9;1;4;0;8;4;1;2;1;0;Database Administrator
7;8;0;4;9;2;5;0;1;0;5;5;6;8;2;8;5;0;1;0;Database Administrator
2;1;6;4;7;2;7;9;1;2;1;4;1;3;8;3;0;6;4;6;Front End Developer
8;1;1;7;1;8;9;3;9;0;0;6;1;4;6;9;7;3;9;0;Digital Marketing Specialist
7;7;5;3;3;5;3;8;0;3;9;5;0;2;2;4;1;4;4;4;Database Administrator
8;6;6;6;9;8;7;8;3;9;1;5;9;1;1;1;1;2;5;0;Data Scientist
4;7;6;9;0;3;6;4;6;3;3;1;8;7;2;1;1;4;0;4;Software Engineer
7;7;6;4;0;1;9;3;1;9;2;5;1;6;1;6;1;8;4;6;Computer Systems Analyst
1;8;7;5;9;7;2;7;4;1;4;1;7;9;4;7;8;2;9;9;Computer Programmer
2;4;5;1;3;8;7;9;5;5;9;2;3;8;7;8;6;5;1;9;Computer Network Architect
3;6;5;1;3;0;7;5;0;6;1;2;0;9;2;5;9;9;2;5;Web Developer
1;2;0;4;1;3;1;2;1;9;9;5;9;5;4;0;2;0;2;1;DevOps Engineer
9;1;6;9;9;5;5;3;5;7;0;0;0;9;9;4;4;2;0;7;Game Developer
4;5;3;7;7;7;0;3;1;2;4;7;2;0;5;6;7;1;4;8;Database Administrator
5;8;5;8;4;1;7;7;8;8;7;8;0;4;6;1;2;3;3;0;IT Project Manager
5;4;7;3;3;5;2;3;0;8;7;9;8;1;7;3;7;5;2;2;UI/UX Designer
6;4;0;9;1;3;0;8;2;2;9;1;4;2;6;5;0;3;0;5;IT Consultant
3;4;4;2;7;1;8;0;8;4;4;5;5;3;2;1;4;9;6;7;Blockchain Developer
3;6;2;3;6;4;0;8;6;7;3;8;3;7;3;0;1;4;6;5;Computer and Information Systems Manager
2;0;4;2;5;1;5;0;6;9;0;9;9;0;4;0;2;0;0;4;IT Support Specialist
9;8;1;4;9;8;8;7;1;2;6;1;9;8;7;5;5;6;3;8;Computer Systems Manager
4;9;2;2;9;3;8;8;5;8;3;8;1;5;5;9;6;8;9;4;Machine Learning Engineer
9;9;1;6;0;6;0;9;4;7;2;5;7;2;9;2;8;6;2;3;UI/UX Designer
1;2;5;4;1;0;1;6;7;6;8;0;6;5;4;2;9;4;4;7;Software Engineer
1;2;7;6;7;4;0;4;2;2;6;4;5;1;1;6;4;1;4;9;Computer Hardware Engineer
5;9;8;7;2;9;8;8;0;8;0;1;2;1;7;4;5;4;3;6;IT Sales Professional
2;0;2;6;9;7;7;3;4;6;4;8;1;1;9;0;4;9;3;1;Database Administrator
6;3;2;6;1;9;5;1;4;3;7;0;5;6;6;0;1;6;1;2;Data Scientist
8;5;2;6;3;5;2;7;7;8;1;6;8;6;2;1;8;5;2;8;IT Consultant
9;0;3;2;0;9;7;9;9;9;8;4;9;2;7;4;5;3;0;0;Software Tester
9;5;3;4;6;6;0;7;3;4;5;4;2;3;4;0;5;0;5;8;Software Engineer
3;7;6;4;2;5;8;0;9;3;1;9;9;7;6;3;5;7;9;8;Business Intelligence Analyst
2;9;7;2;0;8;2;2;0;5;2;0;8;1;2;4;9;1;6;9;Blockchain Developer
8;0;9;1;9;5;0;8;0;0;3;1;6;5;0;2;1;5;8;7;Embedded Systems Engineer
3;9;8;4;7;5;1;9;3;6;6;6;7;1;1;5;7;7;2;4;IT Project Manager
4;1;1;3;3;2;7;4;8;3;9;4;3;2;4;7;5;6;3;7;Cloud Architect
0;1;5;8;0;3;8;5;4;6;5;4;3;3;9;4;3;4;8;9;Technical Support Engineer
9;2;8;1;2;9;2;0;3;3;9;0;1;1;7;9;6;5;1;1;Network Administrator
8;8;4;1;0;6;9;2;3;9;9;3;2;8;5;9;0;2;4;6;Embedded Systems Engineer
7;7;2;4;1;5;1;8;5;6;6;2;5;8;4;3;5;8;4;1;Software Engineer
1;8;2;7;4;5;4;0;5;0;1;7;2;1;5;4;6;0;0;2;Research Scientist
6;9;4;0;8;0;8;3;5;5;1;4;6;7;4;3;5;0;0;1;Machine Learning Engineer
8;1;9;6;9;2;4;8;3;4;8;7;0;4;1;5;8;6;5;4;IT Consultant
5;4;2;4;3;1;6;2;2;4;8;9;7;8;6;0;8;1;9;6;IT Project Manager
6;9;7;1;9;1;1;9;9;2;4;8;6;7;9;6;4;3;8;3;Computer Programmer
9;2;0;3;9;1;4;9;3;5;0;7;2;5;9;5;6;6;2;5;Web Developer
0;5;3;5;6;6;2;6;4;1;1;6;6;8;3;3;9;4;6;5;Computer and Information Systems Manager
5;0;4;8;2;5;9;5;2;3;3;1;1;1;1;9;7;2;7;7;Data Scientist
2;5;5;3;3;9;1;9;9;5;2;3;2;9;5;7;8;1;6;7;Software Tester
7;5;2;8;3;4;3;0;0;3;7;3;6;2;8;9;9;0;0;0;Full Stack Developer
2;6;6;7;7;6;0;7;9;7;7;2;7;3;1;3;3;2;4;8;Cybersecurity Analyst
4;8;1;5;7;8;9;9;7;1;9;0;1;0;2;1;9;4;0;5;Network Administrator
8;7;1;7;6;1;0;2;0;3;2;7;6;0;8;7;0;3;3;1;Artificial Intelligence Engineer
5;7;4;2;8;0;3;0;3;3;9;3;1;8;7;7;8;5;6;1;Computer Programmer
3;2;7;7;4;3;7;0;8;4;9;6;8;0;5;6;0;9;2;0;Full Stack Developer
0;5;7;8;8;7;2;7;1;4;1;2;9;3;9;8;4;1;3;9;Technical Support Engineer
9;8;3;1;7;2;0;7;1;2;6;2;8;1;3;5;5;8;0;4;Quality Assurance Engineer
2;9;0;0;9;5;3;7;4;2;6;5;4;7;1;8;0;6;9;6;Network Administrator
4;4;7;1;8;4;1;8;5;5;6;2;2;2;3;4;1;8;6;8;Artificial Intelligence Engineer
7;4;4;8;9;4;9;0;0;8;2;5;5;2;3;2;5;3;9;4;Systems Analyst
8;5;5;3;5;3;1;1;1;2;3;0;9;2;6;3;2;0;5;9;Software Developer
9;6;7;9;2;0;9;2;8;1;1;9;8;0;5;0;6;9;0;0;Data Scientist
1;6;2;2;4;1;8;8;1;7;5;0;2;1;1;5;3;0;3;2;Machine Learning Engineer
6;9;9;6;3;9;7;6;5;4;2;7;4;7;0;7;4;7;7;3;Computer and Information Systems Manager
7;7;3;0;1;0;5;2;2;2;3;8;3;4;2;7;6;7;9;2;Computer and Information Research Scientist
2;7;9;9;9;3;4;0;1;7;2;9;0;8;2;5;7;6;4;0;Computer and Information Systems Manager
3;9;7;7;7;1;4;9;4;4;6;0;4;3;6;5;2;8;0;7;Game Developer
8;4;9;6;5;1;0;4;0;0;7;3;6;4;3;4;6;3;4;5;IT Support Specialist
3;8;2;3;4;2;6;4;9;5;4;0;0;7;4;8;6;1;5;6;Cybersecurity Analyst
3;7;3;6;0;6;8;3;6;8;6;1;3;7;1;0;0;3;1;3;IT Support Specialist
3;1;2;1;5;5;4;7;6;7;3;2;1;9;2;6;8;8;3;6;Game Developer
8;7;3;0;7;8;5;8;8;5;5;8;7;5;6;8;2;4;6;1;Computer Network Architect
8;8;8;1;6;0;9;8;0;5;9;9;1;5;5;7;2;5;4;5;Software Engineer
2;3;0;4;5;0;7;9;9;4;4;6;8;8;0;0;2;7;3;8;Back End Developer
7;4;8;2;9;7;0;6;4;9;2;9;8;0;2;5;3;6;2;7;Cybersecurity Analyst
2;3;4;4;7;9;7;4;9;4;1;9;1;5;0;0;7;8;2;6;Digital Marketing Specialist
7;1;7;8;2;8;9;7;3;9;5;5;7;8;4;3;5;9;9;2;DevOps Engineer
1;3;1;0;9;3;3;5;4;8;4;1;6;3;2;6;5;0;9;7;IT Consultant
3;2;0;8;3;1;0;5;2;1;4;6;2;9;1;6;8;1;4;5;Full Stack Developer
8;7;3;0;4;4;5;9;7;5;8;0;6;1;9;9;6;2;9;6;Research Scientist
1;4;6;0;5;5;4;6;0;7;9;3;4;8;1;7;3;6;7;8;Machine Learning Engineer
7;1;5;3;7;0;9;3;2;7;6;1;1;4;9;0;0;9;8;7;Web Developer
7;5;2;6;0;9;4;2;8;6;7;1;0;7;6;4;8;0;7;1;Systems Analyst
8;0;3;7;7;6;6;8;7;5;3;4;2;1;6;1;3;2;5;0;Front End Developer
2;5;9;7;1;8;0;6;8;4;3;5;3;3;3;3;0;1;0;5;Computer Systems Manager
3;0;0;7;7;4;4;8;8;2;4;6;3;4;6;8;5;8;1;8;Game Developer
5;0;1;3;5;8;0;2;6;9;9;0;3;2;9;5;8;8;7;6;Research Scientist
9;4;3;7;1;0;2;5;3;7;1;8;0;3;2;7;3;6;6;7;Network Engineer
6;1;5;7;9;7;1;4;0;6;1;6;4;7;0;2;2;2;9;2;Technical Writer
4;5;3;5;8;3;5;2;6;7;3;4;3;4;0;9;6;9;3;3;Data Scientist
5;7;7;6;2;8;1;0;2;1;4;5;5;1;9;8;8;0;5;1;Data Scientist
5;8;8;6;7;0;4;4;0;3;0;7;4;0;2;4;9;8;2;7;Technical Support Engineer
0;9;7;5;8;3;7;7;8;7;0;0;9;1;2;3;1;1;3;0;Computer Network Architect
1;9;9;2;7;3;9;8;2;9;1;4;4;1;7;8;6;6;1;9;Software Tester
1;5;3;2;1;1;3;4;8;3;5;1;0;8;9;2;1;9;4;6;Mobile App Developer
1;1;5;1;2;8;7;7;5;0;2;6;9;9;3;7;7;6;9;9;Computer and Information Systems Manager
2;1;0;5;9;3;6;4;6;2;6;4;4;9;3;9;0;1;7;0;Blockchain Developer
5;7;7;9;8;5;4;1;0;1;3;0;1;2;4;3;6;7;4;3;Technical Writer
2;0;4;2;0;5;7;4;4;3;6;1;1;3;3;5;7;6;9;7;Technical Writer
1;9;6;0;5;0;0;7;2;4;0;2;0;6;8;0;1;1;5;7;Computer Network Architect
7;9;8;1;7;1;6;3;3;1;1;0;4;8;9;7;1;5;8;8;IT Support Specialist
4;7;5;6;9;9;1;4;8;0;0;2;2;5;9;9;9;4;2;1;Research Scientist
2;2;2;8;8;4;5;5;6;6;4;8;2;9;0;1;8;9;2;2;Back End Developer
6;0;9;9;5;4;5;2;1;5;3;5;6;7;7;4;0;5;0;4;Computer Science Teacher
1;7;3;3;9;6;4;1;9;7;7;3;1;1;1;7;1;4;8;3;Computer and Information Systems Manager
0;2;6;9;3;4;0;2;5;3;6;7;8;1;6;2;1;7;4;3;Computer and Information Research Scientist
3;2;2;0;0;5;4;6;5;6;3;9;2;5;2;6;0;0;2;8;Computer Systems Analyst
1;9;5;6;6;8;8;6;9;2;2;1;8;9;4;7;4;3;1;7;Blockchain Developer
3;0;3;5;7;6;2;1;0;5;3;2;6;3;9;1;2;4;6;4;Cybersecurity Analyst
8;9;2;1;3;1;2;6;5;6;4;5;5;3;4;2;4;2;7;4;Database Administrator
7;4;8;7;2;7;1;8;7;6;3;2;0;8;4;1;4;7;9;5;Cloud Architect
5;9;5;1;6;6;2;7;1;1;2;8;5;0;2;9;8;5;0;0;Quality Assurance Engineer
5;5;6;8;4;2;9;3;1;2;0;4;1;3;9;1;1;9;5;1;Database Administrator
3;0;5;3;4;2;9;2;0;0;3;9;9;3;7;2;9;5;3;8;Business Intelligence Analyst
9;3;8;2;1;9;9;0;0;5;4;4;2;8;9;4;3;1;3;9;Computer and Information Systems Manager
7;3;9;8;7;7;7;7;0;2;9;8;2;2;5;1;8;9;9;4;Cybersecurity Analyst
0;3;1;5;6;1;7;4;6;7;6;8;7;7;6;2;6;7;2;9;Web Developer
5;5;0;3;7;9;9;6;1;3;4;1;5;7;0;3;9;1;2;0;Data Scientist
6;9;7;7;9;5;7;6;3;2;8;2;0;3;0;3;5;1;3;6;Research Scientist
0;0;4;2;6;0;5;3;1;2;5;5;1;9;8;9;6;2;9;6;Web Developer
6;8;9;4;5;9;8;4;9;0;6;8;7;0;4;7;8;8;0;0;Computer and Information Research Scientist
0;5;8;9;3;2;3;7;3;5;4;8;3;8;2;5;0;2;1;6;Blockchain Developer
9;8;2;2;5;1;3;0;2;5;4;1;4;9;2;7;5;2;8;5;Computer Programmer
3;0;8;1;0;9;4;4;0;9;2;1;2;2;2;0;9;6;9;6;Back End Developer
7;2;8;6;5;2;3;0;4;4;9;2;3;8;1;0;8;5;5;7;Artificial Intelligence Engineer
0;5;4;8;1;3;4;4;9;4;4;9;9;0;6;3;6;0;4;7;Computer and Information Research Scientist
6;7;7;5;3;2;1;3;6;5;9;6;3;1;9;5;9;2;9;3;IT Support Specialist
1;7;5;1;4;4;6;4;2;3;4;6;9;1;3;7;3;6;4;4;Computer and Information Research Scientist
9;1;6;3;7;4;6;2;5;1;4;9;3;8;9;7;0;8;8;4;Research Scientist
7;4;3;6;9;8;2;7;6;9;9;4;6;8;5;9;4;5;3;0;IT Consultant
8;3;6;5;2;9;6;8;8;9;7;7;1;8;6;5;9;3;3;0;Network Administrator
4;0;1;1;8;7;1;0;7;1;6;9;2;7;7;5;0;5;9;9;Computer and Information Research Scientist
6;0;8;6;1;6;6;6;3;0;5;4;7;8;3;2;1;5;7;1;Technical Support Engineer
6;7;9;7;7;1;3;6;6;2;1;9;1;0;2;0;9;5;9;2;Computer Hardware Engineer
9;0;9;3;8;8;0;4;0;0;2;9;8;7;4;5;4;6;0;4;Technical Support Engineer
1;0;6;8;6;4;4;8;0;8;6;4;4;3;8;2;5;2;9;4;Technical Writer
1;6;4;8;3;4;0;5;6;7;2;4;2;8;1;0;4;9;0;2;Machine Learning Engineer
2;7;1;5;3;1;4;7;7;0;5;9;9;4;0;2;3;7;3;8;Computer Hardware Engineer
7;2;6;7;2;0;8;9;2;8;8;0;1;2;0;2;5;3;5;6;Cloud Architect
3;0;1;9;6;2;1;1;2;8;4;0;8;2;8;9;2;2;7;9;Technical Writer
6;4;0;5;2;2;1;4;8;5;6;0;5;0;8;0;7;7;0;7;Cybersecurity Analyst
1;3;6;3;9;9;4;2;1;7;9;3;1;0;2;6;0;6;9;8;Web Developer
0;5;3;5;5;4;3;7;2;2;5;2;7;5;4;0;4;0;1;2;Web Developer
6;1;2;1;4;3;0;2;3;6;3;7;6;8;5;1;8;8;6;8;Business Intelligence Analyst
8;9;9;0;3;3;2;2;9;8;3;9;9;6;8;5;1;9;0;3;Technical Support Engineer
8;9;4;1;7;8;1;0;9;8;2;1;5;7;0;2;1;4;2;5;Research Scientist
9;0;3;7;4;0;3;1;1;8;5;6;4;3;2;8;7;8;3;8;Full Stack Developer
8;5;6;6;6;3;1;5;1;4;5;7;6;0;7;7;7;8;5;8;Cloud Architect
7;6;1;6;9;0;9;2;6;5;2;9;8;8;6;9;4;7;5;4;IT Project Manager
7;2;0;7;2;6;2;0;7;8;0;4;8;6;0;3;0;5;5;0;Cybersecurity Analyst
1;0;4;5;8;8;3;5;2;4;2;0;2;2;6;8;3;3;5;2;IT Project Manager
9;2;0;5;4;7;1;1;8;3;6;1;7;3;2;2;4;1;9;1;Front End Developer
4;1;4;6;8;7;4;9;5;0;4;1;5;6;3;8;6;1;9;9;Cloud Architect
2;9;5;2;7;3;0;8;0;9;1;6;6;2;2;4;4;9;4;1;Research Scientist
1;8;1;2;7;2;1;4;6;3;3;6;5;3;7;3;1;0;2;1;Database Administrator
2;7;5;1;4;9;2;3;4;7;4;6;6;6;1;3;1;9;9;6;Computer and Information Research Scientist
1;8;6;9;4;6;1;5;7;8;2;5;0;6;5;0;4;4;0;9;Front End Developer
2;4;3;7;4;4;1;3;4;2;7;9;5;6;8;8;6;5;5;8;IT Support Specialist
9;7;4;5;8;3;2;5;5;5;6;4;4;9;7;2;3;5;9;8;Computer Network Architect
9;0;6;8;5;9;1;9;5;3;2;4;0;1;0;6;6;6;4;5;Back End Developer
9;8;6;7;6;7;8;4;9;4;8;8;4;3;9;9;4;6;0;5;Computer Programmer
3;9;9;6;3;9;6;7;0;4;4;1;3;2;0;8;7;0;0;5;Systems Analyst
1;7;9;1;4;4;2;3;4;3;7;4;0;6;5;2;6;2;7;5;Computer Programmer
4;9;4;7;6;2;3;9;1;6;9;0;4;8;6;9;5;2;4;2;Computer and Information Research Scientist
0;2;6;7;0;2;8;6;1;1;4;5;0;5;8;0;9;1;9;9;Technical Support Engineer
3;4;2;4;6;9;2;2;5;5;7;0;0;5;1;0;6;5;5;8;Mobile App Developer
8;1;1;4;1;7;0;3;3;6;0;0;1;2;2;2;1;7;5;1;Web Developer
1;1;2;3;0;5;7;4;6;2;8;3;6;4;9;6;8;0;9;2;Computer Network Architect
5;2;7;4;0;7;5;1;5;3;5;8;5;0;7;9;5;2;3;1;Computer Hardware Engineer
1;5;8;8;5;7;8;9;8;3;0;5;3;0;5;9;6;3;6;2;Computer Programmer
4;3;2;6;1;6;4;6;0;2;3;2;7;3;5;4;8;8;8;5;Blockchain Developer
8;5;5;2;2;4;8;4;2;3;7;5;4;9;3;9;0;0;9;4;Computer Network Architect
1;8;1;0;6;5;8;1;1;0;5;9;3;3;6;3;8;1;9;2;DevOps Engineer
5;5;4;2;5;6;7;3;2;3;7;3;7;0;6;1;7;8;7;2;Database Administrator
6;6;3;2;0;2;9;7;5;1;9;6;2;4;3;0;0;1;9;2;Software Engineer
5;5;4;0;4;8;7;2;6;2;2;3;8;4;1;5;2;8;1;0;Blockchain Developer
8;7;7;7;6;7;8;7;6;9;6;3;3;8;6;4;0;4;1;0;IT Sales Professional
5;4;2;9;5;2;3;6;2;9;7;4;0;0;0;0;2;3;7;8;Research Scientist
7;2;2;8;8;3;6;2;1;7;6;7;4;1;1;0;8;2;1;8;Full Stack Developer
8;9;1;1;5;8;8;8;7;3;3;6;6;1;4;8;0;6;3;2;Network Administrator
0;3;9;8;2;5;4;3;6;8;4;1;1;4;0;1;6;6;0;3;Computer Science Teacher
8;3;5;9;0;6;4;1;2;8;7;1;2;2;1;2;9;8;0;2;Software Engineer
2;0;0;7;3;9;3;6;0;5;5;6;7;9;0;8;1;1;7;3;Software Developer
2;4;4;2;8;3;2;0;6;3;5;3;8;9;6;2;6;5;6;8;Business Intelligence Analyst
3;6;1;9;5;6;8;4;0;9;6;8;2;6;1;2;0;4;2;6;IT Consultant
8;2;1;0;1;2;1;0;2;3;4;0;0;9;9;5;8;9;3;6;UI/UX Designer
0;4;4;3;2;4;3;1;8;5;8;8;2;8;7;6;2;5;4;3;IT Sales Professional
7;8;0;2;3;5;4;6;2;3;7;3;5;0;2;1;4;5;6;8;Computer and Information Systems Manager
1;8;1;6;8;2;7;7;5;3;4;5;3;5;2;7;9;1;8;2;Software Developer
2;8;8;2;9;9;1;8;7;8;1;2;4;9;7;8;5;5;6;3;Computer and Information Systems Manager
6;6;0;2;9;2;0;5;5;2;9;1;0;0;9;0;9;9;0;7;Front End Developer
8;1;8;8;0;4;0;8;3;4;9;4;3;4;3;3;0;7;8;0;Software Engineer
6;8;4;2;5;6;2;0;1;4;4;8;1;7;8;1;2;8;6;0;Cybersecurity Analyst
8;9;9;2;4;5;9;4;5;4;3;6;7;2;0;7;1;7;5;2;Data Scientist
5;9;5;8;5;4;0;0;6;6;6;9;4;6;6;9;2;0;1;4;Blockchain Developer
5;3;8;5;7;9;8;6;1;4;6;3;0;4;7;8;3;9;3;5;Database Administrator
5;7;0;6;7;6;6;9;4;6;0;2;9;8;5;2;7;8;5;7;Network Engineer
2;1;0;5;3;7;9;6;1;7;0;5;3;4;2;5;4;1;7;3;Network Administrator
2;1;6;9;6;3;9;3;9;1;4;9;9;3;1;0;6;3;5;2;Research Scientist
9;6;3;8;1;8;7;4;0;5;2;3;2;8;2;8;8;8;3;0;Network Engineer
4;6;1;0;7;5;2;9;9;6;4;6;5;8;5;9;3;7;9;3;Embedded Systems Engineer
4;6;9;0;9;2;5;6;5;6;7;8;0;4;6;4;3;2;5;7;Web Developer
3;5;7;3;7;1;8;8;4;1;1;2;5;5;2;1;3;4;8;4;Game Developer
4;9;5;5;4;1;8;0;0;1;0;3;9;5;2;1;7;7;9;9;Technical Support Engineer
0;3;5;4;5;5;0;5;2;9;8;7;8;3;1;4;9;6;6;6;Software Tester
8;2;9;1;5;6;5;9;2;0;4;1;4;6;3;9;6;4;2;1;Computer Network Architect
9;0;7;5;0;8;6;7;9;1;9;5;5;6;3;7;6;9;1;7;Mobile App Developer
4;2;9;1;4;1;8;9;9;3;4;3;5;3;2;2;7;6;0;2;Computer Systems Manager
7;2;6;8;8;4;4;2;2;6;0;0;5;6;0;8;6;8;5;0;Business Intelligence Analyst
7;3;5;3;8;8;0;4;0;3;0;2;3;7;0;8;1;9;8;0;Machine Learning Engineer
6;3;7;5;1;8;4;5;7;4;7;0;5;9;2;8;5;0;2;5;Computer and Information Research Scientist
1;1;1;1;8;6;7;9;6;1;5;9;2;3;3;2;6;0;9;6;Computer Network Architect
8;2;1;4;2;2;1;8;7;6;5;2;2;1;4;0;5;9;8;7;Computer and Information Research Scientist
9;8;1;2;3;9;8;3;1;5;9;5;8;6;4;4;8;5;8;0;Back End Developer
8;3;9;4;2;3;1;9;9;1;0;7;5;6;1;5;3;8;0;3;IT Project Manager
3;0;5;6;2;1;7;8;5;7;4;5;2;0;6;8;5;5;9;8;Computer and Information Research Scientist
2;0;5;4;4;8;7;0;9;5;2;6;6;1;9;6;9;9;0;3;Network Administrator
5;3;0;0;7;5;1;9;4;1;4;1;8;0;5;7;1;3;6;1;Database Administrator
3;6;0;7;2;7;5;6;9;8;6;1;5;6;2;6;3;5;3;3;Computer Systems Analyst
5;0;4;7;5;5;9;7;8;9;4;3;7;7;4;8;0;9;7;8;Artificial Intelligence Engineer
3;4;2;0;0;4;0;0;3;4;8;3;7;3;0;6;3;6;7;4;Computer Hardware Engineer
6;9;5;2;0;7;7;8;2;7;8;9;7;9;0;1;5;0;4;2;Network Engineer
4;4;3;2;9;9;6;4;7;8;0;9;7;2;4;2;7;5;8;2;DevOps Engineer
7;0;0;4;9;2;3;8;0;8;5;1;1;5;5;6;4;9;4;3;Computer Network Architect
0;6;3;0;7;0;2;3;4;8;2;8;7;6;1;3;2;0;5;9;Blockchain Developer
8;3;6;7;1;6;1;1;2;0;0;9;6;7;3;5;6;7;4;0;Computer and Information Research Scientist
0;7;3;5;8;8;9;2;3;4;4;7;4;3;3;1;9;6;6;9;Software Developer
2;9;3;3;6;3;1;3;8;8;1;1;1;3;3;5;4;1;5;7;IT Sales Professional
2;9;3;3;6;2;1;9;5;5;6;1;1;6;7;8;0;7;3;8;UI/UX Designer
5;0;7;2;5;7;1;7;3;6;0;1;2;3;1;1;2;7;9;1;Front End Developer
7;9;3;0;6;7;1;5;2;0;5;2;5;1;1;7;6;9;8;9;Research Scientist
5;0;2;7;2;6;2;8;0;7;4;8;8;1;3;4;4;9;4;9;Digital Marketing Specialist
5;5;4;4;0;5;8;0;9;4;7;9;1;5;8;0;8;5;6;0;Mobile App Developer
0;9;1;0;8;2;0;3;6;0;0;2;3;2;9;4;8;7;5;5;Embedded Systems Engineer
0;6;3;3;9;1;9;1;9;1;3;5;7;1;4;7;3;5;6;5;DevOps Engineer
2;7;4;1;6;9;6;0;4;8;5;2;6;5;8;8;5;3;5;6;Game Developer
1;5;7;9;8;7;2;2;9;9;4;2;4;1;2;0;3;3;2;9;Network Administrator
2;1;9;4;1;4;7;5;4;0;2;8;3;8;4;8;1;6;0;4;Computer Science Teacher
7;9;2;2;4;2;0;9;5;8;8;3;0;7;4;3;6;0;4;0;IT Sales Professional
7;1;2;3;5;8;8;2;6;3;1;2;5;1;2;6;9;1;7;3;Quality Assurance Engineer
8;8;2;4;8;6;3;2;5;2;4;8;5;8;3;8;2;6;5;5;Computer Science Teacher
2;2;9;2;4;8;0;1;3;8;4;1;4;3;0;3;3;3;8;8;Technical Support Engineer
1;5;6;0;4;4;9;8;7;2;7;0;7;0;6;9;5;6;8;3;Computer Science Teacher
8;2;2;5;7;8;1;3;7;5;9;8;9;4;4;6;4;3;0;1;Network Administrator
9;9;8;2;6;2;6;8;8;7;6;2;2;9;2;4;8;0;2;6;IT Consultant
8;5;0;0;2;6;9;5;2;2;0;7;8;6;8;2;4;4;0;2;Web Developer
0;1;9;8;4;9;7;6;1;4;5;1;4;3;9;9;3;4;3;6;Data Scientist
1;8;6;2;7;5;6;8;2;6;0;2;3;0;4;4;3;5;9;2;Technical Writer
3;0;9;9;6;7;9;4;1;4;2;5;4;2;7;3;5;3;8;5;Quality Assurance Engineer
6;2;3;6;4;7;6;8;0;2;8;1;7;1;6;5;7;4;6;6;Digital Marketing Specialist
2;7;9;6;7;6;4;8;9;3;0;9;6;6;2;0;3;4;6;0;Computer Network Architect
4;9;5;5;9;8;7;6;4;6;6;1;5;2;2;9;3;8;2;8;DevOps Engineer
3;1;8;7;0;0;6;3;1;5;4;6;9;5;6;2;8;5;6;2;Back End Developer
6;3;0;0;0;4;7;1;1;3;0;6;4;8;1;5;6;9;3;2;Software Tester
0;8;1;6;4;2;3;9;1;1;0;3;0;5;7;6;8;2;9;4;Back End Developer
6;6;2;3;6;3;6;3;2;3;1;1;5;4;1;6;6;8;1;6;Mobile App Developer
2;2;7;0;5;6;0;9;7;5;4;0;6;1;9;5;2;5;8;3;Artificial Intelligence Engineer
5;6;7;1;3;2;8;2;9;9;4;8;5;1;0;9;5;6;6;4;Computer and Information Research Scientist
6;9;7;6;9;3;7;2;0;8;9;1;9;2;6;8;6;5;7;8;Software Developer
6;5;2;0;8;3;3;0;3;7;0;2;9;2;3;8;0;7;9;4;IT Support Specialist
5;8;0;7;8;7;7;0;2;4;4;4;6;3;3;6;4;1;4;9;Quality Assurance Engineer
2;8;4;7;4;7;3;6;6;2;2;8;0;6;6;2;8;5;7;7;Computer Programmer
4;2;6;9;5;8;6;1;9;3;5;1;1;4;7;1;6;4;5;7;Mobile App Developer
4;9;9;6;7;8;5;8;2;0;0;3;5;3;3;0;7;6;9;0;Data Scientist
5;4;8;4;8;4;2;4;0;2;3;9;6;4;0;5;5;7;1;6;Web Developer
6;3;6;5;7;9;0;1;8;9;0;5;5;7;7;4;5;3;4;2;Network Engineer
1;0;2;9;4;3;3;1;6;6;6;7;8;5;3;3;4;4;8;0;Software Tester
9;4;4;8;3;9;6;6;5;4;3;8;7;0;3;7;4;5;7;6;Data Scientist
5;1;1;0;9;6;1;4;8;9;6;3;0;1;5;7;8;6;3;7;DevOps Engineer
1;6;0;6;2;7;3;0;0;5;1;5;7;8;0;4;9;9;7;7;Artificial Intelligence Engineer
5;8;0;9;6;0;0;2;2;7;0;6;7;5;9;1;5;8;1;7;Computer Network Architect
6;6;6;3;4;9;3;0;7;7;8;2;8;8;4;1;7;6;7;8;Full Stack Developer
4;5;0;2;4;9;9;6;4;1;9;2;2;4;2;9;5;0;2;7;Data Scientist
8;1;2;4;0;1;9;4;5;1;7;0;3;5;1;5;1;1;5;0;Computer and Information Systems Manager
0;3;0;1;3;2;8;1;2;4;7;0;6;9;1;1;4;8;3;8;Quality Assurance Engineer
5;3;6;8;8;4;7;0;0;0;6;1;0;2;8;6;7;9;2;3;Computer and Information Research Scientist
6;8;4;5;0;6;4;9;4;4;6;4;4;2;1;3;6;5;5;1;Data Scientist
6;2;8;5;3;1;3;4;9;2;7;2;8;8;0;3;7;4;1;8;Computer Systems Manager
2;5;4;3;4;0;2;8;9;2;3;8;0;6;5;5;5;8;2;2;Computer Systems Manager
2;4;0;0;8;0;2;0;2;9;8;1;7;3;9;8;6;1;1;6;IT Project Manager
7;5;6;0;2;9;7;1;8;6;2;1;8;7;9;0;0;8;2;8;Back End Developer
4;5;1;5;7;4;1;6;2;8;8;5;6;9;6;9;4;2;8;7;Business Intelligence Analyst
1;2;5;3;0;3;3;2;1;3;9;3;2;1;4;8;0;7;3;6;IT Consultant
2;3;2;7;8;7;2;6;3;3;3;1;7;6;9;6;6;9;4;0;Mobile App Developer
7;5;2;5;6;3;4;7;5;1;6;4;6;2;0;3;8;4;0;0;Software Tester
6;1;7;2;7;2;3;3;0;0;7;2;7;6;8;5;0;0;0;7;Computer Hardware Engineer
5;4;0;3;7;7;7;8;5;8;7;6;1;3;3;0;6;2;4;8;Technical Writer
1;4;1;6;8;6;9;2;2;4;8;1;4;5;8;1;1;8;9;1;Back End Developer
0;0;9;6;3;2;7;2;0;0;2;8;1;5;9;4;0;3;9;5;Network Engineer
5;6;0;2;6;8;7;6;5;1;0;3;7;3;3;2;0;3;2;1;IT Consultant
8;8;2;4;3;1;5;8;5;1;9;5;4;7;5;3;7;9;2;8;Technical Writer
0;3;0;1;3;4;3;5;4;0;7;4;5;4;5;7;7;1;8;7;Quality Assurance Engineer
2;8;6;4;5;7;7;8;8;1;9;5;8;7;8;7;4;0;7;5;Computer and Information Research Scientist
2;5;9;5;4;7;5;0;6;3;8;9;9;9;0;3;4;5;1;5;Research Scientist
0;3;1;4;2;3;6;0;2;0;1;7;0;0;0;1;1;9;5;1;Embedded Systems Engineer
6;9;0;5;5;9;9;0;1;1;8;1;9;8;5;3;3;4;7;6;Game Developer
3;3;8;2;1;0;6;1;6;6;9;6;7;2;7;9;2;3;1;9;Computer Systems Manager
1;4;4;3;5;6;2;6;5;8;8;1;1;2;7;5;7;1;9;6;IT Sales Professional
3;0;3;9;3;8;0;1;7;8;1;6;1;9;7;0;7;8;4;9;Embedded Systems Engineer
7;6;6;5;8;8;6;7;8;8;9;8;2;8;3;3;1;5;8;9;Technical Writer
7;7;1;8;8;2;2;5;1;9;3;1;5;0;2;7;7;7;9;0;Technical Support Engineer
8;4;0;7;4;1;2;5;3;5;2;8;7;7;1;2;4;4;7;9;Computer Hardware Engineer
8;4;0;9;7;1;9;2;6;6;2;9;3;7;1;7;7;4;8;5;DevOps Engineer
2;2;6;9;3;9;7;3;7;9;9;5;8;5;7;2;4;9;8;1;Data Scientist
7;5;0;2;9;0;7;1;3;3;6;5;1;7;3;6;2;1;7;9;Computer Science Teacher
6;7;0;0;0;1;6;9;7;6;4;7;2;2;7;3;8;2;8;8;Network Administrator
3;4;0;5;5;2;2;5;0;1;4;7;8;9;9;8;4;8;4;4;Machine Learning Engineer
5;6;9;8;1;3;8;2;2;4;4;2;8;5;3;0;1;5;5;4;Quality Assurance Engineer
2;8;0;2;9;4;5;6;7;0;3;4;2;7;8;1;4;4;2;1;UI/UX Designer
0;3;6;4;7;9;0;3;7;6;0;8;7;5;5;5;2;2;0;2;Artificial Intelligence Engineer
3;1;3;6;6;5;9;5;4;5;4;6;6;0;7;8;1;6;9;6;Computer Hardware Engineer
9;3;9;8;7;1;1;7;5;8;0;2;7;4;9;5;4;6;0;7;Cloud Architect
6;2;5;3;6;7;2;2;1;5;2;8;5;8;2;5;0;6;0;7;Systems Analyst
1;0;3;3;5;1;4;1;3;1;2;0;9;9;9;5;5;4;0;3;DevOps Engineer
2;5;1;5;3;5;6;6;0;1;7;6;5;2;8;6;9;1;8;1;Computer Systems Analyst
2;3;0;3;9;6;4;1;7;6;3;4;8;9;7;7;4;9;7;4;Game Developer
9;7;1;1;4;2;7;9;1;9;1;0;8;4;4;0;2;7;2;1;Computer Network Architect
9;8;1;4;8;7;3;2;6;3;8;4;6;0;0;0;0;9;4;3;Web Developer
1;0;6;6;1;4;6;4;7;6;5;0;4;2;4;0;0;7;5;9;Embedded Systems Engineer
9;0;5;0;6;4;9;6;7;9;8;6;6;9;7;5;9;6;2;4;Cloud Architect
3;8;4;2;1;5;9;4;9;0;6;4;7;5;6;6;0;0;6;6;Computer Network Architect
4;6;7;2;8;6;8;1;0;6;1;0;4;3;0;5;3;2;6;2;Network Administrator
7;3;1;1;6;7;0;7;5;6;8;6;3;6;8;9;0;8;2;5;Blockchain Developer
5;3;0;2;9;0;4;7;0;6;1;6;5;7;7;6;2;0;0;8;Computer and Information Research Scientist
9;1;3;9;4;0;3;9;0;4;9;2;4;6;6;0;5;9;9;5;IT Consultant
6;5;9;2;5;1;8;5;6;0;3;2;6;4;0;8;1;8;2;9;Cloud Architect
0;4;3;4;5;7;1;0;6;2;0;3;8;6;4;8;3;1;4;1;Network Engineer
5;4;1;4;4;0;2;1;9;2;8;4;3;8;7;7;9;0;2;0;Machine Learning Engineer
6;1;0;7;0;2;9;4;2;2;1;8;6;1;9;2;3;6;5;2;Computer Systems Analyst
5;2;7;3;2;7;1;6;9;4;2;4;1;0;7;3;3;5;2;7;Game Developer
3;1;5;5;2;7;0;3;3;9;0;6;1;0;2;1;4;1;7;2;Full Stack Developer
7;8;2;4;1;0;8;4;8;2;8;5;5;2;5;1;8;2;7;4;Mobile App Developer
5;1;3;0;4;0;7;4;9;4;2;9;2;4;3;0;4;2;8;2;Technical Writer
8;6;1;6;5;1;2;5;5;8;4;9;5;1;9;4;3;2;9;4;Digital Marketing Specialist
2;0;4;9;0;4;3;6;3;0;4;0;2;1;9;0;5;2;2;8;Game Developer
8;3;6;6;1;9;1;9;6;2;7;6;7;6;6;8;6;8;6;6;Systems Analyst
6;5;0;7;4;5;9;8;1;1;3;3;4;0;8;3;0;4;8;8;DevOps Engineer
2;0;1;9;0;7;6;5;2;7;4;5;9;6;6;8;6;6;6;4;Embedded Systems Engineer
7;6;5;7;4;4;6;1;0;7;0;4;4;9;9;6;7;5;4;1;Research Scientist
3;0;6;7;6;7;1;9;1;9;0;4;6;9;4;6;2;8;7;5;Mobile App Developer
4;9;0;2;5;8;3;3;4;9;7;9;4;0;2;2;9;4;1;4;Computer Hardware Engineer
2;6;7;3;4;6;4;6;1;0;7;9;8;3;1;1;6;4;6;4;Computer and Information Systems Manager
2;8;5;5;0;6;9;8;0;0;4;1;0;3;5;5;9;3;9;8;Computer Systems Manager
4;4;8;5;6;9;0;1;6;2;3;1;7;8;2;9;1;8;5;6;IT Project Manager
0;1;8;5;5;7;9;7;1;0;1;0;2;8;4;1;1;9;1;2;Computer Science Teacher
6;0;7;0;4;3;8;8;3;2;5;5;0;7;5;4;6;6;0;3;IT Project Manager
9;3;7;5;3;1;6;0;1;3;2;4;4;3;6;3;8;6;4;7;IT Consultant
2;1;6;5;0;7;3;3;3;8;1;9;3;5;1;6;9;2;3;6;DevOps Engineer
3;9;2;4;6;0;8;7;3;2;4;4;3;3;8;7;8;4;8;5;Network Administrator
2;0;1;9;5;3;6;3;3;7;3;0;0;9;4;0;6;8;7;8;Computer Systems Manager
5;4;4;8;0;5;1;7;5;4;7;5;8;0;6;6;5;2;5;0;Technical Support Engineer
8;1;6;6;9;8;1;9;7;0;9;2;4;4;4;0;6;0;9;7;Cybersecurity Analyst
5;1;1;6;8;9;6;4;8;2;6;7;4;1;4;4;7;1;5;4;Embedded Systems Engineer
9;0;4;0;9;1;6;1;5;7;5;2;9;7;6;6;8;1;6;3;Software Developer
6;6;3;0;3;6;0;8;9;8;2;7;9;2;4;3;6;8;4;2;Network Engineer
5;4;3;3;2;6;9;3;2;8;9;1;3;2;3;5;5;5;4;5;Blockchain Developer
9;1;1;7;8;0;2;9;8;8;0;6;8;3;1;2;4;4;0;7;Full Stack Developer
5;7;7;5;0;9;8;3;0;3;3;6;5;0;6;0;7;1;4;9;Business Intelligence Analyst
5;0;5;6;7;8;5;7;3;7;8;9;0;3;3;7;7;2;9;8;Computer Science Teacher
3;7;6;4;1;9;7;5;8;0;6;3;2;1;0;6;5;9;1;4;Artificial Intelligence Engineer
2;0;4;4;7;5;4;9;5;2;5;5;0;8;3;0;5;4;4;6;Computer Systems Manager
5;5;8;4;0;0;1;1;9;4;7;8;1;4;6;2;5;0;1;4;IT Consultant
2;7;4;7;6;8;8;2;7;6;3;5;7;2;1;1;9;3;5;1;Blockchain Developer
7;6;0;1;4;8;5;7;5;1;7;7;9;8;8;5;4;7;4;4;Artificial Intelligence Engineer
8;6;9;7;4;1;0;9;8;9;9;4;1;3;0;1;0;6;8;8;Computer and Information Research Scientist
2;8;4;1;1;6;5;7;0;9;8;0;0;1;5;6;7;2;7;3;Business Intelligence Analyst
8;4;7;9;4;3;8;8;9;4;1;1;8;0;9;3;4;6;7;9;IT Project Manager
5;1;6;8;8;1;5;2;5;9;7;6;0;8;5;8;2;8;3;8;Back End Developer
9;9;6;7;5;0;7;4;4;2;2;8;7;4;5;8;5;1;9;7;IT Consultant
0;6;7;5;2;1;1;4;8;6;2;2;7;8;5;8;7;7;0;0;Data Scientist
3;0;7;1;1;0;7;0;2;6;5;7;5;7;6;9;9;5;3;9;Game Developer
3;7;1;6;7;6;4;8;5;2;4;3;8;7;4;9;8;0;9;3;Computer and Information Research Scientist
3;1;2;6;5;0;4;3;1;1;9;6;9;3;3;8;4;3;9;6;Technical Support Engineer
5;6;6;6;6;6;0;0;9;5;9;4;6;2;4;9;2;0;4;0;Network Engineer
5;9;6;3;1;5;0;2;4;7;5;5;2;7;4;9;3;1;2;2;Computer and Information Research Scientist
2;3;3;5;6;0;9;5;8;5;3;5;5;1;0;8;7;4;4;9;Network Engineer
2;3;4;5;7;8;5;8;6;7;8;0;4;3;3;4;0;7;8;9;Mobile App Developer
5;9;8;7;0;7;8;6;5;2;8;2;0;6;8;8;2;3;6;0;Data Scientist
0;8;0;4;7;3;4;8;9;1;9;8;2;8;8;8;5;4;1;4;Cloud Architect
3;9;6;5;4;9;4;8;9;2;3;3;7;7;7;6;5;2;9;3;Artificial Intelligence Engineer
0;5;5;6;0;1;1;1;6;6;5;9;6;9;7;9;5;5;1;1;Digital Marketing Specialist
6;0;3;7;2;9;1;8;4;7;4;2;2;4;0;3;5;1;0;8;Full Stack Developer
4;2;7;7;0;3;3;6;9;1;1;8;7;3;7;4;2;5;8;4;Research Scientist
7;1;4;8;7;7;4;2;7;0;5;9;2;4;4;9;4;6;6;2;Quality Assurance Engineer
3;5;3;8;5;2;1;8;6;6;0;1;7;3;0;4;7;9;1;3;Computer Hardware Engineer
0;3;3;7;2;8;1;7;0;7;7;8;6;5;8;4;4;6;9;3;DevOps Engineer
8;1;5;1;7;0;3;5;3;9;3;1;1;3;5;1;1;3;6;6;Computer and Information Systems Manager
5;8;1;6;9;8;6;8;8;3;1;7;1;5;1;6;9;7;9;1;Software Engineer
2;3;7;2;8;9;8;4;8;0;2;0;4;8;6;9;0;1;3;5;IT Support Specialist
5;6;1;7;5;3;7;9;7;0;3;2;8;2;2;3;2;0;4;8;Embedded Systems Engineer
1;9;7;2;1;6;4;0;7;7;9;1;6;0;9;6;2;0;2;7;Computer Network Architect
0;4;8;6;9;3;4;3;5;4;6;7;0;1;3;4;8;0;1;8;UI/UX Designer
6;9;2;4;9;2;7;3;2;5;5;4;6;3;4;1;4;7;3;8;Quality Assurance Engineer
1;5;8;0;4;0;4;8;0;5;6;8;1;4;9;2;2;4;9;2;Computer Systems Manager
7;1;2;5;2;4;9;9;6;2;0;8;5;3;8;0;7;5;5;8;IT Sales Professional
9;2;0;2;4;7;0;8;1;3;5;4;4;0;0;9;8;9;1;9;DevOps Engineer
8;7;5;3;3;0;1;1;8;7;7;5;7;7;4;7;3;9;7;7;Computer and Information Research Scientist
4;3;6;3;4;6;4;0;7;7;0;2;0;1;6;7;0;4;8;0;Full Stack Developer
1;7;3;3;3;3;7;5;5;7;8;5;7;6;2;3;9;0;3;5;Machine Learning Engineer
6;1;8;2;9;2;7;0;3;3;2;3;7;0;9;4;5;6;7;1;Systems Analyst
3;1;1;9;8;7;5;5;8;2;9;7;3;2;0;0;3;0;9;2;Systems Analyst
4;4;1;8;9;0;4;1;8;0;5;3;7;0;2;9;5;8;2;5;Game Developer
7;0;1;2;7;9;2;2;9;5;6;4;5;7;3;1;2;4;2;5;Game Developer
2;3;8;6;6;2;9;3;3;9;0;2;5;1;5;2;4;8;1;2;UI/UX Designer
3;6;0;3;1;7;9;3;1;3;5;8;5;2;2;1;8;8;6;6;Back End Developer
6;9;0;0;2;5;6;9;9;9;3;0;4;7;7;3;4;7;8;9;IT Support Specialist
0;4;9;9;9;5;6;9;8;0;5;1;3;4;4;9;4;9;4;8;Computer Systems Manager
6;9;5;3;4;1;6;7;3;1;9;0;5;2;5;1;4;8;5;0;Network Engineer
0;3;9;4;3;0;1;9;5;8;0;3;1;6;9;5;3;3;9;1;Computer Science Teacher
5;6;6;6;9;0;5;7;8;6;0;4;0;4;9;9;7;1;2;8;Front End Developer
1;8;0;6;8;3;4;9;6;4;7;5;6;2;7;8;1;9;6;9;Computer Systems Analyst
8;8;6;7;1;6;9;9;8;2;5;4;0;7;5;1;4;1;7;9;Database Administrator
9;0;2;5;3;6;3;4;6;3;7;4;5;9;9;4;9;2;9;2;Research Scientist
9;7;4;5;6;2;2;4;2;1;9;7;2;2;4;2;8;0;1;1;Web Developer
4;0;5;8;6;7;5;9;8;4;4;6;6;7;1;1;4;0;2;3;Network Administrator
9;8;0;3;3;2;2;1;5;8;5;3;2;5;1;1;6;2;9;0;Quality Assurance Engineer
9;0;5;4;4;1;6;8;0;5;4;0;7;0;7;5;9;1;8;9;Network Administrator
8;9;3;3;3;3;6;7;4;7;3;8;0;1;7;6;0;7;0;9;Game Developer
8;4;0;0;1;2;2;1;7;0;8;7;9;7;8;7;2;4;3;7;IT Support Specialist
7;5;7;7;6;0;1;4;0;0;9;4;6;4;2;4;4;2;4;1;Front End Developer
7;0;1;5;7;7;1;3;1;0;3;3;2;0;6;3;1;1;5;6;Network Administrator
8;9;0;2;3;4;7;2;5;8;4;2;8;9;1;4;1;8;1;5;Network Administrator
2;3;0;7;6;8;2;0;3;8;9;4;6;3;9;7;8;3;9;3;Database Administrator
3;8;0;5;6;5;4;4;6;9;1;7;7;5;6;3;1;2;9;9;IT Consultant
5;7;3;9;1;2;1;6;6;3;0;1;5;7;6;5;4;5;5;4;IT Consultant
9;4;3;7;7;5;4;4;3;5;0;0;9;6;3;3;1;1;0;2;UI/UX Designer
2;0;6;5;6;5;2;4;8;3;4;1;4;8;5;5;6;9;0;3;IT Project Manager
4;3;8;1;5;6;3;1;3;9;4;0;9;3;7;2;3;8;6;4;Digital Marketing Specialist
3;7;5;1;9;8;9;8;5;3;7;3;9;9;7;1;0;2;3;5;Blockchain Developer
9;3;4;9;6;7;0;0;7;0;8;3;3;1;1;5;0;1;7;7;Quality Assurance Engineer
4;6;3;8;5;6;0;9;7;3;2;7;3;9;0;6;3;9;5;0;Database Administrator
5;6;3;8;2;9;6;6;7;3;5;4;7;7;9;9;7;7;4;8;Systems Analyst
5;9;8;4;8;1;6;5;7;3;2;4;7;1;2;6;8;8;1;4;Artificial Intelligence Engineer
2;8;3;1;3;2;0;1;6;6;4;6;6;2;7;5;0;0;7;8;Blockchain Developer
4;2;1;3;6;3;1;1;9;9;9;9;1;7;2;6;6;8;4;0;IT Sales Professional
3;2;5;3;2;6;5;3;4;6;9;4;3;9;7;0;6;9;7;2;Computer Network Architect
5;2;9;2;8;8;6;3;4;7;9;3;2;8;9;0;6;0;3;5;Computer Programmer
2;4;2;5;9;8;1;6;3;8;4;5;0;0;1;6;7;3;4;1;Computer Science Teacher
8;8;5;2;9;0;9;6;7;8;2;7;5;8;9;3;4;2;4;8;Data Scientist
0;7;9;0;1;3;2;3;6;6;2;6;8;1;4;3;4;9;3;3;Network Administrator
6;7;8;4;8;5;2;6;1;1;9;1;0;0;4;3;4;4;6;5;Quality Assurance Engineer
4;3;4;8;1;5;6;8;3;9;1;6;3;2;8;7;4;1;9;3;UI/UX Designer
6;5;3;3;3;9;2;4;4;3;7;7;9;1;6;1;2;7;4;4;Computer Systems Manager
5;6;3;6;7;5;4;2;9;4;8;8;5;4;2;8;9;4;7;7;Business Intelligence Analyst
9;4;3;1;7;4;3;3;8;4;9;8;4;5;6;4;5;2;0;6;Software Tester
6;2;1;0;6;6;7;7;8;4;5;1;6;7;0;6;2;6;4;0;Computer Network Architect
3;0;6;5;8;7;7;0;5;6;7;7;7;4;5;8;0;1;8;0;Embedded Systems Engineer
9;9;5;7;7;5;6;6;7;5;5;0;7;4;2;2;0;9;7;0;IT Sales Professional
4;7;2;2;5;6;0;4;8;4;1;3;2;4;8;1;8;7;3;2;Web Developer
4;7;9;4;7;1;1;0;0;2;2;1;9;5;2;3;7;0;2;7;Computer Network Architect
4;1;9;5;4;6;3;5;6;9;3;9;4;6;9;4;3;9;0;8;Computer Network Architect
4;0;1;7;6;9;1;7;3;9;4;5;5;4;6;2;7;2;6;7;Artificial Intelligence Engineer
5;3;3;6;9;1;8;5;3;6;9;9;6;5;5;3;8;4;7;0;Back End Developer
0;9;9;1;7;1;1;3;7;3;5;5;6;7;9;9;6;1;0;2;Computer Science Teacher
6;8;3;7;8;3;5;2;7;6;0;0;7;7;5;5;2;5;0;9;Computer and Information Research Scientist
8;4;8;0;2;8;9;3;9;2;4;4;2;8;1;0;2;5;0;2;Network Engineer
7;3;3;5;3;8;8;0;0;4;6;3;8;0;4;0;7;5;2;1;Technical Writer
4;8;6;8;1;5;7;3;1;1;8;7;4;0;7;6;9;7;6;9;Mobile App Developer
5;1;3;1;2;2;2;7;5;7;0;2;2;0;8;8;5;6;0;9;Cloud Architect
1;6;3;0;8;7;8;2;0;9;0;0;4;0;2;1;8;7;5;0;Computer Systems Analyst
3;6;4;5;9;5;3;8;4;6;6;2;7;1;8;7;6;1;6;4;Software Developer
4;6;4;3;5;8;2;6;6;7;7;1;1;0;8;2;9;9;6;1;Front End Developer
8;4;9;8;8;3;7;0;8;4;6;5;8;3;6;4;8;2;0;6;Web Developer
6;3;7;5;8;1;2;1;2;2;6;1;4;4;9;2;4;2;3;5;Computer Systems Manager
5;4;7;1;7;8;5;6;5;5;7;7;1;0;9;6;3;8;2;2;Software Engineer
1;1;1;8;7;1;8;3;1;6;2;7;4;1;4;2;4;4;0;4;Computer Network Architect
2;0;5;9;5;5;7;8;7;1;6;5;5;3;9;6;8;8;9;0;Computer and Information Systems Manager
0;8;4;3;1;0;6;1;9;1;5;2;7;5;5;0;3;8;4;8;Technical Writer
3;2;2;8;3;4;7;2;2;4;2;4;4;1;5;2;1;1;5;6;Mobile App Developer
4;6;6;5;6;6;2;5;2;4;8;0;8;3;0;0;7;0;2;3;Computer Hardware Engineer
9;8;1;1;9;0;1;2;9;3;9;7;0;2;1;9;4;6;9;0;Computer Science Teacher
8;0;3;3;7;0;5;6;5;6;2;8;4;8;4;6;5;3;5;1;Embedded Systems Engineer
3;3;9;5;5;7;8;9;0;9;1;6;3;0;2;7;7;6;1;8;Back End Developer
2;0;7;7;6;2;0;6;0;3;0;6;1;4;4;6;2;5;3;3;Research Scientist
8;3;3;6;9;2;0;2;6;2;3;2;2;9;5;2;3;7;2;6;Software Developer
5;2;5;2;8;3;1;0;2;0;5;6;9;2;5;8;5;5;7;3;UI/UX Designer
7;9;7;9;3;8;4;7;1;2;4;1;1;1;5;2;9;0;7;9;Technical Support Engineer
5;9;3;2;5;7;1;9;6;7;6;1;7;1;2;1;7;4;0;5;Cybersecurity Analyst
3;9;6;4;7;8;5;8;0;0;3;3;5;4;5;6;9;0;1;4;Quality Assurance Engineer
7;4;7;3;8;7;9;3;3;0;1;4;8;6;1;5;4;3;0;9;Computer Network Architect
8;1;1;1;6;9;7;4;1;1;6;5;4;4;6;4;5;3;9;4;Back End Developer
8;7;1;3;5;6;6;6;9;5;2;2;9;4;0;4;8;6;5;4;IT Project Manager
5;4;5;1;9;7;7;9;6;1;5;7;2;5;0;1;9;2;8;0;Blockchain Developer
4;7;7;5;6;1;9;8;1;6;0;6;6;5;1;1;0;7;8;4;Embedded Systems Engineer
3;6;8;1;4;5;7;9;0;5;1;6;5;4;6;3;6;7;4;6;Database Administrator
4;4;0;2;2;2;0;9;3;9;3;5;0;2;1;0;5;0;3;6;IT Sales Professional
2;2;8;8;0;1;0;5;5;3;3;3;9;5;2;6;4;2;9;4;DevOps Engineer
9;0;9;0;6;3;5;1;4;8;9;8;8;1;7;6;1;5;6;5;Back End Developer
7;9;9;3;9;0;9;0;3;1;0;5;5;5;6;3;0;1;5;9;Computer and Information Systems Manager
8;1;2;4;1;7;5;9;0;3;4;6;3;7;6;9;2;6;4;3;Full Stack Developer
6;1;1;9;2;4;1;6;6;2;2;8;2;8;5;2;0;9;3;2;Mobile App Developer
1;0;4;8;8;4;8;6;6;0;6;8;1;6;9;9;4;9;4;2;Research Scientist
7;8;8;2;4;3;4;3;1;6;2;0;7;7;0;1;4;7;1;4;Machine Learning Engineer
6;5;5;5;0;5;8;9;6;4;6;6;4;3;9;9;8;7;3;4;Network Administrator
0;3;2;5;9;7;0;4;7;4;0;1;5;5;8;4;1;5;2;5;Computer Programmer
0;3;4;3;2;7;0;0;1;5;2;1;8;7;1;3;5;2;5;2;Network Engineer
1;3;4;0;3;3;9;8;2;6;0;3;5;2;2;7;2;6;1;8;Mobile App Developer
7;6;4;9;0;6;4;9;7;7;9;4;1;6;1;0;6;7;7;9;Computer Science Teacher
2;4;5;2;5;6;4;0;3;7;2;9;7;8;3;1;6;1;6;3;Machine Learning Engineer
6;5;8;7;8;6;5;8;5;7;5;6;9;0;8;0;5;9;9;5;Back End Developer
1;7;7;3;5;7;2;0;7;6;6;2;8;0;9;3;2;2;1;8;IT Project Manager
2;4;7;3;7;3;3;6;8;6;4;9;4;9;6;8;3;2;1;0;Embedded Systems Engineer
5;3;9;7;8;7;7;5;5;2;0;3;1;5;8;6;9;0;9;5;Cloud Architect
6;1;9;5;1;1;9;9;8;3;2;4;9;6;5;9;5;5;1;9;IT Sales Professional
6;0;1;3;7;0;3;4;4;6;3;5;5;5;1;2;8;7;8;0;Software Engineer
6;4;9;4;9;2;0;3;2;1;8;6;2;2;4;3;2;2;3;4;Mobile App Developer
5;3;2;0;5;6;3;1;7;7;7;7;0;1;6;2;1;0;1;5;Computer Science Teacher
9;5;0;4;2;5;4;2;0;8;1;7;4;6;5;8;3;7;3;9;Technical Writer
3;2;7;2;7;5;3;4;3;6;3;5;4;5;8;6;5;8;4;5;IT Support Specialist
1;4;1;7;3;1;8;3;8;9;0;9;9;1;1;1;0;4;0;5;IT Consultant
6;6;3;0;9;8;3;4;6;3;0;0;9;0;9;8;6;1;0;2;Systems Analyst
3;1;0;7;3;3;4;5;7;5;4;1;7;7;8;8;4;0;1;6;Cloud Architect
3;6;4;7;3;2;1;3;5;1;3;9;3;3;8;3;4;1;1;5;Network Engineer
3;5;8;7;4;5;6;2;9;5;7;3;2;7;0;3;5;7;8;7;Digital Marketing Specialist
9;5;4;3;4;8;1;9;8;1;0;4;2;8;1;7;5;1;0;8;IT Consultant
7;5;2;3;9;8;2;7;0;8;1;7;2;5;6;1;6;0;9;0;Technical Support Engineer
8;5;4;7;2;1;7;1;2;7;1;5;1;5;0;9;7;9;9;6;Research Scientist
8;2;2;4;2;7;7;5;7;4;1;9;7;2;3;5;9;4;1;7;Network Administrator
2;5;1;7;7;5;3;0;8;1;0;3;5;7;8;5;3;8;1;5;IT Project Manager
3;1;4;1;6;0;3;3;7;2;0;4;9;3;7;8;9;3;9;6;Computer Hardware Engineer
2;6;7;4;1;1;5;5;9;5;3;0;8;4;7;0;0;3;6;9;DevOps Engineer
2;8;7;2;5;8;8;5;0;7;9;6;4;9;0;6;1;5;8;2;Artificial Intelligence Engineer
1;6;8;0;4;5;9;4;7;3;3;5;7;8;6;4;0;4;5;9;Computer Hardware Engineer
1;2;2;8;6;9;9;9;7;9;2;4;6;4;4;3;5;6;3;3;Computer and Information Research Scientist
1;9;4;0;4;3;0;4;3;4;6;0;3;8;8;1;1;3;4;5;Computer and Information Systems Manager
9;0;1;1;9;6;5;5;4;7;2;9;4;2;9;0;9;8;8;5;Network Administrator
6;9;3;2;1;3;2;4;9;8;3;9;7;3;5;0;8;9;6;3;Data Scientist
3;5;4;3;6;1;7;8;5;4;8;8;8;1;2;9;2;0;4;8;Business Intelligence Analyst
7;5;9;4;0;3;3;3;7;9;4;3;9;6;4;9;3;2;9;6;Computer Network Architect
1;2;7;4;4;6;0;6;8;3;8;3;0;3;2;1;9;1;9;3;IT Support Specialist
5;0;0;3;9;1;1;1;0;0;8;3;4;0;8;6;5;6;3;9;IT Support Specialist
7;1;6;0;7;4;8;2;7;4;2;1;1;4;3;1;7;7;2;9;Software Developer
6;6;2;1;5;0;1;7;2;1;0;8;7;4;2;0;7;0;3;1;IT Sales Professional
3;7;0;7;5;1;6;1;8;5;7;3;2;8;1;0;5;0;2;7;Software Developer
2;7;8;6;4;9;1;9;2;9;1;7;2;5;2;2;8;7;0;2;Computer Network Architect
3;7;1;1;7;1;0;8;8;5;1;2;0;8;5;3;2;9;4;3;Network Engineer
9;2;0;8;4;3;9;9;1;0;0;6;4;3;9;4;1;4;6;0;Cybersecurity Analyst
7;3;9;1;4;8;2;0;5;9;1;7;4;6;3;2;6;8;9;0;Software Developer
5;4;8;6;0;1;8;7;0;0;9;5;5;2;4;1;7;6;5;9;IT Sales Professional
0;2;0;8;2;3;1;2;7;5;9;2;5;2;5;9;6;4;1;2;IT Sales Professional
8;8;1;3;1;8;3;6;2;9;4;8;2;7;4;8;2;1;3;4;Blockchain Developer
4;9;5;1;3;3;2;8;5;8;5;0;3;0;9;3;2;5;8;1;Web Developer
4;9;1;1;7;3;6;4;2;2;6;6;2;5;5;3;6;8;9;3;IT Support Specialist
7;3;5;6;2;1;2;8;7;5;7;7;2;8;6;9;6;1;5;0;Computer and Information Systems Manager
7;2;5;9;1;0;3;9;4;0;8;5;4;4;0;8;4;9;2;3;DevOps Engineer
6;6;1;9;7;4;8;8;3;2;2;5;6;4;7;6;2;1;5;3;Data Scientist
2;5;1;4;7;4;0;6;7;4;2;4;8;7;9;9;4;0;6;4;Technical Writer
6;6;9;7;6;8;1;7;2;2;1;7;8;3;4;4;8;8;2;5;Full Stack Developer
7;0;9;2;0;7;5;2;3;3;2;9;4;2;5;2;9;1;7;3;Quality Assurance Engineer
1;4;4;6;4;9;4;1;1;8;7;0;8;3;8;1;6;6;0;6;Software Engineer
5;1;7;5;2;1;3;2;1;7;2;5;4;2;0;5;8;4;2;7;Network Administrator
7;6;3;2;1;9;0;1;0;5;0;9;7;7;1;3;3;2;2;3;Digital Marketing Specialist
2;2;4;4;8;3;3;3;1;8;9;3;4;8;3;1;9;7;4;1;Software Engineer
2;3;9;6;6;1;0;0;3;5;3;5;3;1;8;6;9;4;1;6;Computer Network Architect
7;8;9;9;9;1;1;2;1;1;8;7;2;9;7;2;7;5;6;2;IT Consultant
1;2;1;7;6;7;3;7;9;1;2;5;1;7;5;7;4;1;8;0;IT Project Manager
0;5;7;1;2;5;0;7;5;7;5;9;9;1;1;0;5;3;0;7;IT Consultant
0;8;2;0;2;6;0;5;8;0;0;4;3;8;5;6;9;9;2;0;IT Project Manager
5;2;7;1;4;3;8;9;7;4;8;5;4;7;4;4;7;7;9;0;Technical Writer
5;1;8;9;3;7;9;4;2;9;8;7;5;9;4;7;7;1;4;3;Embedded Systems Engineer
7;8;7;0;1;2;3;8;2;7;0;4;2;3;1;3;1;7;7;7;Cybersecurity Analyst
9;9;3;4;3;9;2;6;3;1;5;6;5;0;4;1;5;4;4;1;Software Engineer
8;7;2;3;4;1;1;8;2;0;6;5;5;6;7;6;0;6;9;2;Data Scientist
7;2;5;2;9;9;1;8;7;0;8;4;6;8;4;4;3;4;0;5;Computer Systems Manager
1;5;1;3;4;0;0;2;2;5;8;8;9;2;4;1;3;2;6;8;Business Intelligence Analyst
1;6;4;6;9;7;9;3;8;1;0;4;0;9;2;6;5;5;8;7;Computer Network Architect
7;8;8;2;9;1;6;9;1;0;0;4;4;7;5;7;2;2;2;5;Computer Network Architect
8;4;7;1;0;6;1;6;8;3;6;2;5;4;9;4;7;3;7;4;Software Developer
7;1;1;1;0;9;1;2;0;6;0;7;0;0;8;9;7;3;8;8;Computer and Information Systems Manager
2;8;6;2;7;1;9;9;5;3;5;6;7;0;3;0;6;1;8;1;Artificial Intelligence Engineer
8;3;4;2;9;1;5;8;8;9;8;5;1;7;2;2;6;7;5;0;Computer Systems Analyst
3;7;4;1;6;9;0;9;9;0;4;6;1;1;2;6;1;4;4;8;Database Administrator
1;6;8;1;1;2;2;6;4;9;6;8;1;8;0;3;6;1;6;6;DevOps Engineer
2;6;7;4;0;5;3;5;3;0;0;2;7;8;5;3;2;0;0;2;IT Project Manager
6;7;0;2;2;5;9;8;7;8;3;2;1;5;6;9;8;6;4;3;Cybersecurity Analyst
7;5;6;5;2;1;2;9;2;4;0;6;4;1;7;8;0;0;5;2;Database Administrator
5;2;6;0;5;0;6;1;7;2;0;1;8;2;8;8;3;6;2;6;Cloud Architect
1;1;9;9;9;4;4;2;5;3;0;2;9;4;0;9;8;5;7;1;Mobile App Developer
2;7;8;9;0;1;3;9;5;7;3;0;6;5;8;8;4;4;0;9;Computer Hardware Engineer
5;8;7;8;5;3;8;6;0;9;1;5;3;6;0;3;9;1;7;5;Systems Analyst
0;2;7;3;6;3;3;7;2;4;5;2;2;3;8;4;3;9;5;5;Back End Developer
3;7;4;2;7;9;7;1;8;1;6;6;2;3;0;4;9;6;8;6;Business Intelligence Analyst
6;2;7;6;3;9;9;6;0;0;3;8;6;0;0;1;7;0;1;3;Research Scientist
0;4;8;2;6;5;1;4;0;5;4;0;1;5;3;6;1;0;1;2;Data Scientist
2;9;5;0;3;3;3;9;1;9;7;0;5;2;5;1;3;7;8;5;Computer Programmer
8;5;3;1;5;3;4;6;8;6;4;2;7;4;6;9;2;6;5;4;Blockchain Developer
3;4;4;4;2;8;8;2;9;8;4;3;6;1;9;5;1;7;9;9;Technical Support Engineer
1;4;3;8;2;5;2;7;5;8;0;0;0;5;4;5;7;4;8;0;Technical Writer
8;5;8;3;8;7;0;5;1;2;8;2;7;8;0;0;7;7;0;7;Digital Marketing Specialist
2;9;1;9;4;7;9;2;4;3;5;9;9;6;3;5;0;6;8;1;Quality Assurance Engineer
0;7;9;4;5;1;5;1;1;4;9;1;2;0;5;7;1;4;2;6;Network Administrator
5;0;1;5;4;3;8;2;1;4;9;3;5;9;5;5;2;3;5;5;Software Engineer
4;5;2;0;3;6;3;1;7;9;0;5;3;7;4;0;8;0;4;5;Blockchain Developer
7;6;0;9;8;7;4;4;5;3;0;3;2;6;6;6;2;8;1;2;DevOps Engineer
8;5;9;1;7;2;0;9;9;7;9;9;2;4;0;1;3;0;6;7;Computer Hardware Engineer
1;6;2;5;6;7;3;8;6;4;6;2;3;8;2;0;7;3;9;6;Full Stack Developer
3;6;7;8;8;5;5;7;7;6;9;0;7;1;1;0;2;2;3;2;IT Sales Professional
1;8;3;2;4;8;9;7;0;2;5;1;6;4;9;1;6;3;2;5;Cloud Architect
3;5;2;3;5;4;0;0;9;9;7;6;9;0;1;1;1;7;6;9;IT Sales Professional
0;8;1;4;6;2;2;1;3;0;2;0;0;7;1;4;2;9;2;8;Computer Hardware Engineer
5;1;9;7;2;3;7;6;3;7;9;8;0;0;6;8;7;6;3;4;Machine Learning Engineer
5;9;9;4;8;4;3;5;2;8;9;7;6;7;3;2;7;7;6;8;IT Consultant
0;1;9;4;3;6;3;3;9;5;9;2;5;0;2;0;0;5;0;4;Quality Assurance Engineer
7;0;8;7;8;7;8;6;9;6;9;8;5;5;1;8;5;7;0;0;Computer and Information Research Scientist
2;5;1;4;3;8;7;2;6;0;0;8;7;6;3;4;0;7;5;6;Computer Hardware Engineer
6;1;0;6;1;2;3;9;4;1;9;1;8;8;9;5;5;1;7;4;Front End Developer
6;4;8;0;6;0;4;5;6;4;3;0;6;1;4;8;5;1;1;6;Research Scientist
5;2;6;1;2;6;1;5;5;3;5;4;7;2;0;0;4;8;6;4;Technical Writer
8;8;4;0;7;1;7;0;3;2;2;6;6;8;4;5;0;9;4;7;Game Developer
1;7;6;1;2;7;7;8;1;0;0;2;9;6;7;9;1;4;3;9;Digital Marketing Specialist
4;0;9;0;6;3;0;3;0;9;8;2;3;0;9;6;1;0;9;8;Network Administrator
8;1;7;9;8;7;4;9;1;7;4;6;4;3;9;2;7;5;5;8;DevOps Engineer
0;2;0;2;4;7;3;9;8;3;8;7;3;3;4;0;1;2;0;0;Quality Assurance Engineer
0;0;1;0;6;2;9;5;8;4;3;9;4;5;4;2;0;7;4;2;Data Scientist
1;6;7;0;0;6;9;7;2;2;5;8;4;3;8;8;9;4;5;3;Technical Support Engineer
1;1;0;2;9;4;7;1;2;7;5;4;3;0;0;7;8;1;4;7;Computer Systems Manager
8;9;5;1;3;0;8;6;7;0;4;5;7;9;9;7;2;2;7;8;Business Intelligence Analyst
1;2;7;9;9;6;5;8;2;1;9;9;5;6;1;4;1;6;8;0;Quality Assurance Engineer
3;8;7;1;5;5;8;9;8;5;4;1;3;3;6;1;8;1;6;4;Network Engineer
5;0;1;2;2;5;5;6;1;2;6;6;5;1;7;3;7;6;8;2;Artificial Intelligence Engineer
9;5;9;7;3;5;7;5;9;1;5;2;7;8;1;4;6;4;0;1;Game Developer
7;5;8;5;3;8;8;5;6;1;1;1;9;0;3;7;0;5;2;3;IT Consultant
0;4;5;8;9;4;1;0;0;2;7;5;3;2;7;6;3;9;2;6;Web Developer
8;4;4;4;1;8;9;7;1;8;6;3;5;5;3;5;9;4;2;0;Data Scientist
1;4;4;5;9;5;1;9;8;9;1;6;9;9;4;7;8;3;1;6;Blockchain Developer
2;3;3;0;2;0;9;1;8;1;2;9;9;7;2;6;1;9;5;1;Artificial Intelligence Engineer
7;9;7;0;1;0;9;6;1;4;4;9;4;1;8;6;0;3;0;9;Game Developer
9;9;0;6;1;5;0;4;6;8;0;1;0;0;0;0;3;2;4;7;Network Administrator
3;9;2;3;2;4;6;3;4;7;7;6;8;1;9;3;7;4;4;0;Software Engineer
5;2;5;5;5;2;8;7;5;8;3;5;7;4;1;1;3;2;9;2;Computer Science Teacher
6;0;7;2;1;3;0;3;4;2;4;7;9;2;5;6;5;4;7;6;Web Developer
5;8;3;6;5;9;6;5;0;6;4;1;4;0;6;7;9;2;2;2;Web Developer
4;5;0;8;0;2;2;4;8;1;6;5;0;4;1;4;3;3;1;5;IT Consultant
2;9;3;1;8;4;6;9;8;9;4;9;0;4;3;0;7;2;9;8;Computer Science Teacher
8;1;7;9;3;7;4;7;6;6;4;3;1;4;5;4;1;1;0;4;UI/UX Designer
4;8;5;4;5;9;2;8;0;4;0;8;8;9;2;2;8;6;0;8;IT Project Manager
7;4;8;4;3;4;0;9;1;7;8;8;8;0;8;7;0;9;6;0;Software Tester
8;4;7;7;1;8;5;1;8;1;6;1;2;1;9;8;6;6;1;2;Artificial Intelligence Engineer
4;0;5;1;8;9;2;1;8;3;4;2;1;1;0;3;4;4;7;6;IT Project Manager
9;4;1;6;8;0;2;7;4;4;4;2;5;9;3;3;6;9;5;1;Cloud Architect
9;5;3;0;6;1;5;8;6;4;6;6;0;3;8;4;9;3;1;0;Computer Programmer
2;2;9;6;9;9;3;1;6;5;1;8;5;0;8;0;3;0;6;2;Cloud Architect
1;6;9;3;7;8;0;2;6;8;5;5;7;0;5;4;9;6;2;5;Machine Learning Engineer
1;6;6;7;7;6;9;4;0;9;1;9;5;7;0;7;4;8;6;7;IT Consultant
0;1;8;5;7;7;4;9;8;5;1;8;1;1;0;5;3;3;1;6;DevOps Engineer
8;0;8;2;8;7;3;1;2;6;5;0;5;0;3;5;9;5;0;0;IT Consultant
3;0;5;1;3;1;7;4;6;1;0;4;1;5;7;5;5;5;4;6;Data Scientist
6;9;3;9;3;8;8;1;3;8;5;0;4;7;5;5;3;8;5;0;Computer Hardware Engineer
3;7;4;1;8;2;9;2;6;4;1;6;7;9;9;9;2;7;9;6;Artificial Intelligence Engineer
2;3;5;8;1;4;7;2;7;5;0;2;0;8;6;0;7;7;6;6;Computer Hardware Engineer
8;5;0;8;8;9;7;2;9;5;6;0;2;7;1;5;2;4;2;0;Digital Marketing Specialist
6;4;9;9;7;1;9;8;8;2;0;1;5;1;0;2;5;1;9;9;Artificial Intelligence Engineer
3;8;6;4;5;7;2;4;2;4;9;3;9;1;6;4;9;2;2;2;IT Support Specialist
1;7;4;8;4;3;4;9;6;6;0;4;6;7;6;1;8;1;4;5;Computer Network Architect
1;6;5;4;7;7;1;5;8;3;7;6;7;3;6;1;4;6;1;7;Computer Programmer
6;9;2;9;1;7;3;9;8;2;1;1;6;8;0;1;4;5;8;6;Research Scientist
6;4;9;0;9;9;5;5;5;5;2;0;7;9;2;5;3;5;8;0;DevOps Engineer
0;4;9;9;1;2;0;2;9;8;3;8;1;0;7;5;7;2;8;5;IT Support Specialist
1;4;4;0;4;1;2;3;9;0;3;5;5;6;3;2;1;9;8;7;IT Support Specialist
9;2;8;9;5;6;7;0;5;5;8;7;1;5;9;8;6;6;4;0;Software Developer
5;0;9;6;1;1;7;6;2;6;6;1;9;0;7;7;5;3;0;9;IT Support Specialist
8;1;2;3;7;1;5;4;2;7;7;0;3;1;9;2;9;2;2;0;Research Scientist
8;5;9;9;3;7;5;4;2;0;6;3;5;2;8;4;9;2;6;2;Artificial Intelligence Engineer
6;2;3;0;8;8;1;3;7;0;1;7;2;9;0;4;5;2;9;9;Software Developer
1;3;5;4;5;3;7;9;8;6;6;9;0;1;5;7;7;3;0;2;Systems Analyst
7;3;6;2;0;8;2;6;1;1;9;4;3;4;2;6;2;3;3;5;Artificial Intelligence Engineer
6;8;7;1;5;0;5;7;1;8;9;8;8;8;4;3;9;3;3;3;Front End Developer
9;4;2;8;3;1;9;6;4;6;6;0;3;4;3;2;8;6;4;7;Back End Developer
7;6;1;1;2;0;6;6;9;9;4;0;1;4;2;6;4;5;5;2;Mobile App Developer
6;4;0;2;6;1;2;3;9;5;0;6;1;4;2;5;3;0;8;7;Software Developer
4;4;6;8;6;7;7;7;0;3;6;3;1;2;2;8;1;8;6;8;Cybersecurity Analyst
0;3;4;7;6;1;9;1;7;4;5;7;5;5;5;1;7;1;7;3;Technical Support Engineer
9;1;9;5;0;4;3;0;7;5;2;2;2;4;0;6;9;8;4;5;Research Scientist
2;0;6;6;3;1;6;9;6;3;3;7;9;8;3;8;9;5;2;1;Full Stack Developer
5;4;4;9;3;2;5;9;3;2;7;4;7;8;0;1;4;1;3;9;Software Engineer
8;5;6;1;2;4;2;2;8;5;6;1;1;6;4;6;0;3;3;1;Mobile App Developer
2;3;2;9;7;5;4;1;5;0;4;7;9;5;0;1;8;9;8;2;Computer and Information Systems Manager
4;2;7;9;7;7;3;3;9;0;9;1;6;6;5;7;6;5;0;0;Computer Network Architect
4;4;7;7;6;8;4;7;5;6;6;1;6;9;7;2;2;7;4;4;Embedded Systems Engineer
9;5;2;9;6;8;9;3;7;7;3;2;0;7;7;2;5;4;1;9;IT Sales Professional
6;6;9;3;0;6;7;0;9;9;8;4;8;5;1;0;1;2;2;8;Computer Network Architect
7;5;0;5;4;1;9;2;2;1;4;4;0;6;1;4;3;9;6;0;UI/UX Designer
3;3;4;2;4;4;6;5;9;4;8;0;9;5;1;5;2;5;4;8;Full Stack Developer
8;9;0;6;1;3;7;6;8;5;4;9;1;6;6;2;4;0;6;0;DevOps Engineer
2;4;2;1;1;7;7;6;5;3;2;4;9;0;6;5;4;3;4;8;Data Scientist
7;5;9;6;9;8;1;3;8;1;4;1;3;1;1;2;1;8;6;8;Back End Developer
2;3;0;2;3;6;4;0;9;5;7;3;7;5;8;7;8;8;4;3;Cloud Architect
0;9;9;9;7;2;8;2;8;7;2;8;5;2;2;6;7;2;3;4;Network Administrator
7;8;6;0;1;0;2;6;1;8;6;7;2;8;5;6;5;1;9;0;IT Project Manager
2;9;0;5;6;7;9;2;1;1;6;4;6;5;9;2;2;9;3;3;Computer Programmer
4;0;2;5;7;8;5;5;8;1;0;7;4;3;0;3;4;0;0;1;Business Intelligence Analyst
5;3;6;7;8;5;1;7;2;3;5;1;1;4;9;8;5;4;4;8;Quality Assurance Engineer
2;4;3;5;0;2;5;4;2;5;6;4;3;5;8;3;8;1;5;8;Systems Analyst
2;4;4;2;2;3;5;9;6;0;7;5;9;0;3;8;8;3;1;9;Computer and Information Systems Manager
0;7;3;8;2;1;5;2;9;4;7;5;4;9;5;8;2;1;8;0;Quality Assurance Engineer
0;6;6;2;9;0;7;5;5;6;5;7;0;7;6;1;2;9;1;0;UI/UX Designer
9;2;7;0;8;5;8;9;4;9;5;7;9;4;0;4;8;7;2;6;IT Support Specialist
7;9;4;3;8;1;2;1;0;4;9;5;8;9;7;8;9;6;2;8;Machine Learning Engineer
5;8;4;9;3;3;8;9;7;6;5;4;6;8;9;8;7;1;1;1;Embedded Systems Engineer
5;6;5;1;5;0;1;5;7;2;2;6;1;4;7;2;5;1;4;0;Computer Programmer
2;3;9;0;7;6;7;5;5;3;2;5;1;8;1;5;0;5;8;4;Computer Systems Analyst
7;8;9;1;5;8;9;3;5;8;0;8;6;0;7;1;8;7;7;3;Data Scientist
5;9;1;6;4;4;7;1;1;8;2;9;9;6;4;6;5;2;7;6;Cloud Architect
4;6;8;8;9;6;2;7;7;4;3;0;2;6;4;8;0;4;4;6;Computer Network Architect
8;0;7;7;4;2;6;7;4;0;3;4;2;2;5;9;7;9;9;4;IT Project Manager
1;1;9;6;0;8;7;1;4;8;4;6;1;7;3;3;2;2;4;4;Blockchain Developer
3;7;8;9;2;0;8;4;6;6;8;7;0;9;5;0;5;2;8;0;Software Developer
2;5;9;2;1;1;9;7;1;5;7;5;3;7;9;0;6;5;8;4;Software Developer
0;2;5;9;3;8;6;5;8;0;9;4;1;1;9;5;1;0;1;7;Cybersecurity Analyst
0;4;4;5;8;4;3;0;4;3;3;4;8;6;7;8;9;0;4;2;Network Engineer
5;5;7;2;6;8;7;8;4;6;7;6;0;9;0;7;7;7;6;4;Computer Programmer
1;2;8;3;8;5;0;3;8;2;7;5;1;7;0;5;4;4;2;2;IT Project Manager
3;4;1;5;7;7;2;9;1;2;9;9;1;1;8;4;0;1;2;6;Full Stack Developer
5;9;4;0;4;5;9;7;6;3;7;4;3;2;8;3;1;6;3;7;IT Consultant
7;6;5;1;9;4;9;3;9;2;2;5;0;5;6;9;3;5;2;3;Web Developer
0;1;7;9;4;5;5;7;4;5;7;4;4;6;1;6;7;2;2;7;Game Developer
9;7;7;7;3;2;6;8;3;6;1;9;3;3;8;6;1;4;0;9;Technical Support Engineer
0;5;9;7;2;5;2;6;6;4;7;8;3;2;3;0;0;2;6;7;Business Intelligence Analyst
2;0;0;9;2;4;2;8;6;9;1;0;7;1;5;7;1;3;4;0;Front End Developer
4;0;8;4;6;3;3;4;2;8;2;1;1;9;3;5;1;5;9;9;Network Engineer
6;1;8;5;9;0;0;8;3;8;7;0;5;4;6;6;0;8;3;8;Computer Systems Analyst
1;3;7;9;7;7;2;4;4;0;7;1;2;7;8;2;5;7;9;9;Network Engineer
1;7;5;2;6;3;1;9;7;1;7;6;1;9;3;5;2;5;7;7;DevOps Engineer
8;9;4;7;7;9;8;0;4;2;2;9;0;5;2;9;6;2;3;9;Network Engineer
4;0;9;8;6;1;5;5;0;5;7;2;2;4;1;2;8;2;9;0;Mobile App Developer
5;0;9;0;6;7;7;4;5;8;9;6;9;2;0;0;0;6;9;6;Embedded Systems Engineer
5;7;3;9;2;5;8;0;9;4;7;7;5;2;9;8;0;5;8;0;Front End Developer
4;2;7;4;6;9;6;8;1;4;5;9;3;6;6;9;7;5;5;8;IT Support Specialist
3;1;4;4;9;7;5;7;6;2;7;1;1;2;9;7;5;7;7;1;Computer Network Architect
3;9;9;2;2;3;5;1;7;8;7;4;6;3;5;1;7;8;0;0;Computer Systems Analyst
9;8;5;6;8;6;9;2;5;7;2;4;7;5;1;1;8;0;3;9;Machine Learning Engineer
2;3;7;3;4;7;3;2;9;0;0;1;2;2;1;1;7;1;3;4;Cybersecurity Analyst
9;8;8;1;2;0;1;8;0;7;0;6;8;8;9;1;4;2;6;3;Machine Learning Engineer
9;4;6;3;5;0;3;9;3;8;5;1;0;2;0;4;1;5;2;2;Computer Systems Analyst
7;2;1;7;8;7;0;6;1;8;0;6;1;8;4;6;4;9;1;6;Data Scientist
9;7;2;7;0;0;7;5;8;9;2;7;6;0;8;3;6;3;0;8;Back End Developer
9;6;3;1;6;7;6;1;1;0;5;7;7;4;6;8;0;1;6;0;Database Administrator
9;4;0;7;1;3;7;7;9;2;1;6;4;8;7;0;1;6;2;9;Digital Marketing Specialist
4;3;4;2;0;8;7;9;8;6;0;5;3;4;8;3;8;9;8;0;Full Stack Developer
1;0;1;5;4;4;8;4;8;0;0;2;3;6;9;0;1;7;7;6;Technical Support Engineer
0;6;2;5;6;9;9;7;2;6;5;0;5;3;9;1;8;8;1;9;Research Scientist
6;5;0;6;1;1;8;9;8;9;5;9;6;6;4;4;3;3;5;3;Software Developer
5;0;8;2;7;5;1;6;3;6;0;3;7;5;1;8;8;7;2;0;Software Tester
2;6;8;0;4;8;3;8;8;2;7;3;9;5;5;4;9;5;3;7;Software Engineer
7;7;5;4;9;3;5;1;0;2;8;0;2;1;5;8;0;5;5;4;Computer Systems Manager
4;7;0;2;4;7;2;4;5;7;6;4;0;2;1;0;0;3;7;5;Software Tester
3;6;0;2;6;3;1;2;7;8;2;6;0;4;3;8;0;1;1;9;Computer Systems Manager
3;4;4;7;0;4;5;5;7;4;8;5;7;5;9;9;8;5;3;3;Machine Learning Engineer
0;6;1;0;3;1;8;5;9;1;4;4;6;9;1;8;2;5;4;8;Research Scientist
2;1;5;5;5;0;3;5;1;8;8;5;6;5;6;6;3;2;2;0;Cybersecurity Analyst
6;1;0;6;9;5;6;6;0;4;2;2;1;2;0;3;2;1;7;2;DevOps Engineer
8;4;7;2;7;4;0;3;5;2;3;5;8;8;3;6;0;8;9;1;Cloud Architect
7;8;0;2;3;4;1;7;1;8;0;6;3;3;7;2;8;4;1;5;Network Engineer
4;4;2;1;4;3;5;1;5;2;2;0;8;3;6;2;1;9;1;6;Computer Systems Manager
5;7;0;0;4;1;4;3;1;7;8;7;0;3;4;4;9;2;3;1;Blockchain Developer
0;1;1;7;8;4;4;6;1;5;3;1;9;8;2;4;3;6;7;7;IT Project Manager
1;1;4;6;5;0;5;4;9;7;3;8;7;4;7;6;7;1;6;3;Network Engineer
9;6;4;1;7;4;1;4;2;9;4;9;5;9;9;3;6;0;0;6;Web Developer
3;1;2;6;6;3;2;1;8;9;5;3;5;8;8;6;7;1;5;6;Mobile App Developer
5;8;7;5;1;0;0;1;6;5;0;2;2;0;5;7;9;8;2;8;Software Developer
9;3;4;4;1;5;7;3;5;9;4;3;3;0;8;6;8;8;8;7;Computer Programmer
0;9;6;2;3;9;6;2;3;1;9;4;4;1;3;5;4;1;5;4;IT Support Specialist
4;3;7;3;2;6;6;5;8;3;7;2;1;3;4;8;7;3;6;9;Network Engineer
1;4;4;5;7;8;0;9;9;3;2;6;1;6;0;4;6;2;4;1;Game Developer
0;3;3;4;8;9;2;6;4;1;5;5;2;2;0;6;6;0;2;4;UI/UX Designer
8;5;5;8;3;0;0;7;0;6;4;1;8;2;6;5;3;7;2;8;IT Support Specialist
7;3;0;0;2;9;2;0;5;4;8;2;1;9;7;9;2;8;8;5;Systems Analyst
9;6;0;7;9;4;9;1;4;8;0;0;1;4;6;4;4;4;8;7;Web Developer
2;3;2;6;6;2;7;1;6;4;8;8;9;4;9;7;9;1;8;9;IT Project Manager
0;9;9;2;4;8;4;3;5;9;8;1;9;1;8;8;9;4;6;6;Research Scientist
2;5;9;2;9;0;9;4;8;2;6;7;1;0;2;8;5;4;1;0;IT Project Manager
9;3;5;5;1;1;5;2;8;2;6;5;6;5;3;5;8;6;8;7;Artificial Intelligence Engineer
2;1;8;0;9;1;0;0;7;3;9;6;3;8;0;1;1;2;7;5;Machine Learning Engineer
3;0;9;3;2;6;5;4;4;7;3;2;0;1;5;3;5;8;5;4;Front End Developer
1;3;9;8;3;5;1;8;2;5;3;8;1;7;1;4;1;5;8;8;Computer and Information Research Scientist
8;9;1;9;4;8;0;4;6;0;8;9;5;9;5;5;2;8;1;3;Machine Learning Engineer
3;5;4;1;1;4;4;0;4;8;8;7;3;4;5;2;5;2;6;9;Blockchain Developer
1;4;5;4;2;0;5;0;5;9;5;3;3;2;9;3;1;9;8;5;Computer Systems Analyst
4;0;3;1;6;8;4;3;2;5;0;1;9;0;8;1;5;4;0;5;Cybersecurity Analyst
4;7;5;7;1;7;0;4;0;6;5;1;1;5;5;7;3;2;3;1;Computer Systems Analyst
5;7;5;7;9;3;7;6;6;9;8;9;4;1;4;7;4;1;2;9;Computer Systems Manager
4;8;3;7;1;0;3;5;6;8;4;1;4;2;2;9;6;8;5;4;Digital Marketing Specialist
2;2;1;5;9;9;1;9;2;4;0;8;3;8;1;2;2;6;8;4;Computer Systems Analyst
5;1;8;6;1;5;6;3;4;0;3;0;1;6;7;5;3;9;6;0;Computer Systems Analyst
6;4;9;6;1;1;9;7;4;6;2;0;6;1;9;8;3;0;4;5;Computer Network Architect
1;2;2;9;2;9;0;7;5;7;7;5;5;7;8;7;8;9;9;0;Technical Writer
1;4;3;5;8;7;6;7;5;6;6;4;9;9;1;9;4;0;0;7;Business Intelligence Analyst
6;8;1;7;7;4;4;8;9;6;5;6;6;1;7;8;4;3;7;2;Business Intelligence Analyst
6;3;3;6;3;9;5;6;5;6;8;3;6;0;0;3;3;3;8;8;Embedded Systems Engineer
9;2;8;2;5;7;9;9;4;2;4;2;8;1;7;9;6;8;2;3;Front End Developer
1;5;2;6;9;4;3;8;9;0;1;4;7;4;4;8;3;7;1;7;Software Tester
4;9;9;1;8;2;3;4;9;7;3;8;7;7;2;3;6;6;5;4;Digital Marketing Specialist
2;2;5;7;9;9;4;2;7;8;8;9;6;4;9;0;6;6;8;5;Cybersecurity Analyst
2;3;7;2;0;6;7;4;5;1;9;1;4;7;0;4;5;1;2;1;Data Scientist
8;0;0;2;9;6;0;8;1;5;2;7;9;3;4;5;4;8;4;7;Data Scientist
7;9;6;7;9;9;9;0;1;2;4;3;6;1;8;6;4;3;0;8;Blockchain Developer
4;0;1;0;2;6;8;9;1;7;2;5;3;4;1;5;3;0;1;6;IT Sales Professional
4;4;5;7;8;0;0;5;1;2;6;1;3;5;0;0;5;0;2;0;Software Engineer
8;3;6;0;2;2;9;5;3;6;0;0;7;5;1;2;0;6;9;6;Mobile App Developer
3;8;2;2;7;7;1;2;8;8;9;5;0;2;8;2;3;2;6;2;IT Support Specialist
5;2;7;8;1;9;9;1;5;5;0;6;6;7;8;9;4;6;1;5;Computer Systems Analyst
2;4;9;9;8;9;6;9;7;5;6;0;6;3;0;5;5;6;7;3;Computer Science Teacher
3;4;2;7;2;0;5;8;3;9;2;1;4;5;4;2;8;5;9;0;Business Intelligence Analyst
9;9;0;0;9;7;6;7;4;4;0;2;7;0;8;2;2;3;9;7;Digital Marketing Specialist
1;0;7;1;8;2;3;7;2;6;2;1;8;6;0;8;5;4;8;8;Computer Network Architect
5;1;6;7;0;0;3;6;7;4;8;9;7;4;8;3;0;8;0;9;Game Developer
2;8;2;0;9;6;6;0;9;3;3;4;7;3;0;7;2;8;3;9;Computer Network Architect
4;1;2;9;9;6;9;2;6;6;4;3;7;0;5;1;6;1;8;0;IT Project Manager
5;7;1;3;7;6;3;0;0;8;5;7;8;8;3;2;7;9;0;8;Computer Programmer
9;4;5;9;9;9;8;7;7;1;9;3;7;0;9;4;2;1;0;5;Technical Writer
8;7;1;9;9;7;7;7;3;0;5;3;6;9;8;6;5;7;8;1;UI/UX Designer
2;7;7;8;8;9;0;5;1;0;1;1;8;8;1;7;8;6;3;2;Network Administrator
0;1;5;3;6;0;6;5;5;9;7;5;9;8;6;3;5;1;2;8;Technical Writer
7;6;7;0;5;4;3;9;2;9;0;6;2;3;7;7;3;2;5;5;Computer Programmer
8;6;3;8;9;1;1;9;7;8;3;3;1;1;9;2;3;8;6;3;UI/UX Designer
7;0;3;9;1;4;6;3;3;4;4;1;1;5;7;3;5;1;4;5;Business Intelligence Analyst
3;4;7;6;4;3;8;0;7;1;8;4;2;9;4;8;1;8;4;9;Machine Learning Engineer
8;9;3;0;5;6;7;2;8;4;4;7;7;7;4;3;4;3;0;0;Game Developer
0;9;7;5;4;0;5;3;9;7;1;8;9;2;0;5;8;2;6;4;Cloud Architect
0;4;3;2;1;8;3;9;4;5;0;4;2;4;9;2;2;6;1;7;Systems Analyst
4;3;5;8;0;5;1;8;6;4;8;1;9;4;1;8;1;8;2;7;Network Administrator
6;2;0;1;7;8;8;0;9;1;0;5;8;2;4;1;2;0;6;7;Computer Science Teacher
4;2;7;7;9;5;1;5;0;2;3;5;8;0;0;9;7;4;2;0;Mobile App Developer
0;3;8;5;0;8;1;1;1;7;0;4;1;0;6;1;9;3;2;0;Computer and Information Research Scientist
0;6;5;1;8;6;7;7;7;7;4;8;7;7;7;2;5;0;9;6;IT Project Manager
2;3;9;9;6;9;9;0;7;3;9;7;7;1;8;2;5;9;1;9;IT Project Manager
5;7;1;4;5;9;1;0;4;9;8;9;7;5;2;2;4;4;2;5;IT Support Specialist
9;9;8;5;5;4;2;5;0;0;5;4;2;5;1;6;2;2;0;7;Software Engineer
3;5;4;8;1;4;6;7;3;7;9;4;9;2;8;8;2;5;1;3;Embedded Systems Engineer
8;3;1;4;7;1;1;6;7;5;2;4;8;8;3;9;3;0;8;6;Back End Developer
5;7;5;0;0;1;8;2;8;0;3;0;7;8;1;6;9;4;7;9;Cybersecurity Analyst
8;0;9;3;4;4;2;8;8;7;9;2;7;2;8;1;6;9;3;0;Game Developer
7;9;0;0;1;8;8;5;5;6;8;7;3;8;2;8;9;5;3;5;Software Tester
7;2;0;4;8;0;2;4;0;9;7;4;5;6;2;6;0;0;1;6;Software Tester
0;3;7;9;6;1;9;2;3;7;4;8;0;0;7;5;3;5;5;3;Computer and Information Systems Manager
2;7;6;2;4;3;3;1;2;0;8;6;8;0;4;5;0;3;9;7;Embedded Systems Engineer
1;4;4;7;5;9;6;6;2;4;9;5;9;5;8;9;6;2;1;1;Network Engineer
5;3;5;2;4;4;1;2;1;5;5;1;3;7;1;8;6;6;9;8;Business Intelligence Analyst
3;4;9;6;2;9;8;1;3;4;2;0;7;5;5;2;0;8;6;7;Software Tester
9;7;4;2;8;1;3;0;3;4;6;6;8;7;8;4;2;6;4;6;Embedded Systems Engineer
1;9;5;4;0;5;9;7;9;5;5;2;0;5;2;4;2;0;7;2;Software Tester
3;4;6;7;4;0;2;0;7;5;7;9;4;2;1;1;2;0;7;9;Research Scientist
8;5;8;2;3;6;6;6;7;8;2;6;8;6;5;6;2;6;8;8;Digital Marketing Specialist
6;2;5;1;3;2;1;7;6;9;9;5;1;8;5;2;4;7;7;9;Web Developer
1;2;0;3;0;6;5;0;4;6;3;2;7;4;1;6;0;0;2;7;Computer Network Architect
4;6;2;9;0;4;8;0;3;0;0;8;6;3;0;6;3;6;8;1;Cloud Architect
9;2;3;8;6;9;1;4;5;6;0;2;8;6;6;6;4;8;4;4;DevOps Engineer
3;2;7;6;2;7;7;7;4;3;5;5;1;5;5;0;0;9;4;5;IT Project Manager
7;7;9;1;9;4;4;9;6;9;1;4;1;0;3;4;5;6;1;0;Quality Assurance Engineer
1;3;0;4;0;9;0;6;4;7;2;5;6;3;5;7;5;7;5;8;Quality Assurance Engineer
3;3;1;2;9;8;7;5;4;2;2;9;6;2;3;2;0;3;2;5;Research Scientist
6;5;1;1;7;0;8;0;8;1;9;5;4;8;6;0;4;5;1;1;Computer Programmer
9;7;9;3;5;0;0;1;2;8;8;8;3;5;6;5;1;4;4;0;Software Developer
1;3;6;6;4;3;3;6;2;5;0;9;0;2;3;7;1;2;5;7;Business Intelligence Analyst
6;4;1;8;4;5;8;7;2;1;5;3;0;3;0;1;8;5;2;5;Research Scientist
1;7;3;8;4;5;7;9;8;3;1;6;4;6;9;1;0;3;9;2;Computer and Information Research Scientist
0;8;3;4;7;7;4;1;9;0;4;8;7;4;0;2;3;5;9;9;Computer Programmer
0;7;2;9;5;7;5;7;1;9;0;2;7;8;0;3;1;4;2;1;IT Project Manager
3;9;6;3;8;5;4;8;5;3;4;3;9;7;1;0;0;0;3;0;Blockchain Developer
9;5;8;6;1;1;0;5;7;5;9;8;8;4;8;5;6;3;7;8;Artificial Intelligence Engineer
3;6;8;1;9;7;2;0;8;7;3;8;3;0;3;7;8;8;9;5;Technical Writer
3;4;1;8;3;1;6;1;5;4;8;3;1;7;2;5;8;5;9;8;Computer and Information Systems Manager
2;5;3;4;5;7;7;4;4;6;1;4;1;7;3;2;8;6;9;0;Computer Programmer
2;9;3;7;5;2;5;8;5;8;5;3;9;1;2;7;7;1;9;9;Web Developer
9;0;9;4;3;7;1;2;4;6;4;8;1;6;8;6;0;2;0;4;Computer and Information Systems Manager
0;0;3;6;2;8;2;4;7;7;0;2;0;6;2;9;6;5;1;5;Embedded Systems Engineer
7;3;8;3;9;8;3;8;0;0;4;9;9;3;7;1;8;5;5;7;Front End Developer
3;6;6;4;8;1;6;3;2;6;7;9;9;7;5;6;8;4;1;2;Back End Developer
7;4;1;1;0;3;9;2;3;4;4;5;0;5;1;8;9;9;6;2;Business Intelligence Analyst
5;3;1;2;5;6;9;9;2;4;2;0;3;7;6;7;8;5;8;9;Software Tester
1;5;4;7;1;3;7;6;1;2;3;2;5;4;0;7;6;6;3;9;Research Scientist
5;7;4;8;2;8;0;7;7;2;8;7;7;9;8;7;2;1;9;7;Software Tester
9;4;6;9;6;3;5;7;5;9;3;1;4;1;0;7;5;5;6;9;Computer Network Architect
4;7;4;3;7;1;4;4;1;1;4;7;5;5;0;3;5;3;0;6;Web Developer
5;0;9;1;1;7;9;1;6;7;2;7;4;9;3;7;7;2;8;0;Data Scientist
6;5;7;8;5;3;2;2;9;9;0;5;4;8;8;7;3;1;2;5;Back End Developer
7;1;7;8;2;2;3;4;1;8;5;6;1;0;6;0;5;9;8;6;Embedded Systems Engineer
2;1;2;2;6;5;1;3;1;0;6;7;9;3;7;7;9;0;0;4;Quality Assurance Engineer
4;2;2;2;4;3;3;8;3;2;4;5;8;8;8;6;8;5;5;2;Network Administrator
0;9;9;7;7;4;3;4;4;6;6;0;3;4;3;8;5;3;6;1;Front End Developer
1;1;9;3;7;9;3;2;4;7;6;7;9;3;6;9;0;7;4;0;Web Developer
8;0;8;7;1;6;8;7;1;1;8;0;3;0;3;0;6;7;1;4;IT Sales Professional
7;9;9;8;8;6;7;3;6;0;0;9;9;4;0;6;1;4;9;4;Front End Developer
7;6;7;6;6;7;8;4;9;8;7;6;3;3;3;2;5;0;6;3;Web Developer
0;3;9;1;6;1;6;2;0;7;3;8;8;4;4;6;4;1;2;7;Technical Support Engineer
3;7;8;4;8;5;4;5;4;7;2;1;2;4;2;7;8;4;6;1;DevOps Engineer
4;2;6;3;9;5;3;3;8;4;3;4;1;5;0;5;6;0;4;2;DevOps Engineer
6;7;9;3;7;3;6;5;9;7;1;2;9;7;3;0;0;5;6;2;Machine Learning Engineer
1;0;7;7;2;2;9;4;7;6;4;6;2;7;4;0;9;9;0;8;Computer Systems Manager
7;0;4;2;5;6;5;7;1;2;1;0;2;0;6;4;6;5;1;4;Software Tester
9;5;6;2;9;5;7;6;7;6;5;7;0;9;6;2;8;7;1;6;IT Project Manager
9;6;6;1;3;1;0;5;9;0;2;1;4;6;1;3;1;3;8;1;Software Tester
2;9;6;5;3;9;3;7;5;2;0;1;4;5;8;1;1;0;2;6;IT Project Manager
5;8;2;2;6;6;5;1;9;9;2;1;0;8;7;5;7;4;0;7;Digital Marketing Specialist
8;6;9;5;5;6;7;3;5;6;8;3;7;3;0;5;7;9;1;9;Mobile App Developer
7;9;9;4;7;1;3;7;3;8;5;2;2;1;9;7;5;1;1;9;Computer and Information Systems Manager
0;0;6;1;4;3;1;4;1;2;0;5;4;9;1;7;5;6;5;4;Embedded Systems Engineer
7;5;5;2;2;6;5;3;3;0;4;3;7;8;3;1;9;4;8;2;Computer Hardware Engineer
4;8;7;8;9;8;1;1;7;1;8;8;3;4;3;9;5;1;7;8;Computer Systems Manager
5;5;4;3;7;5;3;8;7;9;4;7;1;2;8;1;8;4;2;3;Machine Learning Engineer
4;0;2;8;1;5;6;8;7;3;3;8;5;7;1;6;4;1;8;6;IT Sales Professional
7;0;2;1;0;6;5;2;5;6;9;6;9;5;6;7;6;9;7;9;DevOps Engineer
8;4;7;4;0;5;8;0;5;0;6;7;1;6;6;0;1;1;0;6;DevOps Engineer
7;4;6;7;6;2;9;4;2;6;3;4;4;5;3;2;6;3;3;5;Network Engineer
5;0;9;9;1;4;7;6;4;1;8;3;5;0;2;0;8;8;2;7;Research Scientist
4;7;1;3;7;5;6;4;0;9;5;3;9;1;9;2;4;8;8;2;Computer and Information Research Scientist
2;5;4;0;1;9;7;2;3;5;3;6;8;8;1;2;5;1;1;4;Technical Writer
3;6;3;1;5;5;8;4;9;6;2;6;2;5;7;6;5;3;2;9;Back End Developer
5;0;7;7;1;0;9;6;5;5;5;4;0;7;5;8;1;9;8;9;Systems Analyst
5;0;4;5;0;2;8;9;6;4;5;1;5;9;5;9;0;6;2;2;Software Tester
2;7;3;4;7;0;1;1;3;2;0;8;7;6;1;2;7;0;1;2;Technical Support Engineer
6;7;7;0;4;3;4;9;8;8;0;4;6;9;0;0;9;2;1;2;Business Intelligence Analyst
1;6;1;3;2;3;6;9;4;1;7;7;6;3;1;6;7;9;5;5;Software Developer
6;7;2;8;9;3;5;0;0;6;1;7;0;1;7;9;6;8;6;9;Business Intelligence Analyst
0;2;0;2;6;2;1;5;7;6;5;0;3;7;0;9;1;4;9;6;Technical Writer
5;6;5;1;1;4;8;0;7;9;9;8;6;0;9;9;2;0;5;0;IT Project Manager
4;3;7;6;1;1;1;2;1;2;3;1;9;0;9;8;9;2;9;3;IT Support Specialist
5;8;3;5;4;7;8;3;9;9;7;2;7;3;7;1;7;2;1;9;Research Scientist
7;3;5;1;8;2;1;3;2;0;1;8;6;5;8;5;2;6;8;6;Full Stack Developer
4;3;7;1;6;5;1;5;4;6;6;4;1;4;8;2;7;1;1;5;Computer Hardware Engineer
2;1;9;2;7;0;5;4;3;5;1;7;2;8;8;5;9;6;0;8;Computer Programmer
6;9;8;0;5;3;0;3;8;7;4;4;5;3;3;0;3;0;7;3;Data Scientist
7;8;3;1;7;0;0;4;2;8;2;7;6;1;0;9;0;6;5;7;Software Developer
1;2;1;5;6;3;8;2;3;8;8;9;7;6;9;7;6;3;9;9;Computer and Information Research Scientist
9;9;1;5;4;6;2;5;7;0;7;0;0;8;6;7;5;0;3;4;Front End Developer
8;5;6;3;4;1;0;0;6;6;7;8;7;5;0;1;5;7;4;2;Blockchain Developer
2;6;3;0;6;3;1;5;9;6;2;9;3;8;0;5;8;9;9;1;Computer Science Teacher
9;5;1;0;0;8;9;3;1;5;0;0;3;5;3;3;6;5;3;9;Research Scientist
6;5;1;3;4;5;8;8;3;6;6;9;1;1;4;2;0;5;9;0;Data Scientist
0;3;2;1;2;7;2;9;0;5;2;3;5;2;4;2;0;8;6;5;Web Developer
2;2;2;0;4;9;7;6;9;3;3;1;7;6;0;2;1;9;5;1;Computer and Information Systems Manager
8;4;9;3;2;3;4;0;9;2;9;0;9;7;6;7;1;8;4;7;Mobile App Developer
6;8;4;8;4;4;0;6;7;6;9;1;7;5;5;8;4;9;9;2;Software Engineer
3;8;2;9;7;8;7;0;9;6;0;4;1;2;7;6;9;2;8;9;Artificial Intelligence Engineer
1;0;7;4;7;2;6;7;9;3;6;0;8;9;0;4;0;5;9;1;IT Project Manager
4;2;6;0;9;3;3;3;5;8;1;7;8;7;7;2;8;1;5;7;Mobile App Developer
0;2;8;6;1;3;6;0;9;3;3;2;8;0;5;5;8;0;5;5;Embedded Systems Engineer
0;0;4;1;9;3;7;7;1;0;3;7;6;4;0;2;3;0;1;8;IT Consultant
9;4;6;2;6;1;1;2;3;7;6;1;1;0;1;7;7;2;1;0;Mobile App Developer
7;5;6;8;0;3;6;1;5;9;2;6;6;0;5;9;3;4;5;6;Computer Programmer
9;9;5;4;7;5;2;0;7;2;5;9;4;9;2;4;3;8;3;4;DevOps Engineer
4;8;5;9;8;8;0;7;4;7;0;2;6;8;6;2;2;3;6;5;Computer Network Architect
7;7;1;9;3;2;1;7;6;3;2;4;5;5;8;9;6;0;4;8;Computer Systems Analyst
9;3;6;7;0;7;9;6;9;8;2;5;6;2;9;0;8;0;8;8;Cybersecurity Analyst
5;6;0;7;4;1;4;6;6;7;9;2;5;0;9;3;3;9;7;7;Cloud Architect
2;2;6;9;0;4;5;0;6;0;2;0;6;4;0;8;3;6;9;0;Computer Programmer
7;3;5;5;3;8;9;3;8;3;4;7;2;2;0;7;1;1;8;3;Artificial Intelligence Engineer
9;9;8;0;7;9;7;2;4;1;4;0;4;1;3;1;3;8;7;2;Full Stack Developer
0;7;0;2;9;7;9;6;1;2;0;1;6;8;1;5;8;1;2;0;Digital Marketing Specialist
5;0;6;9;5;8;5;6;6;4;7;9;7;2;7;5;9;3;8;1;Software Tester
5;4;1;6;8;8;0;9;0;5;7;3;6;2;1;0;1;8;1;3;Computer and Information Research Scientist
6;6;7;4;8;8;9;4;0;4;5;2;0;0;6;5;6;2;3;2;Technical Support Engineer
1;3;3;4;6;5;9;3;8;7;9;6;5;9;4;2;5;1;4;1;Computer Hardware Engineer
2;6;2;8;3;3;6;3;8;0;6;5;0;3;8;4;1;2;2;9;Computer Science Teacher
4;1;5;4;1;4;3;1;0;8;0;5;5;8;0;3;4;3;3;2;Cybersecurity Analyst
5;5;6;5;6;0;6;0;0;1;3;7;6;6;9;2;7;6;5;9;Software Engineer
4;4;7;7;9;4;1;7;0;8;6;6;7;2;4;8;6;8;6;3;IT Support Specialist
2;5;0;0;0;0;5;1;0;0;6;2;2;0;6;7;2;4;0;5;IT Project Manager
9;9;8;6;7;9;0;9;7;6;5;5;6;7;8;1;1;8;2;4;Technical Writer
6;2;4;9;5;6;3;3;4;4;5;2;0;3;9;8;2;3;8;0;IT Project Manager
5;9;5;1;9;9;2;7;0;7;0;0;1;5;1;5;3;4;9;2;IT Consultant
8;2;0;2;7;8;1;0;2;5;8;6;2;3;2;3;0;7;8;0;Database Administrator
0;4;3;0;6;5;0;2;8;6;4;8;0;1;0;0;7;0;7;0;Quality Assurance Engineer
5;7;7;0;6;8;2;1;2;7;5;9;4;5;6;8;3;8;2;4;Computer Science Teacher
1;8;0;3;6;7;3;6;1;8;3;4;8;4;6;2;8;5;5;6;Cloud Architect
9;6;0;7;5;0;3;1;1;8;4;7;0;3;4;8;4;0;3;9;Mobile App Developer
3;5;5;1;7;8;5;0;6;8;8;8;5;0;7;5;8;1;2;1;Computer and Information Research Scientist
7;7;4;1;3;1;2;0;2;0;0;1;5;1;1;9;8;0;1;7;Digital Marketing Specialist
4;2;3;1;4;6;9;6;3;2;5;4;3;6;6;1;5;5;7;1;Cloud Architect
1;5;1;9;2;7;0;9;8;3;2;0;6;6;8;0;5;8;7;5;Full Stack Developer
8;4;6;3;5;0;6;2;8;0;8;0;3;7;2;4;3;8;0;3;Embedded Systems Engineer
5;8;3;7;8;5;6;3;1;9;9;3;2;1;5;2;1;5;7;8;Front End Developer
1;3;4;3;8;9;2;9;0;7;3;5;8;6;0;9;1;5;5;2;Software Engineer
1;8;2;4;8;0;9;5;7;1;5;6;6;8;7;7;0;9;7;9;UI/UX Designer
4;5;5;2;4;2;1;0;0;9;4;5;6;0;4;1;3;4;1;6;Computer Systems Manager
0;5;2;5;9;5;5;1;9;7;1;5;5;6;4;9;6;3;2;2;Cybersecurity Analyst
0;1;5;0;6;9;3;8;5;3;3;7;2;9;2;2;5;5;3;1;Computer and Information Systems Manager
4;8;6;7;5;6;9;4;3;5;0;4;5;1;7;7;2;7;4;1;IT Project Manager
0;0;5;3;0;7;8;4;8;4;8;5;8;8;1;9;7;1;0;9;Blockchain Developer
1;4;5;7;1;7;5;6;0;4;0;0;2;5;0;5;9;2;1;0;Computer and Information Systems Manager
3;9;1;3;9;5;1;7;8;1;1;8;9;3;4;4;5;9;3;7;Computer Systems Manager
8;2;0;8;9;2;9;3;8;1;9;1;0;3;5;9;6;2;9;5;Software Engineer
5;2;7;2;7;7;4;6;7;7;2;7;1;1;1;7;5;4;2;2;Back End Developer
9;5;8;5;5;7;5;0;4;0;2;6;1;0;7;4;0;3;0;8;Computer Science Teacher
6;6;7;2;6;6;3;0;3;1;1;2;0;4;0;6;4;4;8;7;Machine Learning Engineer
4;1;5;9;2;4;4;1;1;5;8;0;6;0;4;7;5;7;5;7;Digital Marketing Specialist
3;2;8;6;4;2;8;2;0;9;9;2;8;9;8;9;4;0;1;9;Embedded Systems Engineer
7;6;3;8;9;8;0;7;2;4;3;1;3;7;8;9;9;4;8;3;Network Administrator
9;5;7;7;3;2;5;4;5;3;2;4;1;0;4;3;9;4;8;8;Cloud Architect
0;2;5;6;4;5;5;8;5;3;9;8;7;0;5;7;7;7;6;1;Software Engineer
2;8;1;2;3;7;5;1;9;6;4;5;1;3;4;3;9;4;4;4;IT Consultant
4;1;3;7;8;4;4;9;9;1;4;6;8;3;7;0;4;4;5;9;Game Developer
5;4;8;1;9;8;0;2;1;6;9;5;7;8;5;7;4;9;3;3;Computer Hardware Engineer
3;8;8;8;2;9;7;4;9;5;0;2;7;5;8;0;4;1;9;3;Data Scientist
3;8;1;5;6;9;5;7;1;5;4;2;2;4;3;5;9;7;8;4;Research Scientist
8;2;8;5;9;9;9;6;4;5;4;0;4;2;9;1;0;5;6;5;Machine Learning Engineer
7;1;2;8;6;1;0;0;0;9;5;2;2;2;8;6;9;2;0;8;Game Developer
5;6;8;3;6;4;5;4;3;7;7;5;7;9;2;5;7;3;3;6;Front End Developer
5;7;0;0;8;5;3;1;4;7;5;5;9;9;5;2;0;7;6;9;Cybersecurity Analyst
5;3;0;5;3;7;4;2;6;3;5;4;0;9;0;5;0;2;6;8;Computer and Information Systems Manager
9;4;8;7;2;1;1;6;0;9;0;0;6;9;6;8;7;7;4;4;Cybersecurity Analyst
2;9;6;5;5;6;4;4;1;9;8;6;6;2;5;3;9;2;0;3;Computer Programmer
5;4;1;6;7;6;0;5;1;9;3;5;6;5;3;3;8;0;7;1;Back End Developer
4;6;5;7;5;5;5;4;4;8;5;3;6;5;1;9;6;5;3;4;Technical Writer
3;2;6;6;0;9;6;8;6;7;7;9;3;1;2;0;3;8;7;9;Technical Support Engineer
4;9;1;9;0;6;1;2;2;1;5;8;0;9;9;6;4;9;9;7;IT Support Specialist
0;1;7;3;2;2;4;0;9;1;6;4;6;2;0;7;3;1;4;8;Business Intelligence Analyst
6;1;4;4;2;3;7;5;7;3;8;3;5;6;0;3;2;0;4;7;Mobile App Developer
5;6;8;4;8;1;2;3;4;1;0;0;3;1;5;8;4;9;1;1;Software Engineer
5;6;1;8;1;1;6;0;2;4;4;6;6;7;2;1;7;2;8;1;Web Developer
0;5;7;0;4;6;4;3;7;1;9;3;8;7;3;7;3;1;1;2;IT Consultant
3;0;3;1;7;1;3;3;4;0;2;4;6;7;1;3;1;5;4;9;Computer Programmer
5;2;4;9;1;5;5;2;4;4;2;1;6;7;7;5;3;1;8;9;Computer Science Teacher
9;6;9;9;0;2;0;3;4;5;6;6;9;6;1;1;5;4;0;4;Business Intelligence Analyst
2;5;5;6;7;4;1;1;4;0;0;7;7;6;8;2;2;4;9;1;DevOps Engineer
0;1;3;4;2;5;1;3;8;7;1;0;3;2;5;5;4;4;3;3;Computer Systems Manager
0;0;9;9;8;8;2;6;7;8;6;3;1;3;4;1;0;4;5;5;IT Support Specialist
5;9;6;1;4;4;8;9;9;1;6;7;1;6;4;8;4;6;5;3;Game Developer
5;3;4;0;3;6;1;6;5;3;6;6;2;1;9;9;2;8;2;1;Computer and Information Research Scientist
3;8;6;0;3;2;1;5;9;0;8;9;3;2;3;9;7;3;1;8;Software Engineer
8;2;1;6;4;7;0;1;2;0;3;4;2;0;4;4;0;0;2;8;Game Developer
8;0;6;9;7;8;2;5;8;5;3;7;2;4;5;4;7;1;8;0;Computer and Information Systems Manager
4;7;2;7;8;5;3;1;7;9;9;6;7;2;4;3;4;8;2;9;UI/UX Designer
0;2;3;5;3;6;3;6;8;1;2;6;8;4;5;4;6;0;2;6;Mobile App Developer
8;8;9;0;8;1;7;9;5;4;8;5;2;9;3;8;5;3;9;2;Cybersecurity Analyst
3;1;5;3;1;3;8;9;7;2;1;4;8;6;0;9;4;5;6;4;Computer Systems Manager
6;3;4;8;1;6;9;4;1;2;9;8;9;7;1;1;9;1;2;7;Computer and Information Systems Manager
3;9;4;3;2;3;4;4;2;9;0;6;3;1;8;1;3;9;2;3;Machine Learning Engineer
8;3;4;0;4;1;5;6;2;9;7;2;4;3;6;1;6;3;0;3;IT Sales Professional
4;2;7;4;2;1;0;1;0;6;8;6;3;8;8;6;3;3;8;4;DevOps Engineer
6;3;1;9;1;3;1;5;2;3;2;1;4;2;8;8;0;5;9;1;DevOps Engineer
4;8;4;8;1;8;5;0;1;8;5;4;5;1;6;0;6;8;6;6;IT Consultant
4;7;9;5;9;4;3;3;5;3;7;8;3;4;6;7;0;5;4;5;Front End Developer
9;3;1;7;8;2;8;0;5;4;4;1;9;3;4;7;8;8;9;3;Mobile App Developer
4;8;9;9;9;3;2;5;9;2;8;5;0;7;3;9;4;2;8;5;Computer and Information Systems Manager
3;8;2;9;7;4;2;8;5;4;2;8;9;5;6;0;4;1;0;9;Computer Programmer
6;9;6;7;4;0;4;3;4;2;7;0;0;3;3;2;2;7;9;1;Artificial Intelligence Engineer
9;5;9;6;2;7;8;2;1;9;5;5;7;4;3;4;5;3;5;8;IT Project Manager
5;7;5;1;2;8;8;8;8;1;9;4;6;0;9;7;8;2;6;2;Computer Hardware Engineer
2;4;0;5;0;5;2;6;6;4;5;7;6;0;7;7;1;0;5;7;IT Consultant
9;0;2;4;9;7;7;6;9;5;8;4;4;3;5;3;7;5;1;3;Data Scientist
1;6;2;2;7;5;2;7;1;6;4;0;9;8;4;1;5;8;9;6;Research Scientist
8;7;7;2;1;1;3;5;6;4;3;1;2;7;4;9;6;9;3;1;Front End Developer
4;8;5;5;1;2;2;2;0;9;4;2;4;4;9;8;4;6;8;7;Research Scientist
9;9;2;4;8;3;0;2;8;1;9;6;4;3;4;7;9;0;4;1;UI/UX Designer
1;9;6;9;1;7;3;6;4;7;7;4;7;4;7;4;3;6;8;6;Computer Systems Manager
9;7;5;6;0;0;0;9;6;4;0;7;6;6;8;3;2;1;8;6;IT Project Manager
0;1;7;7;1;7;7;9;1;9;7;4;0;0;6;8;0;6;2;3;Computer Science Teacher
8;4;9;2;7;7;7;3;0;1;7;5;7;6;2;9;8;8;4;2;Computer and Information Research Scientist
6;0;4;2;5;5;8;7;0;2;8;7;7;1;6;2;8;0;8;7;Quality Assurance Engineer
1;9;7;7;0;9;8;2;2;4;7;4;4;6;0;0;7;9;8;8;Quality Assurance Engineer
1;6;2;7;0;4;8;0;5;0;2;2;7;8;3;1;5;3;7;9;Computer Network Architect
2;2;1;3;1;8;7;0;0;0;8;8;7;3;6;4;7;4;9;9;Computer and Information Research Scientist
9;6;2;6;9;3;9;4;4;6;0;2;2;6;3;1;7;8;8;5;UI/UX Designer
3;0;4;1;1;7;0;7;2;2;3;2;0;3;0;3;0;9;0;2;Computer Hardware Engineer
2;0;1;2;0;6;9;6;3;9;2;9;5;2;5;6;0;6;3;6;Data Scientist
7;1;6;2;1;1;0;5;1;9;8;3;7;8;9;8;3;1;8;3;IT Sales Professional
6;3;0;7;2;8;5;9;9;7;7;8;0;3;2;4;1;5;0;0;Game Developer
1;1;4;7;3;0;9;1;5;6;1;4;1;5;1;7;9;0;0;2;Computer and Information Systems Manager
4;9;9;5;5;2;6;6;2;8;8;1;3;3;5;1;2;5;2;8;Technical Support Engineer
2;1;2;0;7;2;2;8;2;5;1;7;1;3;5;3;3;1;7;6;Front End Developer
5;3;1;3;1;0;3;1;2;8;4;9;6;7;1;4;1;5;2;7;Technical Writer
1;5;5;9;7;7;0;8;0;9;6;2;3;2;9;0;3;8;9;2;Computer and Information Research Scientist
4;1;4;1;7;3;8;4;7;1;5;3;7;6;3;5;8;3;7;1;IT Support Specialist
7;5;2;5;1;0;9;6;2;5;6;7;1;6;6;3;5;7;0;2;Computer and Information Systems Manager
2;3;7;8;8;9;5;5;9;6;9;5;9;9;5;5;7;8;5;8;Data Scientist
4;7;3;3;8;3;1;9;8;0;1;7;9;9;5;1;5;8;6;1;Business Intelligence Analyst
3;2;6;8;7;4;9;3;5;6;1;2;7;6;7;4;2;6;6;3;Cybersecurity Analyst
7;0;9;3;4;4;6;7;9;1;6;3;5;7;9;0;8;2;7;0;Technical Support Engineer
8;9;3;8;6;3;3;0;3;0;6;5;5;4;4;5;5;2;2;1;Computer Science Teacher
8;5;9;8;1;5;6;8;1;9;0;0;1;5;6;3;4;4;2;8;Computer Science Teacher
3;8;9;4;6;5;2;1;2;7;9;7;8;4;0;2;6;7;8;3;Computer Programmer
2;4;9;0;1;3;9;2;9;5;0;3;1;5;4;9;1;7;4;0;Web Developer
1;7;7;4;1;8;6;9;6;5;7;0;1;8;8;8;7;9;3;7;Computer Programmer
0;5;9;3;6;6;0;5;3;9;5;4;9;4;0;3;3;3;4;6;Systems Analyst
4;7;7;1;6;9;3;6;2;0;3;9;0;3;7;9;0;9;5;3;DevOps Engineer
7;5;6;6;5;0;0;4;4;5;9;5;6;2;4;2;5;0;4;9;Network Engineer
4;9;6;8;3;7;0;9;2;1;8;2;1;7;9;4;2;3;8;3;Database Administrator
1;0;5;8;1;5;7;5;6;5;4;7;4;2;6;7;2;4;1;5;Network Administrator
4;7;2;7;6;0;4;1;4;8;6;6;6;2;1;8;6;3;4;1;Blockchain Developer
2;4;4;9;4;4;2;2;3;8;7;7;5;3;3;3;1;9;0;6;Full Stack Developer
6;6;0;1;1;2;6;5;2;5;1;9;5;6;8;4;2;7;6;7;Web Developer
8;2;0;6;8;8;6;1;9;4;3;5;0;7;9;1;7;9;8;6;Cybersecurity Analyst
6;2;5;0;8;8;3;9;1;0;0;7;6;4;0;0;2;3;4;9;Game Developer
6;2;0;9;5;5;1;5;5;1;0;8;9;8;2;4;2;7;0;4;Database Administrator
4;7;8;4;1;8;5;4;5;0;3;3;6;7;2;1;3;6;5;5;Business Intelligence Analyst
7;9;4;9;8;4;5;5;7;3;1;8;4;1;1;4;3;8;9;4;IT Support Specialist
7;8;6;5;6;7;7;3;3;8;9;3;0;7;7;5;5;1;4;5;Computer Network Architect
7;1;5;6;2;2;1;0;6;3;7;1;8;1;4;5;1;7;1;9;IT Consultant
4;5;9;3;9;4;0;1;2;2;4;5;4;1;3;0;9;7;3;2;Computer Systems Analyst
4;4;9;7;8;9;1;4;6;3;3;2;5;9;1;4;4;4;6;7;Data Scientist
1;1;5;6;9;4;9;8;5;6;5;3;5;6;4;5;7;0;2;3;Web Developer
2;7;1;8;1;1;3;4;9;4;2;5;0;4;9;2;4;8;9;0;Mobile App Developer
2;3;8;9;6;2;1;1;9;3;6;2;8;7;5;1;4;3;4;3;Systems Analyst
6;3;2;4;6;1;3;8;3;4;4;6;6;7;8;5;6;0;5;7;IT Project Manager
7;4;5;8;5;3;2;2;9;9;0;8;7;7;6;6;6;0;2;0;Cybersecurity Analyst
5;4;4;3;1;4;5;6;7;0;3;9;9;6;8;0;4;0;2;8;Cloud Architect
8;4;8;7;5;7;6;9;5;0;4;5;2;7;5;9;5;5;1;1;Software Engineer
9;7;5;4;7;4;0;7;1;7;2;2;0;4;6;9;0;5;0;1;Cybersecurity Analyst
1;8;7;1;0;6;3;3;6;5;3;7;4;7;2;9;2;4;8;2;Digital Marketing Specialist
2;2;5;4;1;7;5;0;7;6;2;6;7;6;9;7;0;5;0;7;Computer and Information Systems Manager
8;4;2;2;8;1;9;8;6;3;2;1;2;8;3;9;7;6;5;1;Quality Assurance Engineer
8;4;9;6;4;0;1;5;1;4;7;3;6;1;8;2;4;4;8;6;Systems Analyst
9;8;9;5;9;1;9;6;0;7;8;6;0;5;1;1;1;3;9;2;Technical Support Engineer
1;5;5;9;9;5;9;5;3;0;5;0;4;6;2;6;7;4;5;4;Software Engineer
4;5;5;1;6;1;4;4;7;2;8;7;6;1;8;7;7;6;5;5;Back End Developer
2;4;0;9;8;6;1;0;1;6;7;1;4;8;8;5;8;4;9;3;Game Developer
8;2;9;9;0;0;3;4;7;1;7;0;4;3;6;6;0;3;2;3;UI/UX Designer
4;9;9;5;1;6;0;0;2;5;7;5;5;8;8;7;9;6;2;3;Software Tester
7;1;9;0;1;3;4;0;4;9;4;1;8;6;7;4;2;1;4;9;Research Scientist
8;4;1;0;7;1;2;3;3;2;2;8;3;3;9;8;4;4;6;6;Technical Support Engineer
9;6;0;2;4;8;6;7;8;1;0;2;1;3;3;2;5;3;3;9;Network Engineer
5;2;0;1;3;6;4;5;3;0;5;4;1;2;9;1;6;6;7;9;IT Support Specialist
7;4;4;0;5;9;4;9;1;4;6;4;2;6;4;5;3;2;3;8;Technical Support Engineer
9;9;3;5;1;3;2;1;7;7;4;0;7;5;8;1;8;0;9;3;Computer and Information Research Scientist
6;7;0;9;5;9;7;7;8;9;6;3;7;4;9;9;4;9;8;4;Computer Network Architect
7;2;5;6;8;1;7;3;7;6;9;5;4;1;7;3;7;3;5;4;Computer Hardware Engineer
1;1;3;9;7;0;5;9;8;5;3;9;4;1;6;7;3;0;0;7;Software Engineer
7;0;0;5;2;3;0;5;9;4;7;4;1;1;5;0;0;8;3;3;Research Scientist
0;2;9;8;9;7;9;5;3;0;2;8;1;3;1;1;8;5;3;6;Systems Analyst
5;7;2;8;5;9;7;8;7;4;3;0;0;7;0;4;8;9;9;7;Cybersecurity Analyst
1;6;7;8;5;1;0;8;9;4;9;4;0;9;5;8;7;9;9;4;Software Developer
0;0;7;6;3;9;5;8;8;3;2;4;1;1;7;5;5;1;0;1;Technical Writer
2;6;1;8;4;2;0;4;5;0;9;5;0;3;5;9;8;7;9;2;Computer Hardware Engineer
7;6;2;4;3;0;6;7;3;9;6;5;5;7;9;1;0;6;9;0;Database Administrator
9;1;2;3;5;9;4;9;6;1;0;7;3;9;6;0;0;0;5;9;Network Engineer
4;1;0;5;8;5;9;7;4;1;4;8;2;7;8;2;4;8;0;1;Network Administrator
6;1;7;0;5;0;0;3;6;0;5;9;3;0;1;4;4;0;7;4;Computer and Information Research Scientist
5;6;3;0;5;5;8;7;5;1;0;2;7;4;0;4;0;8;5;3;Blockchain Developer
5;9;2;0;2;4;2;5;8;9;6;8;4;7;8;8;0;5;9;3;Quality Assurance Engineer
3;0;6;5;7;5;3;7;7;7;5;9;2;7;7;2;3;9;6;5;Front End Developer
0;9;4;1;0;4;9;9;1;2;4;4;1;4;2;5;7;8;7;2;Software Engineer
0;0;9;0;5;0;5;2;8;8;4;5;3;5;4;5;7;2;9;9;Software Engineer
1;1;2;2;4;1;0;1;2;7;0;5;5;8;0;0;3;5;6;3;Research Scientist
4;9;6;6;7;9;9;8;4;3;4;4;4;9;9;5;2;1;8;0;Game Developer
7;2;4;3;8;8;4;4;1;1;4;7;5;0;8;7;8;4;7;3;Digital Marketing Specialist
7;6;4;1;5;6;2;2;7;0;7;7;0;6;8;9;2;5;8;5;Digital Marketing Specialist
8;3;6;7;9;1;6;1;7;6;9;3;1;6;3;6;0;0;4;1;Network Engineer
0;5;9;5;0;3;5;6;0;0;8;3;1;9;2;7;8;6;4;4;Computer Hardware Engineer
8;2;5;1;4;0;4;1;4;8;5;2;6;3;4;1;4;8;2;7;Cybersecurity Analyst
7;1;7;4;1;4;1;9;6;7;9;3;7;8;5;9;1;8;4;4;Technical Writer
1;1;3;5;1;5;8;5;4;9;0;9;3;8;9;2;2;5;6;5;Machine Learning Engineer
5;4;6;2;7;8;0;6;5;6;3;5;9;9;1;5;8;9;5;9;Computer and Information Research Scientist
4;6;1;8;2;5;5;3;5;6;5;4;9;1;2;5;0;1;0;4;Back End Developer
8;1;0;2;3;4;0;3;5;5;2;8;4;1;2;0;2;3;4;8;IT Support Specialist
8;3;6;4;6;6;6;9;3;5;2;4;4;3;0;0;4;5;3;1;Technical Support Engineer
8;1;7;6;5;7;8;7;7;3;0;9;6;6;6;8;9;5;5;1;IT Support Specialist
3;8;7;8;1;2;4;4;4;5;2;3;8;5;1;0;2;0;8;6;Back End Developer
4;9;4;8;3;2;2;6;8;6;3;3;8;4;6;4;1;8;2;8;Web Developer
4;1;5;7;0;8;5;3;8;6;6;9;0;9;1;9;6;0;4;6;Front End Developer
1;0;1;5;3;8;1;1;9;2;5;9;0;9;8;8;1;0;4;9;Front End Developer
6;6;5;4;7;4;7;9;1;6;2;8;1;7;3;6;9;1;9;7;Machine Learning Engineer
1;8;3;8;1;1;5;9;2;3;6;1;8;9;6;1;2;0;7;1;Game Developer
0;2;0;1;1;1;7;7;8;4;9;8;6;0;8;7;2;2;0;5;Back End Developer
3;3;5;9;2;0;7;8;6;8;8;8;5;5;8;9;7;6;3;1;DevOps Engineer
4;2;9;8;8;4;7;8;0;7;3;0;5;7;7;8;9;5;1;3;UI/UX Designer
4;6;8;9;6;2;0;4;0;7;6;1;4;5;1;2;6;6;4;9;DevOps Engineer
8;1;0;5;3;7;8;6;4;6;0;5;8;4;4;7;3;8;5;5;Digital Marketing Specialist
3;0;9;4;8;1;6;1;7;0;2;5;9;8;2;7;0;9;4;5;Data Scientist
7;4;5;8;6;0;7;9;5;8;0;9;9;0;8;4;2;0;9;4;Digital Marketing Specialist
2;9;5;4;0;6;5;3;6;1;6;6;7;5;8;8;4;5;5;7;Systems Analyst
2;8;1;0;9;3;4;8;4;6;4;7;1;5;9;4;3;4;8;6;Software Developer
6;6;0;3;4;9;4;3;2;7;5;5;9;3;9;0;6;3;8;6;Front End Developer
9;8;9;8;5;3;2;9;8;0;0;5;9;4;7;3;9;1;0;3;Cybersecurity Analyst
3;3;3;7;3;7;9;9;4;6;3;4;0;6;2;8;8;1;2;4;Business Intelligence Analyst
0;4;2;6;0;0;8;7;1;6;2;8;6;0;6;8;6;7;6;0;Technical Support Engineer
5;2;6;0;9;3;1;5;2;1;6;9;7;5;6;9;5;9;3;8;DevOps Engineer
8;6;5;3;7;2;2;2;0;5;5;7;5;5;1;1;6;6;2;5;Game Developer
5;2;0;0;0;6;3;5;1;5;4;0;3;1;7;2;2;9;9;1;Technical Writer
5;1;2;8;3;4;2;5;5;5;5;3;6;4;1;8;6;0;6;1;Machine Learning Engineer
7;6;1;9;6;8;8;5;7;1;9;8;6;9;0;2;2;8;9;3;Systems Analyst
8;9;4;8;6;4;7;6;8;9;0;8;5;8;7;9;8;9;3;6;Business Intelligence Analyst
6;0;4;2;0;2;1;0;0;8;1;0;0;6;8;4;7;9;9;2;Computer Systems Manager
2;4;7;1;6;3;9;5;1;6;3;8;7;3;1;5;1;6;9;1;Computer Systems Manager
8;2;6;3;1;8;6;1;8;7;4;7;5;5;7;3;7;3;0;4;Business Intelligence Analyst
7;5;8;2;9;4;8;3;4;3;5;6;1;6;6;5;4;8;3;5;Data Scientist
5;9;7;4;0;6;1;5;6;4;4;0;8;0;2;1;1;6;2;4;Cybersecurity Analyst
5;5;5;8;2;2;6;6;5;1;0;3;6;9;0;6;8;7;2;5;Technical Writer
4;7;8;3;4;6;2;1;9;0;6;4;1;5;7;7;0;9;0;0;Quality Assurance Engineer
9;6;9;8;4;6;3;7;7;6;0;5;0;1;2;9;0;8;5;0;Computer and Information Research Scientist
1;8;9;0;1;9;3;5;9;9;8;8;3;8;9;3;4;5;0;8;Cloud Architect
2;2;5;2;5;6;4;9;3;5;0;0;8;4;9;2;5;1;0;5;Computer Science Teacher
4;8;5;6;0;2;9;5;9;0;5;5;4;4;1;4;3;7;0;3;Computer Systems Analyst
9;9;1;8;0;2;9;2;5;5;5;9;7;1;9;1;0;8;1;9;IT Support Specialist
5;0;9;3;7;5;4;0;7;7;6;7;9;3;0;9;0;4;7;0;Full Stack Developer
8;8;4;5;5;4;3;9;1;6;1;1;9;7;0;6;9;0;8;2;Mobile App Developer
6;9;9;7;4;4;5;8;5;1;8;5;4;4;7;1;2;4;2;0;Database Administrator
7;1;8;6;8;4;7;2;3;0;8;4;4;2;8;8;5;0;3;4;Computer Programmer
4;3;5;0;9;3;9;1;5;3;2;4;5;8;3;1;4;7;7;0;Artificial Intelligence Engineer
0;2;0;6;5;6;8;1;6;9;4;7;3;6;2;6;8;7;7;7;Computer Network Architect
9;7;2;5;3;1;2;6;9;8;4;4;8;7;7;9;6;4;0;7;Computer Science Teacher
6;0;5;2;2;8;6;1;6;5;7;3;5;6;9;0;0;9;3;6;IT Project Manager
1;4;7;4;7;9;2;2;6;0;2;2;1;3;5;0;1;6;3;8;Cybersecurity Analyst
2;0;7;4;3;5;1;7;6;5;4;5;2;9;4;7;0;0;9;3;Computer and Information Systems Manager
3;4;5;9;6;7;5;2;9;7;6;3;5;1;2;5;5;8;9;8;Network Administrator
1;7;0;4;1;6;5;1;0;5;0;6;0;5;3;0;1;7;0;5;Mobile App Developer
0;8;7;1;7;4;8;4;7;0;9;1;1;5;4;1;7;7;7;4;IT Project Manager
4;2;9;3;0;5;6;1;7;6;2;5;7;5;8;0;5;6;5;4;Machine Learning Engineer
4;5;6;0;7;2;3;2;9;2;7;4;9;8;9;5;3;6;7;1;Computer Science Teacher
6;3;5;2;7;4;8;1;8;2;5;4;2;6;7;6;8;6;4;6;Embedded Systems Engineer
0;7;2;9;9;8;9;0;3;5;0;0;2;2;4;6;5;8;3;1;IT Consultant
2;8;8;6;9;8;3;1;7;2;1;8;5;7;1;0;6;0;3;4;Cloud Architect
5;8;2;0;4;0;8;4;1;1;9;6;8;2;1;8;7;3;0;7;Systems Analyst
5;3;6;8;6;3;6;7;4;7;6;4;6;1;6;0;7;5;1;3;Technical Writer
4;6;9;6;4;5;0;8;5;7;3;1;9;2;4;4;0;3;0;2;Network Administrator
1;5;1;6;9;5;9;1;4;5;9;4;1;6;4;7;7;7;8;7;Mobile App Developer
3;9;6;5;4;0;0;7;6;3;8;0;3;6;7;9;1;0;9;5;Business Intelligence Analyst
9;1;8;7;6;5;9;0;4;5;6;6;1;8;9;2;0;2;7;9;Data Scientist
0;6;2;4;9;8;9;6;3;4;1;5;9;6;0;6;0;1;6;9;Web Developer
5;8;4;1;3;8;4;8;7;5;8;3;5;2;0;0;7;9;9;1;Digital Marketing Specialist
4;4;4;0;0;3;2;2;4;5;1;0;9;9;1;3;8;4;8;6;Computer Hardware Engineer
9;0;2;4;6;8;6;9;0;8;0;9;1;8;2;2;8;3;7;0;Game Developer
9;5;0;2;6;2;0;6;0;6;0;2;8;5;6;2;1;7;3;4;Game Developer
7;9;7;7;7;1;9;5;7;1;2;2;3;8;9;2;9;7;2;1;Network Administrator
2;4;1;6;5;4;3;1;6;9;0;3;5;5;1;3;8;9;3;7;Embedded Systems Engineer
4;7;6;5;1;1;6;6;6;9;9;1;4;1;7;6;4;3;2;2;Business Intelligence Analyst
7;6;6;2;0;4;4;3;3;2;5;5;0;6;2;8;7;7;3;5;Computer Hardware Engineer
4;8;3;6;9;8;8;0;1;8;5;3;8;3;8;8;3;4;8;9;UI/UX Designer
4;8;6;4;7;1;3;0;9;1;3;4;9;6;4;8;7;9;0;1;Blockchain Developer
3;6;7;6;4;6;9;2;0;0;7;7;4;3;5;5;4;2;2;9;Network Engineer
5;8;7;0;7;9;7;1;1;4;1;1;6;3;2;0;5;8;9;5;Research Scientist
8;2;0;3;9;4;2;9;9;3;3;0;9;6;0;3;8;9;9;5;Blockchain Developer
5;6;3;4;9;8;2;4;9;9;3;2;7;0;1;6;0;5;2;6;Computer Science Teacher
0;7;1;2;1;4;4;9;9;6;7;2;4;0;9;3;8;8;4;3;Technical Writer
7;1;9;6;2;9;2;7;1;7;9;8;3;2;4;3;2;3;5;9;Database Administrator
5;3;1;2;3;9;6;0;7;4;1;3;1;9;3;8;7;0;0;6;Blockchain Developer
5;8;0;6;1;9;8;8;6;8;0;3;1;8;5;7;7;3;4;1;Computer Hardware Engineer
0;4;1;1;2;7;6;1;6;4;6;0;4;3;3;7;5;5;7;0;Web Developer
8;2;2;9;9;0;6;6;9;3;7;2;2;5;8;9;0;7;6;3;Digital Marketing Specialist
0;0;2;6;7;6;7;3;4;5;4;6;2;7;6;8;7;3;6;1;IT Sales Professional
4;6;7;2;3;1;8;5;4;3;7;8;7;8;0;2;9;9;1;5;Network Administrator
0;5;4;2;3;4;7;7;0;5;5;7;9;9;7;7;2;8;6;1;Research Scientist
4;8;6;4;3;5;8;7;8;6;3;9;6;7;0;4;1;5;5;8;Computer Science Teacher
8;3;0;8;3;3;5;3;6;9;5;7;2;5;5;3;7;5;4;6;Research Scientist
4;6;9;2;2;1;5;8;5;1;3;6;0;4;8;4;6;7;6;4;Computer Systems Manager
0;0;1;4;1;7;3;5;5;3;4;5;7;1;2;1;7;8;9;4;Network Engineer
5;3;3;7;6;6;0;9;3;7;9;7;2;1;0;8;2;6;3;5;Database Administrator
9;9;9;2;3;5;6;6;9;5;0;1;6;5;8;6;0;4;4;0;Back End Developer
6;3;1;6;3;9;3;5;3;5;9;2;6;1;0;6;5;1;6;6;Technical Support Engineer
7;0;4;9;8;4;6;8;2;2;6;4;4;7;7;7;7;8;4;2;Machine Learning Engineer
0;0;1;2;1;1;3;8;8;6;5;3;4;0;8;9;5;1;4;6;Database Administrator
2;1;1;8;2;7;9;8;4;9;2;1;5;0;7;0;0;6;4;0;Business Intelligence Analyst
2;3;4;2;9;8;7;9;1;0;9;2;4;0;2;1;8;2;6;2;Computer Programmer
3;1;8;1;9;1;8;6;2;7;7;9;4;3;0;2;4;6;7;8;Quality Assurance Engineer
9;0;0;4;1;8;1;2;3;4;2;5;1;9;4;7;5;0;0;6;Computer Hardware Engineer
9;0;2;2;9;9;2;8;3;5;6;7;0;7;6;1;9;0;3;0;Computer Systems Analyst
8;9;3;2;5;2;9;9;7;5;8;7;8;7;1;3;2;1;5;0;Back End Developer
1;5;0;5;8;9;3;5;1;9;0;2;5;8;6;7;2;2;7;9;Computer Systems Manager
1;7;8;8;7;7;9;3;0;6;3;9;3;4;0;1;5;8;4;5;Computer Programmer
9;1;1;2;2;3;4;7;4;2;7;1;8;8;8;2;3;6;8;9;UI/UX Designer
0;3;6;0;2;7;8;7;3;5;9;2;6;2;9;5;0;7;7;3;Software Tester
2;9;7;0;7;3;5;7;4;1;9;8;5;9;8;1;8;6;2;6;Network Administrator
7;1;9;3;3;9;2;2;7;6;7;8;3;5;3;9;8;7;4;0;IT Sales Professional
7;5;6;0;1;2;9;8;0;1;0;7;3;1;2;0;9;8;5;4;Cloud Architect
4;7;4;5;1;7;6;0;4;6;3;3;1;7;0;8;4;4;9;2;Back End Developer
4;7;4;0;3;2;4;2;7;1;5;7;2;3;5;3;6;7;3;4;Database Administrator
5;7;5;9;5;7;5;6;3;4;8;0;6;7;9;1;2;0;2;1;Back End Developer
5;1;4;0;6;6;0;2;3;1;3;6;5;3;9;4;4;3;4;2;Computer and Information Research Scientist
8;6;7;2;6;2;4;7;0;8;9;8;5;5;3;1;8;4;0;0;Mobile App Developer
2;1;9;7;6;1;8;4;3;7;6;6;4;8;3;3;4;2;0;2;Database Administrator
3;1;6;9;4;6;3;6;9;5;1;0;4;8;0;2;3;2;8;0;UI/UX Designer
1;8;3;3;3;5;7;2;8;7;0;1;7;7;7;4;9;1;9;5;Computer Programmer
6;6;8;6;1;4;0;7;8;2;9;6;7;2;8;6;8;4;2;5;Computer Systems Analyst
7;2;5;1;9;3;6;6;9;3;6;8;4;6;7;6;0;8;7;7;Software Engineer
3;2;0;0;7;9;2;1;8;2;6;1;9;7;7;2;0;7;6;7;Software Developer
9;5;4;9;9;9;5;4;4;0;3;4;2;0;8;7;4;4;7;0;Database Administrator
5;7;8;6;8;6;4;9;1;6;3;1;0;5;5;4;6;2;0;2;Machine Learning Engineer
7;2;4;1;5;6;8;3;7;7;3;3;5;3;6;7;2;2;2;3;Blockchain Developer
2;6;4;3;3;4;1;7;1;3;7;2;3;2;6;8;9;8;5;2;Back End Developer
8;9;5;6;3;7;5;3;6;8;9;0;8;5;7;9;7;6;5;2;Network Administrator
3;5;2;5;8;9;8;5;9;5;2;3;8;6;1;0;5;5;9;7;Computer and Information Systems Manager
2;1;3;3;5;2;5;4;7;4;5;8;7;0;5;3;2;7;5;1;Computer Hardware Engineer
2;9;9;7;2;5;6;2;5;0;7;8;1;7;9;5;9;2;3;4;IT Project Manager
5;8;6;3;9;7;2;5;7;5;2;5;0;1;5;6;2;8;1;8;IT Sales Professional
4;0;5;1;3;3;8;4;2;8;4;2;3;0;8;3;0;1;5;3;Quality Assurance Engineer
1;9;2;8;0;6;4;1;6;2;6;5;6;7;6;1;0;6;0;7;Computer and Information Research Scientist
7;9;2;9;2;9;0;8;7;4;9;2;6;7;7;9;4;6;8;7;Quality Assurance Engineer
0;1;7;4;2;7;0;1;7;8;1;7;0;1;2;2;7;5;4;9;Computer Systems Analyst
2;2;5;6;0;5;9;9;3;8;1;5;5;0;1;9;8;3;2;2;Computer Network Architect
4;3;3;2;0;5;4;7;3;7;8;8;3;2;4;3;7;5;0;4;Software Developer
2;2;2;4;7;7;2;1;4;7;0;4;3;0;1;1;7;4;4;8;IT Support Specialist
3;5;4;4;6;2;6;4;5;2;6;0;5;1;7;5;8;0;2;2;Business Intelligence Analyst
7;4;1;4;7;5;0;0;6;8;1;7;9;9;6;3;6;3;7;4;Systems Analyst
8;1;2;5;1;3;6;0;0;6;6;1;4;0;1;7;6;1;3;6;IT Consultant
6;5;3;6;9;8;4;1;3;2;9;6;7;7;0;3;0;3;9;3;Cloud Architect
0;3;4;7;3;2;3;9;0;5;3;6;8;4;6;6;7;7;6;9;Network Engineer
3;5;1;9;3;6;5;1;2;5;3;9;7;0;9;6;2;2;1;7;Digital Marketing Specialist
2;3;2;5;1;3;0;7;6;9;0;9;8;4;2;5;0;5;2;2;Computer and Information Research Scientist
8;7;3;1;4;4;7;5;5;1;4;7;0;9;6;3;2;7;7;8;Web Developer
5;3;2;2;1;5;8;7;8;7;4;7;8;1;9;9;9;3;3;1;Computer and Information Systems Manager
5;1;7;5;4;5;6;0;5;4;9;4;0;7;9;5;0;0;3;1;Computer Systems Manager
9;4;8;4;1;8;6;0;8;0;6;4;5;3;8;8;7;4;3;6;Computer and Information Research Scientist
5;1;0;2;0;4;5;2;7;8;1;0;5;1;4;2;8;9;6;1;Digital Marketing Specialist
1;5;1;6;4;0;6;8;5;5;5;2;5;0;9;6;5;0;9;2;Cloud Architect
4;5;9;6;6;0;9;0;2;2;5;0;2;8;7;8;9;7;6;7;Blockchain Developer
6;8;7;8;6;9;9;2;2;0;4;9;1;2;6;5;2;0;2;0;Network Administrator
2;0;7;3;5;6;9;1;4;1;9;1;6;8;5;1;1;1;9;0;Full Stack Developer
4;7;2;9;6;9;9;8;9;4;4;7;0;4;8;8;8;6;4;6;Game Developer
9;4;7;5;7;8;6;6;1;1;2;6;5;6;6;4;8;0;9;2;Back End Developer
2;8;7;2;3;4;5;9;9;8;5;6;1;9;2;0;6;4;9;7;Database Administrator
1;0;0;3;6;3;1;7;3;5;9;9;9;7;1;7;1;4;8;8;Data Scientist
9;6;7;9;4;7;1;8;1;8;1;9;8;8;0;0;5;9;4;1;Machine Learning Engineer
9;8;2;1;6;6;5;4;5;5;4;9;9;8;6;1;3;1;7;6;Data Scientist
2;9;3;5;6;4;3;3;3;6;9;5;3;7;1;4;6;6;4;0;Cloud Architect
2;1;5;2;5;8;9;7;2;4;4;2;4;3;3;1;2;2;4;1;Back End Developer
9;3;8;1;9;2;1;8;5;5;5;9;2;8;9;5;4;9;7;7;Cybersecurity Analyst
1;2;9;9;9;6;3;0;4;1;0;0;6;4;0;7;2;1;7;4;Systems Analyst
0;7;0;4;2;7;3;9;1;8;5;6;0;9;3;2;6;1;0;5;Software Developer
2;5;6;8;9;6;0;8;3;8;3;1;7;1;8;4;7;8;6;1;Cloud Architect
4;6;0;8;1;2;0;4;4;7;1;5;5;3;5;7;4;3;2;9;Research Scientist
1;7;7;6;7;4;5;1;1;1;0;4;7;5;2;0;1;6;3;0;Game Developer
5;1;9;2;3;0;0;6;5;1;5;0;2;6;6;4;8;4;4;6;Cybersecurity Analyst
5;2;9;0;7;0;2;6;1;4;5;6;9;7;0;1;2;4;1;2;Computer and Information Systems Manager
8;4;5;3;6;9;7;4;4;7;2;1;7;5;0;4;3;9;9;3;Technical Writer
7;0;8;1;8;6;0;4;7;8;6;7;2;6;5;3;0;5;9;4;Computer and Information Systems Manager
9;8;2;1;7;4;0;6;5;7;3;0;3;0;9;9;5;6;2;4;Computer and Information Research Scientist
2;9;7;9;7;3;5;4;1;6;6;3;9;9;9;3;3;1;8;2;Software Tester
9;9;0;6;2;5;1;7;6;7;2;8;1;0;6;1;5;6;7;8;Computer and Information Systems Manager
3;2;3;3;3;5;4;1;0;9;3;9;8;0;3;1;7;1;7;0;UI/UX Designer
6;5;9;6;9;5;7;0;8;3;6;8;7;8;2;7;0;9;2;7;Cybersecurity Analyst
6;0;7;8;2;4;2;9;1;4;3;5;7;1;1;3;7;3;2;5;IT Project Manager
6;8;8;5;7;2;3;0;9;8;5;7;0;4;5;6;9;0;6;9;Artificial Intelligence Engineer
4;5;3;0;1;9;9;3;8;3;5;7;6;6;1;6;1;5;1;4;Systems Analyst
1;5;2;9;8;7;7;1;9;2;9;9;0;6;4;6;7;9;6;0;Cybersecurity Analyst
4;3;0;7;7;6;4;8;1;6;3;1;5;8;5;8;7;0;1;0;IT Sales Professional
3;2;2;8;3;3;8;5;4;4;0;8;0;0;8;6;0;1;5;4;Business Intelligence Analyst
9;2;6;3;5;4;5;1;6;4;5;4;9;8;8;9;0;5;6;3;Full Stack Developer
7;1;1;4;9;0;8;8;5;2;6;3;8;1;6;1;2;9;3;1;Artificial Intelligence Engineer
2;8;6;9;2;8;8;5;5;5;2;9;5;5;8;6;5;8;8;8;Quality Assurance Engineer
6;7;1;3;0;7;1;8;7;9;0;8;2;2;6;7;7;5;2;7;Digital Marketing Specialist
5;1;4;5;6;0;8;7;2;2;6;4;4;6;1;2;2;1;1;2;Computer Science Teacher
5;6;4;1;8;6;3;2;8;4;8;8;2;0;0;6;0;8;6;9;Blockchain Developer
2;0;1;9;1;9;2;1;6;6;1;8;1;2;2;5;3;8;2;5;Research Scientist
6;9;0;4;2;7;3;9;7;1;4;2;4;8;1;1;6;0;5;3;UI/UX Designer
6;3;9;9;5;3;6;2;9;4;0;8;5;6;0;5;4;8;2;8;IT Project Manager
9;5;0;7;8;5;2;7;7;3;1;6;9;0;0;7;4;5;8;5;UI/UX Designer
4;8;7;7;1;9;9;0;5;3;6;8;4;4;5;7;8;5;2;3;IT Project Manager
6;4;3;1;3;9;3;9;7;1;3;0;5;4;2;2;0;1;3;8;Network Engineer
9;1;6;6;6;4;1;0;9;2;7;0;4;8;7;5;5;2;0;3;Blockchain Developer
6;3;9;4;0;6;3;8;5;1;9;3;7;4;3;9;3;7;0;0;Cybersecurity Analyst
7;4;2;5;7;8;6;6;2;4;9;4;7;4;0;0;0;5;4;3;Web Developer
4;9;5;0;7;4;3;8;1;4;7;4;3;5;1;4;4;8;9;8;IT Project Manager
1;2;6;8;0;8;7;8;3;9;8;9;0;2;8;6;8;5;8;1;Network Administrator
3;8;9;5;8;8;5;4;8;7;4;9;6;8;1;7;0;4;4;2;Computer Science Teacher
0;9;1;7;6;7;3;3;5;0;1;6;8;3;3;3;0;4;6;3;Computer Network Architect
6;8;8;7;8;6;0;0;4;7;7;9;5;2;7;4;1;7;2;5;Technical Support Engineer
5;1;3;6;2;7;7;8;4;3;7;1;0;6;2;5;8;4;1;8;Digital Marketing Specialist
6;3;1;5;6;3;5;5;4;5;3;2;1;9;4;7;6;1;8;3;Data Scientist
4;5;4;5;6;5;2;6;3;6;5;8;3;7;4;6;6;9;4;1;Front End Developer
1;9;9;8;2;2;9;5;3;7;6;2;3;7;6;2;8;5;8;6;IT Sales Professional
0;3;9;3;9;7;7;6;1;3;4;0;9;7;6;0;9;0;5;2;DevOps Engineer
8;0;5;7;3;0;1;5;4;6;2;9;8;0;4;3;4;1;2;2;Cloud Architect
3;1;3;6;5;9;4;6;5;9;2;8;7;9;8;4;3;3;3;3;Digital Marketing Specialist
4;4;3;2;2;7;7;2;1;1;3;6;1;6;7;0;7;0;9;5;Database Administrator
8;9;3;5;5;1;6;4;7;7;0;9;8;0;5;4;9;2;0;7;Systems Analyst
2;9;9;6;8;1;6;1;5;6;1;7;8;4;5;5;3;2;6;3;Machine Learning Engineer
4;1;4;5;7;1;6;1;8;5;0;8;4;1;2;4;5;4;7;3;Computer Programmer
2;2;1;4;5;9;3;4;1;5;7;5;9;0;4;7;3;3;7;5;Technical Support Engineer
9;5;5;5;9;6;2;3;6;7;1;9;7;0;0;9;6;1;1;8;Digital Marketing Specialist
0;8;5;7;2;2;3;6;5;8;1;8;6;4;5;0;2;0;0;9;Cloud Architect
8;4;9;8;5;8;9;1;7;4;3;1;3;7;6;5;0;6;7;5;Computer Systems Manager
5;3;1;8;4;6;0;9;0;2;4;9;1;1;9;0;0;0;8;4;Systems Analyst
4;6;8;5;4;1;4;2;9;9;7;1;9;2;9;1;6;6;7;9;Software Tester
4;2;8;1;1;0;2;7;1;6;3;1;0;2;5;0;6;4;6;8;IT Sales Professional
0;3;1;7;8;2;0;9;4;9;7;7;5;3;2;7;4;4;7;0;Game Developer
8;0;9;6;3;0;0;8;9;1;9;7;1;5;1;5;4;2;8;2;Computer Network Architect
7;3;4;8;6;6;4;1;4;2;3;1;0;7;6;9;5;5;5;2;Mobile App Developer
1;5;0;2;6;6;5;9;8;3;5;3;2;4;4;7;3;2;8;2;Quality Assurance Engineer
0;9;1;5;2;6;9;9;7;4;8;6;9;6;8;1;1;8;6;6;Artificial Intelligence Engineer
0;3;8;1;2;3;6;7;6;9;2;5;0;7;1;0;2;0;2;2;Technical Support Engineer
4;1;9;9;6;5;7;9;8;0;7;7;3;4;8;2;0;9;0;0;UI/UX Designer
4;0;6;0;9;3;8;1;5;6;2;8;2;6;1;3;9;0;2;6;Machine Learning Engineer
4;6;1;5;7;2;6;3;7;6;7;3;6;1;0;4;3;5;3;6;Data Scientist
8;5;7;9;2;7;7;4;6;5;6;3;9;0;7;3;5;6;9;8;Network Engineer
5;2;9;7;7;3;1;8;1;3;1;3;5;3;5;8;3;8;7;7;Cloud Architect
4;7;8;5;5;3;2;2;8;9;0;6;5;6;0;6;6;0;3;4;Software Tester
0;9;3;5;4;1;0;1;6;3;3;8;5;7;9;8;8;1;6;7;Computer Programmer
1;5;6;3;4;5;2;0;3;7;2;4;9;9;8;4;3;1;1;0;Cloud Architect
7;2;5;5;9;3;2;4;0;2;2;2;7;6;9;4;5;0;4;1;Research Scientist
4;1;7;1;1;2;5;4;5;4;9;3;3;7;1;5;5;5;3;8;Cloud Architect
0;3;9;4;3;2;7;9;7;0;5;1;7;7;7;1;7;5;9;4;Business Intelligence Analyst
9;0;7;1;9;3;9;8;4;7;9;7;8;9;7;3;0;2;0;2;Technical Support Engineer
0;3;1;5;4;0;1;8;5;7;5;5;4;9;9;7;9;2;9;5;Computer and Information Systems Manager
8;2;1;6;4;6;3;2;8;5;0;6;8;6;7;4;5;1;2;1;Computer Systems Manager
6;3;0;1;5;5;1;0;7;0;7;6;0;1;0;9;6;1;7;4;Computer Science Teacher
8;6;8;5;6;1;3;3;7;3;9;9;4;7;2;1;9;7;0;2;Full Stack Developer
1;3;3;5;4;1;9;7;2;7;2;8;6;7;8;0;0;7;9;4;UI/UX Designer
5;7;9;9;8;6;5;2;7;8;1;5;1;4;5;8;7;8;6;9;Computer Science Teacher
7;9;1;2;1;7;2;2;7;0;3;0;6;9;3;1;9;9;3;2;IT Sales Professional
3;2;0;9;3;4;1;0;5;7;2;2;9;3;6;9;8;1;8;5;Full Stack Developer
5;3;5;8;0;1;0;3;3;3;8;6;9;6;0;2;8;1;7;7;Back End Developer
1;8;1;6;4;3;7;1;5;4;1;9;8;4;9;9;5;6;7;1;Computer Systems Analyst
6;0;2;5;6;3;8;4;1;8;7;3;3;5;9;3;1;6;9;6;Embedded Systems Engineer
2;8;9;9;7;1;7;1;3;6;4;9;5;5;7;3;2;3;4;6;Network Engineer
5;5;5;4;4;1;5;8;1;8;4;4;7;8;9;6;5;7;7;0;Digital Marketing Specialist
0;3;3;7;2;3;7;5;8;9;4;3;3;3;3;7;9;6;2;0;Artificial Intelligence Engineer
1;9;6;1;1;0;2;1;2;3;2;2;5;8;1;9;7;0;8;8;IT Project Manager
6;7;9;6;6;1;0;5;0;9;7;2;6;3;5;1;6;7;0;1;Cloud Architect
6;9;8;9;1;1;3;1;9;8;1;1;8;2;5;3;6;3;1;8;Web Developer
8;8;2;3;1;3;8;9;8;1;2;0;9;6;4;6;9;1;8;0;Computer Hardware Engineer
6;2;8;7;1;4;3;1;2;3;0;9;9;3;9;7;8;8;0;7;Computer and Information Systems Manager
8;6;9;9;7;6;2;9;2;6;5;8;6;2;5;0;9;3;2;9;Cybersecurity Analyst
9;7;7;8;3;1;4;1;7;2;7;0;3;8;8;7;9;8;3;0;Research Scientist
5;7;3;2;3;5;4;2;0;2;1;8;2;2;1;2;9;4;3;9;Software Tester
3;2;2;6;0;8;5;7;9;6;4;1;2;1;9;2;2;1;5;8;Database Administrator
1;3;7;3;3;5;1;2;4;9;8;8;1;9;6;2;0;0;9;0;Technical Support Engineer
9;1;2;8;3;3;6;5;9;8;5;2;0;0;9;2;2;4;9;6;Cloud Architect
3;8;7;6;2;9;8;7;1;6;8;6;7;6;4;0;1;6;7;8;Mobile App Developer
2;3;2;1;3;7;8;4;0;4;1;7;9;1;7;5;6;2;9;6;Full Stack Developer
3;6;3;1;9;5;1;0;8;1;3;0;1;4;4;3;6;8;7;4;Back End Developer
7;6;6;3;8;9;3;9;2;2;5;7;3;9;0;1;3;9;8;7;IT Sales Professional
5;6;8;8;9;6;6;0;1;4;0;4;9;3;3;6;3;8;6;6;Network Administrator
4;3;5;7;3;0;3;1;5;1;7;3;9;5;6;0;7;9;8;7;Computer Systems Analyst
9;2;4;0;1;3;8;1;9;7;6;9;2;4;0;8;1;5;3;3;Database Administrator
9;6;6;1;4;2;3;9;0;3;3;9;0;8;8;0;3;7;3;8;Systems Analyst
2;9;6;7;4;7;5;7;1;3;8;3;8;4;8;1;8;7;6;5;Systems Analyst
6;4;2;6;2;5;2;4;6;0;8;2;0;6;8;5;6;6;4;5;Computer and Information Systems Manager
5;3;4;6;8;3;4;3;4;0;8;2;0;3;1;4;4;4;8;0;Game Developer
2;8;7;7;0;5;4;6;8;2;5;9;1;9;0;6;4;5;7;9;Computer Programmer
1;7;2;3;6;9;8;3;4;8;1;2;7;3;4;3;5;4;1;3;Computer Science Teacher
5;2;8;9;9;6;9;5;1;0;9;5;3;8;4;0;9;5;1;4;Computer Systems Analyst
3;0;2;3;5;7;6;4;6;9;1;1;0;0;3;2;0;6;5;7;Blockchain Developer
6;3;8;4;9;4;5;7;1;8;2;6;5;1;6;9;5;7;3;9;Software Developer
6;6;1;4;9;3;2;5;3;5;3;6;4;7;5;1;0;9;4;8;Network Engineer
5;7;0;7;9;3;9;5;1;4;6;9;4;8;4;0;2;3;8;9;Business Intelligence Analyst
8;9;8;3;1;8;5;6;6;7;3;5;3;0;0;9;8;9;8;8;DevOps Engineer
3;9;6;3;7;6;2;1;8;4;2;2;2;3;2;2;7;8;7;8;Computer Network Architect
8;9;1;3;7;7;9;5;8;3;3;3;6;2;0;2;0;8;9;5;Computer Programmer
3;9;1;8;7;1;0;8;8;3;1;7;9;8;6;6;4;7;6;0;Computer Systems Analyst
4;5;1;8;5;2;8;4;4;3;9;3;0;2;2;0;2;4;4;7;Research Scientist
1;6;2;2;9;1;7;1;1;3;8;0;7;7;8;7;3;5;1;4;Network Administrator
8;2;0;1;9;4;4;7;5;9;9;1;6;7;2;2;7;3;8;3;Full Stack Developer
8;8;2;4;7;1;5;1;8;3;2;0;3;6;3;5;9;9;4;1;Blockchain Developer
9;1;9;4;8;0;4;5;9;9;5;9;6;6;4;9;1;8;6;2;Business Intelligence Analyst
2;1;4;8;0;2;9;9;1;8;7;5;3;4;4;5;9;3;8;8;Software Developer
2;5;5;2;4;9;4;9;7;5;0;3;8;8;4;2;4;7;9;1;Research Scientist
2;1;9;4;3;6;5;2;7;3;6;3;1;3;6;9;6;8;5;2;Web Developer
2;2;3;4;6;4;6;8;3;2;7;0;5;5;0;5;4;6;2;1;Software Developer
4;4;0;2;9;3;0;9;2;3;1;2;2;9;0;3;6;2;5;7;Network Engineer
0;5;2;4;9;2;6;4;6;0;9;7;6;1;5;9;4;0;8;8;Research Scientist
4;5;7;9;3;1;7;3;6;6;0;1;6;9;5;8;9;0;1;9;Quality Assurance Engineer
7;6;7;3;1;8;3;8;8;9;1;4;4;9;3;2;7;0;7;8;Systems Analyst
6;2;0;0;2;9;0;3;7;1;5;2;4;9;5;7;2;0;4;1;Computer Programmer
9;7;9;3;2;6;8;2;8;4;8;9;1;2;5;6;4;0;4;6;Computer Systems Manager
3;7;1;8;0;5;0;2;6;6;8;1;0;8;9;9;9;9;1;7;Front End Developer
7;9;9;9;7;0;7;1;0;8;2;6;3;2;9;4;9;7;8;2;IT Project Manager
6;5;2;4;3;6;5;2;6;7;9;1;1;2;8;3;6;2;2;1;Software Engineer
9;3;7;0;1;6;0;1;7;5;6;6;4;7;1;7;1;8;6;7;Front End Developer
7;6;4;2;0;0;6;6;6;4;9;8;7;6;8;5;3;1;2;7;DevOps Engineer
4;5;9;2;7;1;0;4;8;9;2;7;1;9;4;3;3;9;4;6;Systems Analyst
8;4;1;9;0;2;9;2;9;7;8;8;0;9;0;1;4;6;4;4;Cybersecurity Analyst
4;8;6;0;9;4;0;5;4;5;3;6;5;6;6;9;8;0;5;1;Network Administrator
5;1;1;0;7;8;1;9;7;1;5;6;0;3;0;6;4;2;3;6;Computer and Information Research Scientist
4;7;5;1;5;7;0;2;5;8;8;8;8;2;9;7;4;4;7;3;Full Stack Developer
9;9;7;7;2;3;6;8;8;5;3;8;3;7;8;1;4;9;8;4;Web Developer
4;2;0;1;7;1;5;3;4;9;6;8;1;3;5;7;5;9;8;0;Blockchain Developer
6;8;9;3;3;6;7;0;7;5;5;5;2;4;3;9;3;1;6;9;Web Developer
2;5;3;8;9;1;5;1;4;8;4;9;2;1;8;4;4;1;5;0;Systems Analyst
6;2;5;2;0;0;0;6;5;9;8;7;9;4;9;7;2;6;9;4;Database Administrator
7;1;9;0;8;9;7;0;2;8;4;6;8;7;5;0;9;2;1;0;Database Administrator
2;1;6;2;5;7;6;7;9;2;6;9;5;5;8;4;1;1;3;7;Network Engineer
7;3;9;6;1;8;4;5;4;6;0;5;2;1;8;2;8;7;8;0;Network Engineer
9;8;5;4;4;0;8;1;6;3;0;7;2;6;8;9;7;6;2;0;Cybersecurity Analyst
0;4;5;0;1;8;0;3;0;3;9;2;2;2;9;5;0;0;7;3;Database Administrator
9;9;6;7;0;7;7;9;3;0;7;5;9;9;6;3;0;4;4;7;Cloud Architect
0;2;5;1;1;9;8;0;6;1;8;6;3;1;8;4;6;0;7;5;Game Developer
0;2;7;0;2;8;4;6;4;7;5;2;2;8;2;8;1;3;0;8;Network Engineer
7;9;8;9;6;4;9;2;0;4;6;7;9;2;7;9;8;4;5;7;Computer and Information Systems Manager
8;8;5;6;8;4;5;9;1;0;1;7;5;8;5;2;6;2;0;5;Software Tester
4;5;7;9;1;7;8;9;6;6;3;0;0;9;2;4;3;0;7;4;Software Developer
6;8;1;8;0;0;2;5;7;8;8;6;0;6;5;9;4;6;8;5;Software Tester
1;2;2;4;4;9;3;9;2;5;5;7;8;1;2;0;3;4;6;5;Software Engineer
5;5;4;2;6;3;5;4;8;6;1;5;0;7;8;8;7;4;4;5;Technical Writer
7;9;5;1;0;4;6;4;5;1;5;3;7;0;1;6;9;7;0;3;Research Scientist
9;3;0;7;4;2;7;2;4;7;3;8;3;1;1;4;8;3;0;2;Software Tester
3;8;2;6;8;9;1;1;0;7;6;3;9;5;4;2;5;0;0;8;UI/UX Designer
3;2;3;2;3;7;4;9;0;1;7;9;9;3;4;9;1;1;5;4;Network Engineer
8;5;0;5;9;4;7;2;5;3;0;8;6;0;1;4;5;1;2;7;IT Project Manager
2;8;4;8;8;7;5;4;9;9;3;7;1;7;2;9;9;5;3;7;IT Sales Professional
7;3;4;2;0;1;1;9;4;4;9;9;5;9;5;2;5;3;2;5;Back End Developer
2;4;3;7;9;9;2;5;9;9;1;9;7;2;3;6;1;1;6;7;Blockchain Developer
8;1;3;4;3;9;4;4;5;6;5;0;6;1;4;8;4;5;8;0;Web Developer
7;9;2;9;9;1;7;7;2;2;2;0;9;4;1;5;2;3;0;7;Front End Developer
6;5;6;3;6;1;4;9;5;4;6;4;0;9;5;7;9;7;7;7;Software Tester
2;3;0;7;2;3;2;4;1;9;7;1;5;3;3;0;5;4;5;7;Computer Science Teacher
8;3;6;2;7;3;1;4;4;9;1;6;7;9;1;1;5;9;6;3;Back End Developer
2;5;4;0;9;5;4;0;1;4;5;1;9;2;8;2;7;3;5;7;Technical Support Engineer
4;0;9;0;4;1;6;4;5;3;1;1;0;3;0;7;6;1;4;4;Technical Support Engineer
8;7;6;9;5;3;6;5;9;9;7;9;1;6;1;6;5;9;7;9;Computer Network Architect
7;8;2;1;9;8;2;8;6;7;5;1;4;2;7;8;9;1;5;7;Computer Systems Analyst
3;4;0;5;1;0;6;1;2;9;6;8;4;5;8;1;8;8;8;5;Software Engineer
6;2;4;8;4;7;8;6;8;6;6;9;1;3;5;4;6;1;1;8;Systems Analyst
6;5;2;6;9;8;5;9;5;6;3;4;3;1;2;1;9;9;7;0;IT Sales Professional
8;4;1;8;8;9;6;0;7;8;4;7;6;7;7;2;8;0;4;4;Software Developer
4;5;1;1;1;7;7;6;1;9;7;2;3;5;6;5;3;5;3;0;Database Administrator
4;0;2;8;6;6;9;6;5;3;0;3;7;3;8;1;9;0;8;9;Quality Assurance Engineer
4;8;1;6;4;0;5;8;3;6;1;9;0;5;8;5;2;6;7;7;Network Engineer
2;9;5;8;0;7;6;4;7;8;6;0;9;5;7;5;2;5;7;6;UI/UX Designer
6;1;1;3;2;5;9;8;2;7;4;6;3;8;8;6;9;2;1;5;UI/UX Designer
9;9;0;4;7;3;5;4;2;4;6;1;8;0;5;9;3;4;0;1;Mobile App Developer
2;6;7;4;6;3;5;2;7;7;3;9;0;4;2;0;6;1;2;3;DevOps Engineer
6;7;8;6;6;1;8;1;4;3;4;5;6;3;1;7;9;2;2;1;Cloud Architect
8;0;3;6;5;1;1;0;3;6;7;9;7;3;2;7;6;5;7;1;Systems Analyst
6;0;1;1;3;0;3;2;7;1;8;2;7;8;3;3;6;6;1;2;Embedded Systems Engineer
9;8;0;9;9;2;7;5;8;5;3;1;0;2;0;3;8;7;7;7;Quality Assurance Engineer
5;8;7;4;5;6;1;6;5;7;3;5;0;9;9;5;3;1;2;2;Computer Systems Analyst
6;4;6;2;3;6;9;7;5;7;6;9;3;3;2;1;8;8;6;6;Software Developer
3;6;4;2;7;3;6;5;4;9;0;7;4;3;5;4;9;5;6;7;Technical Writer
5;4;9;9;8;7;3;8;0;2;0;9;2;2;8;8;2;6;6;1;Software Developer
3;0;5;9;0;6;0;1;2;4;7;9;5;0;4;4;9;8;7;7;IT Project Manager
6;0;8;4;9;7;9;3;3;5;3;1;4;6;6;6;5;3;7;1;Computer Programmer
9;2;5;5;5;1;0;8;7;2;9;3;8;4;7;8;0;1;8;2;Computer Science Teacher
4;2;2;8;0;4;5;0;6;8;9;6;6;6;7;4;4;8;3;2;IT Project Manager
5;3;2;6;8;6;5;6;2;3;7;4;7;3;5;2;1;7;9;8;Computer Systems Analyst
8;2;3;0;5;2;9;3;0;1;4;4;5;6;7;4;9;2;3;5;IT Consultant
7;7;0;0;5;6;8;3;0;6;6;4;0;9;1;9;1;9;4;8;Computer Systems Analyst
6;4;8;4;4;9;5;0;7;3;2;7;6;3;7;6;4;6;5;3;Mobile App Developer
9;7;5;4;0;8;2;5;3;6;4;8;0;3;3;8;3;9;6;2;IT Support Specialist
9;5;5;5;5;3;4;0;5;5;4;9;8;1;8;0;1;0;0;6;Computer and Information Research Scientist
3;4;0;2;9;7;1;2;5;5;4;8;6;6;1;3;5;1;9;3;Mobile App Developer
2;8;7;0;0;2;0;9;1;4;1;8;4;1;6;0;1;4;4;3;Game Developer
2;5;7;2;7;4;7;9;9;9;5;0;4;9;6;7;4;9;8;1;Software Engineer
5;6;5;1;6;2;6;4;8;2;1;8;3;4;9;2;7;8;0;0;Back End Developer
4;5;5;2;7;4;6;6;8;8;4;1;0;2;4;4;3;6;6;1;Computer Science Teacher
8;3;2;8;2;3;3;7;0;9;9;9;0;6;9;5;1;9;9;6;IT Project Manager
2;1;5;8;6;5;0;0;6;0;4;5;6;7;3;8;9;9;0;5;Computer and Information Systems Manager
1;6;0;8;3;7;3;8;7;2;1;8;2;2;6;5;8;6;3;9;Systems Analyst
1;9;1;0;0;2;5;2;2;3;4;6;6;2;8;7;3;5;7;2;Full Stack Developer
9;9;3;3;8;4;0;3;0;3;2;5;7;9;2;0;6;1;2;8;Computer Programmer
9;8;1;3;6;4;1;9;3;3;3;9;8;0;0;6;0;4;6;4;Systems Analyst
9;4;9;8;3;6;0;2;6;3;1;9;6;4;0;5;8;2;8;3;Data Scientist
5;2;1;9;0;1;6;5;6;1;4;6;0;3;0;1;9;2;0;2;IT Project Manager
6;8;9;5;1;0;4;9;7;1;1;3;4;3;0;0;4;7;5;0;IT Consultant
9;7;2;4;5;0;7;5;1;1;4;6;0;8;1;3;5;4;3;3;Digital Marketing Specialist
6;0;9;7;3;4;1;1;2;5;2;3;2;6;1;0;1;2;8;6;Computer and Information Systems Manager
5;0;0;5;8;1;4;6;1;6;3;4;5;0;1;5;0;8;2;7;IT Project Manager
0;3;3;1;5;9;8;6;0;4;9;6;3;1;2;4;5;8;8;5;Computer and Information Systems Manager
5;9;6;4;5;5;8;8;9;9;2;7;8;6;1;8;3;4;8;2;Systems Analyst
6;8;1;4;4;4;5;5;8;5;0;6;0;0;2;9;2;8;4;1;Cybersecurity Analyst
8;9;6;1;5;4;6;4;1;9;2;3;8;7;2;1;4;2;5;3;Quality Assurance Engineer
9;4;1;7;5;8;4;8;4;0;1;9;2;7;7;8;3;1;9;5;Computer Hardware Engineer
2;6;7;5;2;2;5;4;1;0;6;6;0;5;9;0;2;9;7;1;Technical Writer
0;9;0;1;2;0;0;1;8;3;8;0;1;6;5;5;3;1;0;5;Cybersecurity Analyst
5;2;7;1;3;0;2;1;0;5;7;0;3;6;0;5;4;6;1;4;Technical Writer
8;3;7;3;4;7;0;1;6;6;3;6;7;5;2;8;6;6;7;4;Game Developer
2;2;9;2;4;0;1;3;9;0;3;3;0;2;5;6;9;2;1;3;Cybersecurity Analyst
7;8;7;3;5;9;5;0;0;6;8;4;1;3;4;9;6;4;9;7;Full Stack Developer
8;3;9;0;8;5;7;3;6;1;0;2;9;1;2;5;5;4;5;6;UI/UX Designer
3;2;4;4;0;9;7;0;2;1;7;7;9;2;5;1;6;4;8;1;IT Support Specialist
7;7;4;5;2;9;9;8;1;9;9;6;4;7;6;2;0;0;8;4;IT Consultant
2;2;4;9;6;1;0;1;6;5;1;9;2;4;9;0;4;1;3;5;Blockchain Developer
9;5;1;0;2;3;7;3;0;7;9;5;4;2;3;4;3;8;1;3;Business Intelligence Analyst
6;0;0;7;1;0;8;9;1;6;1;2;7;8;5;9;5;4;2;6;Software Developer
2;9;0;2;3;2;8;7;3;9;1;7;3;5;6;4;3;4;2;9;Back End Developer
4;7;6;9;0;0;5;1;6;9;4;7;2;8;1;6;6;4;2;5;Blockchain Developer
4;5;3;9;6;1;9;7;6;2;3;4;2;8;3;7;3;8;0;9;Software Tester
6;9;1;6;7;4;1;3;7;7;5;3;1;8;4;6;8;1;0;4;Digital Marketing Specialist
8;3;4;4;6;9;9;5;6;1;7;1;9;7;3;3;4;4;7;4;IT Support Specialist
6;2;4;9;3;4;5;7;7;6;7;1;7;0;4;1;0;5;4;2;Software Tester
2;6;0;9;9;7;3;9;9;3;3;0;7;2;1;1;2;3;3;6;Computer Hardware Engineer
3;8;9;2;4;4;5;7;4;9;6;2;4;2;1;3;1;0;7;6;Technical Support Engineer
7;0;7;4;2;7;7;5;1;9;5;6;9;4;3;5;7;8;0;0;Technical Writer
5;0;3;8;9;4;3;1;2;0;5;3;3;2;2;1;1;4;3;9;Network Engineer
5;8;0;1;7;8;5;5;2;6;1;9;7;7;8;0;3;9;2;0;Full Stack Developer
2;6;1;5;6;4;9;1;7;2;3;9;4;6;4;8;0;5;5;6;Computer and Information Research Scientist
9;4;2;0;0;4;4;0;1;6;1;6;7;8;5;0;8;9;9;2;IT Consultant
6;2;7;8;7;8;4;9;6;1;6;0;5;0;5;7;7;0;7;7;Software Tester
5;2;3;7;9;9;8;1;8;9;3;2;5;9;4;6;3;6;3;7;Computer Programmer
3;3;3;8;3;6;3;1;1;7;3;6;2;9;5;4;3;2;3;0;IT Sales Professional
7;1;7;3;4;1;2;8;2;3;5;3;1;7;7;0;9;4;4;4;Data Scientist
2;9;3;2;0;2;9;5;1;7;0;9;6;5;8;1;2;9;8;3;Technical Support Engineer
1;4;8;2;1;2;0;0;3;2;0;2;0;2;9;8;3;9;7;4;Cybersecurity Analyst
7;4;9;0;1;7;4;1;0;3;0;8;1;3;8;0;4;7;5;0;IT Support Specialist
8;3;6;4;4;5;6;4;4;0;5;0;8;6;9;1;8;9;3;8;Full Stack Developer
7;1;9;2;6;1;5;3;1;0;4;9;4;0;1;1;8;8;5;9;Full Stack Developer
6;3;6;0;6;5;4;7;6;1;1;8;0;6;9;0;0;0;5;0;Front End Developer
5;7;4;2;0;1;0;1;3;9;5;3;1;1;2;7;8;4;8;3;UI/UX Designer
6;4;9;4;3;4;4;5;9;1;2;0;6;7;2;8;0;1;1;4;Computer Science Teacher
4;1;5;2;0;1;1;4;1;5;1;5;5;7;5;8;6;0;8;7;IT Consultant
7;5;4;4;4;9;9;7;7;1;4;7;5;1;6;0;0;0;4;5;Computer Systems Analyst
2;8;2;0;2;5;7;1;7;7;1;7;3;3;4;2;7;3;1;8;IT Consultant
6;5;0;4;7;9;6;4;9;4;4;6;3;2;0;1;6;5;4;1;Game Developer
2;7;9;9;8;6;8;8;4;1;7;1;2;2;1;1;6;8;6;2;IT Support Specialist
0;7;4;0;9;7;5;8;0;7;1;5;1;1;4;0;8;4;4;8;IT Support Specialist
8;6;3;8;8;2;5;6;8;1;5;4;7;3;0;7;8;4;0;4;Network Engineer
8;3;9;6;2;0;3;7;5;5;6;7;1;1;8;6;4;3;5;5;Artificial Intelligence Engineer
9;5;6;3;4;4;2;2;3;9;1;2;5;4;6;6;0;9;0;3;IT Project Manager
5;7;9;9;3;7;7;3;3;7;6;6;3;5;6;4;0;6;3;8;DevOps Engineer
7;1;8;6;7;2;7;9;1;2;0;6;9;3;5;2;7;5;7;5;Computer Science Teacher
0;3;4;4;8;4;5;4;2;9;3;5;4;4;0;6;2;2;2;8;Software Engineer
1;2;7;3;2;0;9;7;9;1;1;0;2;5;3;0;9;7;8;1;Computer and Information Systems Manager
4;7;9;0;1;5;5;1;5;9;3;3;6;9;8;0;9;5;9;8;IT Project Manager
9;0;6;6;7;3;8;9;4;8;9;0;2;1;5;3;8;2;3;2;Computer and Information Systems Manager
5;3;5;6;9;4;7;3;5;2;5;8;8;3;3;4;3;8;6;2;Computer and Information Systems Manager
1;6;2;8;4;3;0;2;2;4;7;8;4;8;4;9;4;4;5;0;Computer Systems Analyst
3;8;0;0;3;8;0;9;1;9;9;9;5;1;6;6;8;0;0;7;DevOps Engineer
1;2;3;4;4;8;8;2;5;2;7;4;8;0;7;5;7;2;5;1;Artificial Intelligence Engineer
8;2;1;7;6;9;0;9;4;6;3;2;2;1;7;5;6;9;9;8;IT Support Specialist
6;4;8;7;8;8;4;1;6;1;5;3;9;7;5;4;5;6;1;5;Software Developer
4;9;5;2;3;3;2;8;1;9;6;8;5;3;0;3;8;7;4;2;Systems Analyst
2;2;3;0;3;6;0;2;9;2;3;2;7;9;1;9;0;2;1;1;Database Administrator
7;3;0;3;2;7;2;2;6;0;3;3;6;1;1;4;9;1;5;4;IT Consultant
7;9;2;9;6;8;8;9;2;9;7;2;0;0;3;9;5;8;5;3;Software Developer
7;3;4;8;0;2;7;3;6;8;1;9;5;3;3;1;8;6;3;3;Back End Developer
4;9;4;1;3;0;1;6;1;0;1;2;2;8;3;6;4;1;9;8;Computer and Information Research Scientist
0;4;5;7;3;8;4;5;3;8;9;5;2;5;0;4;5;6;9;4;Computer and Information Systems Manager
3;6;7;8;8;2;2;1;9;8;9;8;1;7;8;7;5;0;2;1;Computer Programmer
9;8;0;2;7;2;3;4;2;3;7;1;3;4;0;6;5;6;8;5;Technical Support Engineer
4;1;0;1;4;8;8;7;5;0;8;5;2;2;6;0;8;3;7;1;Database Administrator
0;7;2;8;7;3;4;9;7;7;1;9;0;0;8;3;3;3;1;7;Blockchain Developer
3;2;9;4;7;9;6;3;3;1;6;6;5;7;5;4;0;0;5;6;Embedded Systems Engineer
7;3;7;8;5;6;4;5;7;1;4;0;9;7;6;3;9;0;2;2;Cybersecurity Analyst
2;5;4;1;1;4;1;3;5;3;6;9;9;1;5;6;2;3;1;5;DevOps Engineer
2;9;4;3;5;9;6;2;2;2;1;6;8;7;0;5;4;2;9;9;Cloud Architect
2;9;5;7;7;4;4;1;1;7;1;0;1;8;0;4;4;3;0;7;Computer Systems Analyst
1;7;4;5;4;7;5;6;6;5;6;5;3;0;9;8;6;7;0;6;Software Tester
2;6;5;8;6;9;1;2;3;9;0;2;7;2;7;5;8;0;1;5;Database Administrator
5;6;0;5;5;1;4;6;2;5;3;3;0;1;1;4;6;7;9;7;Systems Analyst
6;9;9;7;4;6;1;8;7;6;3;8;1;2;1;2;5;4;6;3;Digital Marketing Specialist
4;8;0;7;6;2;3;3;3;9;3;4;3;6;0;0;1;5;0;0;Network Engineer
1;7;7;6;4;3;0;8;8;3;9;1;8;1;1;0;4;0;7;5;Computer Network Architect
8;1;6;5;9;7;5;0;6;8;6;6;2;0;7;5;8;3;3;9;Front End Developer
8;5;5;4;0;1;4;7;5;2;5;7;8;2;7;2;9;4;5;0;Network Engineer
4;5;6;1;7;9;7;9;6;7;2;8;9;6;8;7;9;8;3;5;Machine Learning Engineer
9;9;2;3;7;1;7;2;7;3;1;7;4;5;0;7;4;7;0;7;Machine Learning Engineer
2;6;7;8;0;2;3;6;7;2;1;9;8;8;2;4;3;7;4;4;Blockchain Developer
6;9;1;1;3;1;5;5;4;7;7;9;5;9;3;8;1;6;4;5;Machine Learning Engineer
2;3;9;4;3;9;5;7;7;2;6;1;5;6;5;9;8;0;1;0;Quality Assurance Engineer
9;0;5;9;3;4;0;8;5;6;1;0;7;0;6;9;7;2;5;0;Blockchain Developer
5;6;2;0;3;1;5;5;4;0;5;8;9;6;8;8;0;8;3;7;Research Scientist
2;5;2;9;1;0;8;2;3;7;4;4;0;5;4;2;4;4;9;1;Mobile App Developer
0;4;3;8;4;6;2;0;2;4;2;5;4;0;5;4;8;7;6;6;Computer Hardware Engineer
8;0;6;6;9;8;5;9;7;9;0;1;1;8;6;1;3;9;4;6;IT Sales Professional
2;1;5;1;0;1;5;5;4;6;5;1;4;4;9;4;6;8;1;6;DevOps Engineer
5;4;8;1;0;4;4;4;9;4;6;2;4;8;0;8;5;2;2;6;Data Scientist
5;1;5;8;0;5;3;8;8;2;7;5;9;5;4;5;5;8;3;0;Machine Learning Engineer
8;6;8;2;6;5;9;3;0;1;0;4;1;3;0;0;1;6;1;1;Front End Developer
4;7;6;8;9;0;5;8;6;5;8;1;6;9;8;5;5;4;7;8;Game Developer
7;3;8;0;4;7;3;6;5;9;6;5;9;5;2;1;2;1;8;3;Computer Systems Analyst
9;2;1;8;3;3;3;8;0;0;3;3;5;0;3;7;7;2;2;3;Database Administrator
8;9;9;0;2;2;9;8;6;3;0;3;9;7;1;4;6;0;2;7;DevOps Engineer
0;7;0;9;3;0;1;6;4;3;5;8;0;2;0;1;1;9;1;8;Digital Marketing Specialist
9;3;7;3;5;0;5;4;7;4;3;3;0;7;0;0;0;8;4;6;Computer Systems Analyst
7;1;8;3;7;5;4;3;7;9;9;4;4;1;6;1;5;0;4;5;Cloud Architect
2;4;9;9;8;7;3;5;1;1;6;5;4;7;2;8;0;3;1;7;IT Project Manager
1;1;3;0;3;1;0;5;5;8;6;1;3;8;2;2;9;0;4;0;Machine Learning Engineer
4;5;9;0;5;7;4;2;0;2;5;1;0;9;2;2;7;5;4;1;Computer and Information Systems Manager
0;2;0;6;4;3;1;3;8;4;9;7;9;8;4;3;3;3;7;8;Computer Hardware Engineer
9;4;7;4;6;7;5;3;3;8;3;1;5;8;6;2;9;6;6;6;Technical Support Engineer
7;8;5;6;2;9;3;6;4;5;2;4;5;9;3;6;3;7;7;1;Technical Support Engineer
4;6;3;8;9;0;7;8;4;6;9;9;8;7;8;3;8;1;2;8;Artificial Intelligence Engineer
8;4;6;7;1;0;6;0;0;9;1;7;8;3;6;0;5;2;5;5;Back End Developer
2;5;2;4;3;0;9;8;1;8;8;3;4;8;1;2;9;0;7;6;IT Project Manager
5;5;8;0;9;4;7;2;9;6;5;6;5;7;7;9;8;5;0;0;Front End Developer
9;3;3;5;0;8;9;7;0;7;3;9;4;8;3;0;6;0;7;8;Machine Learning Engineer
8;8;9;4;7;3;7;9;2;1;3;9;5;7;2;6;9;9;7;1;Front End Developer
1;6;0;9;2;3;1;6;7;8;5;0;8;1;1;7;2;0;3;2;DevOps Engineer
4;6;1;7;2;4;0;1;8;3;9;5;5;9;5;6;6;4;8;3;Technical Support Engineer
1;3;8;1;0;7;1;0;8;4;4;2;3;4;8;0;0;0;7;3;Computer Programmer
8;7;8;1;4;7;3;7;1;0;1;0;6;8;0;6;6;8;9;0;Cybersecurity Analyst
6;4;5;1;5;5;4;3;7;7;5;9;2;7;2;9;9;7;5;7;Game Developer
8;1;9;0;0;7;6;4;2;1;4;3;1;3;1;2;0;5;4;3;Network Engineer
7;2;2;6;0;5;2;9;2;6;8;5;0;4;6;0;3;3;6;6;Research Scientist
4;0;1;2;5;5;2;1;4;3;3;1;2;6;1;2;6;0;6;1;Computer Systems Manager
9;9;9;1;5;8;1;3;7;5;1;2;5;0;7;1;0;9;5;0;Systems Analyst
2;4;9;1;8;9;0;1;7;3;3;2;1;9;5;8;5;9;2;0;Network Administrator
6;3;4;8;3;4;1;1;2;5;1;0;5;8;9;1;5;4;3;8;IT Sales Professional
2;4;8;2;9;0;6;2;3;8;3;3;6;7;9;4;1;3;8;9;Computer Programmer
5;6;1;8;5;7;2;2;0;9;9;3;7;9;0;3;3;9;4;7;Technical Support Engineer
3;2;1;6;6;6;2;7;0;9;8;3;0;3;4;6;6;3;0;8;Mobile App Developer
1;0;2;8;5;1;2;1;8;8;7;1;9;6;5;3;7;4;8;3;Cloud Architect
8;3;9;3;7;8;2;0;0;4;5;5;9;7;8;1;1;8;0;1;UI/UX Designer
1;1;5;5;1;3;3;1;2;7;9;1;6;0;5;7;3;0;2;2;Artificial Intelligence Engineer
0;3;8;9;5;6;4;3;1;2;0;3;1;2;8;4;6;3;2;3;Systems Analyst
2;0;9;0;1;2;1;7;9;1;6;6;1;0;1;1;7;5;6;3;Machine Learning Engineer
5;9;9;5;1;0;4;8;6;4;9;5;1;2;8;6;8;6;9;3;Software Developer
0;5;0;2;9;4;1;2;7;7;3;8;3;2;6;3;6;4;5;8;Mobile App Developer
4;2;1;7;0;9;7;2;9;8;2;2;6;2;5;2;0;3;0;6;Embedded Systems Engineer
5;8;1;0;8;0;6;5;5;8;6;9;9;7;5;7;4;5;4;4;Computer Systems Manager
9;6;0;0;1;0;9;7;5;2;0;2;6;9;1;5;0;5;5;8;UI/UX Designer
8;3;9;0;3;9;1;2;3;4;8;5;6;9;7;2;6;9;1;8;Business Intelligence Analyst
4;5;3;1;1;7;6;2;9;5;1;3;0;6;1;1;7;8;4;7;Machine Learning Engineer
3;5;9;3;3;3;5;2;3;2;2;4;1;0;9;2;9;4;5;3;Software Developer
7;5;5;9;6;7;9;2;7;5;9;0;9;3;1;8;9;9;6;7;UI/UX Designer
0;4;5;3;7;2;6;6;8;8;5;6;4;2;0;9;7;5;6;5;Quality Assurance Engineer
5;0;2;7;9;2;8;9;0;0;4;0;6;3;7;1;9;8;6;6;Cybersecurity Analyst
8;2;4;3;0;1;4;2;1;7;7;3;5;5;1;1;0;6;0;8;Systems Analyst
4;6;8;3;5;6;8;3;2;4;6;9;2;5;4;9;4;3;2;7;Computer Programmer
3;4;5;0;7;1;6;8;3;4;0;2;5;9;9;3;8;6;4;3;IT Project Manager
5;9;8;7;9;0;3;7;2;2;7;0;8;9;1;0;3;7;4;5;Network Engineer
7;0;3;6;7;4;5;6;5;2;8;7;4;2;2;3;2;6;1;4;Computer and Information Research Scientist
3;4;5;5;5;9;9;3;6;7;6;5;1;4;3;3;2;8;2;3;UI/UX Designer
2;2;9;2;9;5;9;3;3;8;3;0;6;8;9;5;0;9;9;9;Computer Systems Analyst
0;3;0;4;5;4;4;4;5;0;8;5;0;1;3;7;3;3;0;4;IT Sales Professional
0;6;9;8;9;8;3;0;4;1;6;0;9;3;0;2;1;7;8;5;Digital Marketing Specialist
5;0;1;7;6;8;6;5;7;0;4;6;6;6;0;3;4;1;6;4;Computer Science Teacher
4;2;5;1;7;2;4;8;1;4;3;7;5;7;2;5;5;4;8;3;Systems Analyst
6;7;2;2;4;5;9;0;1;6;4;1;2;6;7;4;3;3;3;8;Embedded Systems Engineer
8;2;9;7;6;2;2;0;0;4;4;0;0;3;2;2;5;1;9;6;Software Tester
9;6;0;2;1;8;6;3;6;0;7;5;9;9;4;5;6;6;0;0;Database Administrator
5;1;9;4;2;9;0;9;5;6;0;4;4;0;4;3;2;0;5;5;Computer and Information Research Scientist
3;7;6;1;2;4;8;9;7;4;8;5;1;3;4;3;3;9;0;2;Network Administrator
2;6;8;2;7;3;1;0;8;0;6;8;2;4;4;2;9;0;8;2;Mobile App Developer
5;9;7;6;3;0;4;4;4;6;9;5;5;2;6;9;5;2;6;0;Mobile App Developer
5;2;2;8;2;3;9;9;7;9;9;4;7;4;8;9;1;9;5;2;IT Project Manager
6;8;6;4;1;6;8;7;1;2;8;2;5;4;2;6;0;8;4;5;Computer and Information Research Scientist
0;2;3;3;6;6;7;3;7;6;5;1;4;8;3;8;1;3;4;9;Business Intelligence Analyst
5;3;4;7;9;5;2;5;3;8;8;0;4;8;0;5;0;6;7;2;Computer Systems Manager
8;8;8;1;4;6;3;4;8;8;9;6;7;5;9;9;9;8;8;4;Web Developer
7;6;5;0;4;1;7;4;9;6;3;4;8;3;7;1;2;2;2;3;Software Developer
2;6;9;6;0;0;6;6;4;8;8;7;9;6;5;4;4;2;1;0;Technical Writer
0;0;0;6;1;0;2;4;5;0;5;0;4;4;1;4;6;6;1;5;Data Scientist
9;3;7;8;4;9;2;6;0;1;9;7;7;6;5;7;2;2;8;5;Database Administrator
7;9;2;3;9;2;7;3;5;8;2;4;0;3;8;2;8;6;5;5;Software Developer
1;9;1;4;0;9;4;3;0;6;2;8;6;7;0;0;7;4;8;2;Back End Developer
1;7;8;1;2;3;1;2;7;9;5;2;7;4;7;7;3;8;8;9;Computer Systems Manager
0;6;6;3;7;1;3;3;0;2;9;3;3;9;9;5;9;9;8;8;DevOps Engineer
1;8;9;2;2;2;6;8;6;2;8;7;0;0;5;0;6;8;2;0;Computer Systems Analyst
3;3;5;0;8;7;9;6;3;2;5;7;5;2;6;1;7;8;3;5;Mobile App Developer
6;1;7;1;4;9;6;8;0;6;3;2;0;5;4;8;0;6;2;6;Software Tester
7;0;5;8;4;3;5;2;4;9;3;4;7;5;3;5;6;2;7;3;Computer Systems Manager
0;0;7;6;9;7;7;9;0;4;9;8;5;7;3;4;0;3;9;1;Network Engineer
9;9;6;2;7;7;3;3;7;9;0;2;7;2;5;4;7;6;3;9;Machine Learning Engineer
6;7;5;4;5;1;7;7;3;4;4;5;5;2;5;0;3;0;0;0;Quality Assurance Engineer
2;9;1;0;0;9;6;9;5;1;9;0;8;5;9;4;2;5;8;3;Computer and Information Systems Manager
0;1;6;7;2;7;5;8;5;3;1;0;6;5;8;7;0;4;1;9;Web Developer
4;6;8;4;4;9;7;9;6;7;3;6;4;4;2;6;1;8;9;1;Computer Programmer
8;8;3;5;7;5;6;5;2;8;1;7;6;4;1;5;8;8;3;1;IT Consultant
5;8;8;0;6;7;5;5;4;5;3;4;9;2;3;9;9;3;1;7;Software Engineer
7;1;5;3;3;5;0;1;5;5;6;1;2;1;0;9;4;7;1;4;Network Administrator
7;3;1;9;7;4;8;0;8;0;0;2;7;5;4;6;4;4;1;2;Technical Support Engineer
9;0;0;4;5;1;5;2;9;7;4;2;4;9;7;7;6;4;9;1;Cloud Architect
4;0;2;6;7;6;2;8;2;5;1;2;0;9;1;2;9;4;5;9;Software Tester
8;9;7;4;5;0;3;5;3;8;2;5;0;1;2;2;7;5;5;7;Software Engineer
3;5;2;4;9;6;3;2;5;5;9;1;2;1;0;6;4;0;4;9;Computer and Information Research Scientist
7;3;5;3;8;8;0;9;4;9;9;8;7;7;3;5;5;0;7;8;Web Developer
0;8;3;1;8;1;3;5;0;9;1;5;4;6;2;1;0;1;5;3;Full Stack Developer
5;1;4;5;2;5;2;5;1;8;4;6;6;6;0;0;5;0;0;8;Computer Network Architect
3;5;4;3;1;0;9;6;4;4;9;6;6;4;5;1;5;0;9;4;Computer Systems Manager
7;7;7;7;1;4;1;7;0;0;8;3;6;6;0;2;9;4;3;4;Computer Systems Manager
4;6;8;5;2;3;4;5;2;1;7;1;0;1;0;3;4;9;8;6;Computer Science Teacher
7;7;7;5;7;0;3;0;1;9;9;2;3;9;7;5;7;7;1;3;Computer Hardware Engineer
9;8;0;1;6;4;7;4;3;3;7;7;3;3;7;5;0;7;6;7;Computer Systems Manager
1;3;9;2;3;2;3;7;7;9;7;6;1;6;0;3;7;9;2;3;Data Scientist
5;2;7;3;7;0;2;5;4;2;2;3;6;8;9;0;8;4;5;8;Computer Network Architect
4;2;0;8;6;8;1;7;2;3;8;9;4;4;7;4;7;1;2;8;Quality Assurance Engineer
7;2;8;5;2;6;7;4;1;3;0;0;1;0;7;3;6;5;6;3;Computer Network Architect
7;1;0;2;5;8;9;4;0;8;4;2;5;9;4;4;6;2;9;1;Computer Systems Analyst
6;9;7;1;2;8;3;5;4;1;4;3;2;2;0;4;0;9;2;8;Front End Developer
4;4;5;6;5;5;0;0;0;9;8;0;1;7;8;2;5;7;6;8;Full Stack Developer
0;3;8;1;0;5;4;5;6;7;5;7;0;4;3;0;9;4;3;3;IT Consultant
1;7;8;6;6;4;2;2;0;4;3;9;9;3;0;6;2;8;1;5;Back End Developer
4;1;1;0;3;4;2;6;8;8;4;2;8;2;8;2;6;8;5;8;Technical Writer
1;1;1;0;5;7;4;0;3;0;0;7;2;8;9;7;3;7;4;6;Machine Learning Engineer
5;7;8;9;8;9;0;6;8;8;0;2;4;2;3;8;2;5;1;5;Mobile App Developer
3;7;6;9;8;8;0;8;0;2;8;3;7;4;1;1;0;1;5;5;Computer Programmer
4;8;7;5;7;2;7;1;6;4;7;0;1;9;4;7;5;7;6;0;Computer Programmer
3;2;8;8;6;6;7;4;4;9;0;1;8;6;0;7;2;9;3;0;Computer and Information Systems Manager
6;2;6;7;2;7;2;7;9;5;8;7;9;9;7;3;1;7;6;4;Computer Hardware Engineer
4;6;6;3;7;6;8;1;3;8;7;4;1;6;0;8;2;1;4;9;Software Developer
9;8;1;5;2;6;1;6;8;8;5;0;3;7;4;1;4;3;2;6;Computer and Information Systems Manager
7;0;5;8;4;2;3;2;5;2;5;4;9;5;8;9;1;6;8;1;Network Engineer
3;0;8;4;8;4;6;3;6;1;9;4;3;1;3;1;7;5;9;2;IT Support Specialist
4;5;8;3;2;1;9;9;0;3;6;9;9;5;2;3;5;0;2;3;Mobile App Developer
7;6;5;3;7;6;0;7;1;4;8;9;4;3;6;2;5;0;7;3;Network Administrator
0;2;4;9;6;7;0;0;4;1;0;2;6;8;8;1;0;6;1;8;Embedded Systems Engineer
9;6;1;7;8;9;7;1;2;3;7;3;0;1;5;9;8;5;4;6;Back End Developer
2;9;2;2;3;3;9;2;3;9;3;5;5;7;2;1;7;9;5;4;Front End Developer
8;9;8;0;2;6;0;6;7;9;5;1;9;3;8;4;6;1;5;8;Computer and Information Research Scientist
4;0;4;4;9;2;2;6;3;8;4;3;9;8;9;6;8;7;4;8;Embedded Systems Engineer
2;1;5;1;5;9;5;9;9;7;0;4;7;1;8;2;5;1;6;9;Computer and Information Systems Manager
5;5;9;8;3;6;7;2;8;9;4;7;7;3;2;5;0;7;2;9;IT Support Specialist
6;1;3;5;4;0;0;1;6;5;2;1;1;8;1;4;6;1;7;6;Software Tester
1;9;4;8;2;3;8;1;8;0;6;2;8;4;0;4;2;1;0;9;IT Consultant
8;9;4;4;7;5;7;0;6;3;9;6;7;3;7;5;8;3;5;7;Computer Hardware Engineer
1;3;3;9;4;0;2;3;8;0;5;0;4;9;8;8;3;9;5;2;DevOps Engineer
1;0;5;6;5;8;5;0;6;9;1;9;4;7;3;3;8;7;2;7;Computer Science Teacher
2;5;5;5;4;3;0;0;9;2;9;4;0;4;6;9;2;2;9;8;Full Stack Developer
9;6;6;9;0;8;7;3;1;1;9;5;4;0;7;3;8;9;0;7;Network Administrator
9;3;5;4;5;4;2;0;0;7;4;8;7;4;8;1;0;3;2;1;Computer Systems Analyst
7;5;0;3;6;2;1;6;3;9;1;4;6;2;0;2;7;1;6;7;Embedded Systems Engineer
5;2;9;5;7;0;0;4;6;4;0;4;4;1;3;3;9;0;2;3;Network Engineer
9;8;1;1;9;0;3;2;2;2;0;2;2;9;7;1;6;7;3;8;Mobile App Developer
5;5;6;2;4;0;0;3;9;6;4;9;6;6;0;3;2;2;7;0;Research Scientist
1;0;4;9;6;7;0;4;9;7;9;7;5;4;2;4;6;5;7;2;IT Support Specialist
3;7;9;0;0;2;3;6;9;8;5;1;4;8;2;1;5;8;1;3;Software Tester
6;1;0;7;8;8;9;8;8;1;6;7;8;4;5;6;7;9;9;0;UI/UX Designer
0;3;0;3;6;6;8;9;1;4;1;7;9;3;5;8;1;6;1;2;Software Engineer
7;3;6;0;8;3;1;6;7;7;0;0;7;7;3;9;9;8;1;9;UI/UX Designer
0;0;4;0;1;4;5;3;9;7;9;1;9;1;1;2;8;4;9;8;Game Developer
3;4;6;4;6;6;7;8;7;0;4;4;0;3;5;7;3;3;5;3;Data Scientist
3;0;3;2;5;4;6;5;1;2;6;2;9;1;9;3;8;4;1;0;Front End Developer
4;8;7;2;8;5;7;0;8;9;8;2;0;4;1;8;2;3;3;6;Computer Programmer
7;4;1;1;4;2;9;1;2;9;3;5;6;3;0;3;8;4;7;1;Computer Network Architect
1;2;1;6;8;8;9;6;9;4;7;6;4;3;0;7;2;0;8;6;Digital Marketing Specialist
5;8;8;2;6;0;4;2;2;0;5;8;2;8;8;6;2;3;9;7;Computer and Information Systems Manager
3;4;1;7;5;9;2;6;6;9;2;6;8;0;9;6;4;4;7;6;Mobile App Developer
2;5;0;9;9;8;7;8;7;7;8;2;7;4;7;5;1;7;0;0;Research Scientist
9;5;0;8;4;2;2;5;5;3;1;0;3;1;1;2;0;7;3;2;Computer and Information Systems Manager
8;7;0;4;9;0;8;7;2;8;2;3;3;1;5;0;5;3;8;3;Software Tester
4;5;0;3;7;1;0;8;7;4;0;5;1;5;3;2;3;3;6;5;Computer Hardware Engineer
7;7;9;6;8;7;7;1;2;7;4;7;1;3;4;7;4;1;2;1;Machine Learning Engineer
4;7;7;8;9;0;9;2;2;3;1;7;8;8;6;1;6;0;7;5;Cloud Architect
0;1;9;3;0;5;4;1;1;3;2;5;4;5;3;8;6;3;8;2;Database Administrator
1;6;3;1;8;1;7;2;2;1;2;1;7;9;6;1;3;6;1;7;Network Engineer
0;0;1;9;7;7;7;6;8;4;3;1;6;8;2;8;7;2;0;4;Mobile App Developer
9;0;6;8;2;3;1;2;4;9;2;3;2;4;9;3;0;7;3;7;Back End Developer
0;8;6;3;1;7;3;6;0;6;3;0;5;8;4;8;3;7;3;1;Front End Developer
0;4;0;3;8;1;8;1;9;0;3;9;7;1;8;2;3;8;2;2;Back End Developer
4;8;9;6;0;9;4;2;5;3;6;7;2;5;9;9;5;4;8;1;Quality Assurance Engineer
7;1;5;2;1;6;9;3;1;5;3;6;4;9;5;6;8;2;9;8;DevOps Engineer
9;7;7;8;3;1;6;0;6;8;9;6;6;3;2;6;3;3;7;6;DevOps Engineer
2;7;8;7;8;7;4;0;5;9;7;4;9;3;7;0;2;9;6;0;Front End Developer
0;7;6;2;7;9;8;4;7;1;1;7;9;6;6;2;9;7;8;3;Research Scientist
7;6;0;6;3;9;0;7;4;2;4;2;4;9;2;6;5;5;8;7;Computer Systems Analyst
0;0;5;8;8;8;5;4;9;2;2;3;5;2;6;7;8;9;9;7;Technical Writer
7;9;4;1;6;2;6;4;1;6;0;1;0;3;0;6;2;4;1;9;Computer and Information Systems Manager
9;9;6;8;3;1;8;4;5;0;9;9;4;6;0;8;3;8;0;9;Blockchain Developer
5;4;0;4;7;6;5;0;8;3;9;7;1;1;4;5;2;5;0;6;Business Intelligence Analyst
3;5;3;5;3;8;1;6;4;2;8;0;1;6;7;4;4;8;6;5;Network Engineer
8;8;8;4;6;3;4;3;9;4;6;6;3;7;3;2;1;4;4;0;Software Developer
4;3;0;7;5;3;6;1;2;4;5;1;0;8;2;0;3;3;8;3;Cloud Architect
3;3;8;2;3;2;1;1;5;0;6;1;9;9;5;4;2;4;8;8;Database Administrator
7;5;5;6;1;9;5;5;4;3;8;2;0;2;0;0;3;4;8;8;Computer Science Teacher
2;5;0;9;0;4;5;0;0;0;1;3;2;2;6;1;1;4;4;3;Computer Network Architect
9;2;9;4;7;1;4;8;9;1;0;1;8;6;3;3;1;5;0;3;Mobile App Developer
7;1;1;8;5;1;7;4;3;1;4;7;9;8;6;1;4;2;3;0;Blockchain Developer
0;5;4;9;8;7;1;0;1;0;1;1;0;7;5;9;5;0;1;4;Computer Science Teacher
6;9;0;8;9;0;1;0;6;0;0;9;2;5;2;9;6;3;5;5;Computer and Information Research Scientist
0;6;3;4;4;6;4;3;8;2;0;1;2;7;4;3;2;0;8;3;Digital Marketing Specialist
9;2;3;2;0;3;6;6;8;8;4;1;6;6;3;2;9;9;5;3;IT Project Manager
9;7;9;2;9;5;9;6;6;8;0;4;3;7;6;6;7;4;3;7;Artificial Intelligence Engineer
3;2;6;0;2;3;4;0;3;3;1;2;0;9;2;2;8;4;3;4;Artificial Intelligence Engineer
2;0;1;2;0;6;6;0;3;6;5;7;2;4;1;4;0;2;0;3;Computer Network Architect
6;4;7;6;4;6;3;5;8;8;5;3;7;1;8;5;7;5;6;2;IT Sales Professional
0;0;2;4;1;8;0;3;9;1;8;5;6;4;5;0;4;6;9;3;Digital Marketing Specialist
0;3;3;0;0;0;3;2;4;8;9;1;6;9;1;6;4;6;5;0;DevOps Engineer
0;6;3;1;1;8;4;9;7;5;9;6;5;2;4;2;8;0;2;9;Back End Developer
9;2;2;6;7;5;3;4;6;6;1;8;8;4;3;8;1;2;2;3;Cloud Architect
6;6;8;6;2;3;4;5;9;0;3;9;2;0;6;2;6;0;6;3;Computer Programmer
3;4;4;8;2;5;8;1;7;6;8;5;6;1;7;8;8;3;5;9;Cloud Architect
9;1;5;4;2;5;3;0;4;1;9;0;0;6;0;8;8;2;6;4;Business Intelligence Analyst
8;5;1;0;0;1;4;3;6;6;0;7;6;1;5;4;5;4;4;4;Computer Hardware Engineer
8;4;2;2;2;5;8;3;0;1;5;0;8;2;2;4;8;7;7;4;Machine Learning Engineer
1;8;7;0;6;2;3;4;9;4;6;5;5;9;0;9;6;2;5;2;Embedded Systems Engineer
3;7;9;3;6;5;9;0;5;0;9;0;6;5;7;7;4;7;7;2;Web Developer
1;5;5;1;9;9;7;5;7;3;5;3;9;6;7;4;5;0;9;4;Business Intelligence Analyst
3;9;4;7;2;7;7;1;2;6;9;5;6;9;4;7;9;5;6;5;Computer Hardware Engineer
2;7;0;9;0;1;5;4;0;8;0;9;4;2;5;1;2;2;7;7;Database Administrator
2;0;5;0;9;9;7;1;9;0;4;9;7;5;8;2;0;4;3;3;Full Stack Developer
0;1;6;4;7;0;5;3;3;3;6;0;8;2;9;9;6;7;9;9;Computer Programmer
9;5;0;8;5;2;6;2;6;6;5;3;2;0;9;1;9;6;9;0;IT Support Specialist
5;2;3;5;8;7;9;3;7;1;1;0;6;3;8;7;8;4;1;6;Network Administrator
3;4;4;0;0;3;2;2;5;2;1;2;4;5;7;3;0;1;0;5;Full Stack Developer
9;6;8;9;5;3;4;8;3;8;4;1;7;2;5;5;3;5;5;0;Computer Systems Analyst
2;2;6;8;9;2;5;1;0;9;7;8;9;7;8;2;7;5;5;6;Computer and Information Research Scientist
6;9;4;9;3;8;3;2;4;0;5;8;3;7;0;9;7;1;9;6;Database Administrator
5;2;3;9;8;9;1;9;4;8;5;2;8;7;2;5;5;2;9;2;IT Support Specialist
6;3;6;8;3;1;0;2;6;0;7;7;8;4;8;5;6;9;4;9;Computer Science Teacher
6;5;1;8;5;7;2;4;5;2;2;7;3;7;7;6;4;2;9;0;IT Consultant
9;2;7;4;8;6;6;5;7;5;7;6;8;7;8;3;3;5;4;4;Embedded Systems Engineer
6;5;8;9;0;8;4;4;7;6;3;7;9;3;2;1;0;5;9;3;IT Support Specialist
0;1;8;5;1;2;6;1;9;7;3;6;6;0;3;0;7;1;2;0;IT Sales Professional
5;2;5;5;3;1;8;8;8;4;7;4;8;5;1;9;0;7;6;8;Computer and Information Systems Manager
7;8;7;4;7;5;7;3;2;1;9;0;8;3;0;7;4;0;2;9;IT Sales Professional
1;6;4;3;8;9;7;0;0;4;1;1;2;5;6;4;1;0;1;1;Embedded Systems Engineer
2;2;3;0;5;8;6;2;8;1;6;1;8;2;1;0;4;3;0;3;Technical Support Engineer
7;2;4;0;8;8;3;2;5;0;2;9;8;8;4;4;2;4;7;5;Web Developer
3;4;9;7;3;8;5;2;0;5;4;7;7;9;1;1;8;2;4;6;Machine Learning Engineer
5;1;5;0;5;1;9;9;1;3;2;9;2;2;1;9;3;8;5;8;Mobile App Developer
6;7;1;2;9;9;1;5;8;2;0;5;7;2;5;6;8;3;2;8;IT Consultant
9;4;3;0;5;6;1;0;7;0;5;7;8;9;8;9;1;1;0;1;DevOps Engineer
6;3;1;7;8;8;8;7;9;3;0;9;8;6;4;0;4;7;3;2;Game Developer
7;3;6;0;8;8;1;4;4;6;4;5;4;4;1;0;7;3;8;6;Computer and Information Research Scientist
6;6;1;3;5;8;1;6;8;7;2;3;2;0;2;5;5;5;1;0;IT Sales Professional
1;2;4;7;0;6;6;8;3;2;0;9;7;1;5;9;9;6;8;4;Machine Learning Engineer
0;9;3;5;6;7;2;9;4;0;8;8;3;3;9;4;7;0;8;3;Technical Support Engineer
8;0;9;2;3;5;7;6;6;9;2;0;0;7;8;8;6;6;3;1;Software Tester
2;0;1;2;8;7;7;8;3;7;0;7;7;2;5;8;5;8;2;8;Mobile App Developer
2;4;8;2;7;8;2;0;0;9;2;9;9;4;7;0;6;9;3;3;Embedded Systems Engineer
4;5;4;2;2;7;6;0;0;0;0;0;5;4;6;8;4;7;7;1;Quality Assurance Engineer
1;7;8;0;8;7;8;3;3;0;9;8;2;8;5;6;4;3;1;5;Cloud Architect
3;1;2;3;1;1;1;3;7;8;6;0;5;6;5;7;7;0;0;9;Research Scientist
7;1;2;4;4;3;2;6;6;9;6;1;5;5;1;3;2;5;3;3;Embedded Systems Engineer
5;6;4;3;2;7;0;1;6;4;7;3;3;2;9;3;3;6;9;4;Web Developer
4;9;3;6;5;2;3;7;3;5;8;0;8;0;6;7;6;9;6;3;Technical Writer
3;2;8;9;1;4;1;9;8;6;5;3;1;9;0;8;6;9;7;7;Computer Systems Analyst
2;8;5;4;1;5;4;5;9;3;4;9;2;8;9;1;6;5;2;4;Computer Hardware Engineer
6;0;1;3;0;9;5;0;1;3;8;8;6;3;5;3;4;2;6;6;Quality Assurance Engineer
6;4;3;8;0;2;5;3;7;6;7;3;5;3;4;7;8;3;8;4;Computer Programmer
5;2;6;1;2;9;3;8;3;1;1;4;7;0;4;4;3;4;5;6;Computer Systems Analyst
0;0;0;4;9;1;4;7;9;4;8;8;9;3;5;5;1;4;4;3;Game Developer
6;3;1;3;6;7;1;7;7;6;0;7;1;0;6;5;3;8;2;0;Database Administrator
6;2;6;2;9;8;0;4;7;6;7;6;6;3;3;8;3;6;6;2;Data Scientist
7;1;0;9;3;7;7;3;0;2;3;0;8;0;7;6;4;8;1;8;Web Developer
8;6;9;1;3;7;0;6;8;8;4;2;7;8;1;6;1;2;0;1;DevOps Engineer
3;8;3;3;5;5;2;2;8;3;2;0;7;7;5;2;5;7;8;0;Back End Developer
5;4;7;2;8;8;3;5;2;7;8;0;2;8;2;2;6;1;0;6;IT Support Specialist
2;6;8;8;2;1;2;2;8;1;1;9;2;9;1;0;4;4;5;5;IT Consultant
3;0;4;1;4;4;0;2;9;8;5;0;8;2;8;9;5;4;5;2;Data Scientist
9;1;5;6;9;8;7;2;4;3;3;9;7;0;4;8;7;4;3;2;Systems Analyst
3;4;1;1;9;2;4;4;9;1;8;8;2;4;9;6;8;6;9;9;DevOps Engineer
8;8;2;3;0;7;3;1;0;1;4;3;9;6;9;1;2;5;7;7;Quality Assurance Engineer
4;4;8;3;5;4;1;8;2;2;3;9;8;0;2;5;1;8;7;8;Quality Assurance Engineer
4;4;5;7;8;6;2;0;1;9;5;7;6;0;4;1;7;3;8;8;Blockchain Developer
1;6;5;3;6;2;7;8;4;4;8;2;2;3;9;4;7;9;1;6;Front End Developer
1;0;6;2;4;0;8;5;1;8;4;7;9;7;8;5;5;0;4;5;Software Tester
8;3;7;2;3;9;9;9;9;9;0;5;2;4;7;1;5;5;2;4;Game Developer
0;8;4;7;2;6;3;1;4;6;2;4;8;9;5;2;2;7;0;0;Web Developer
3;5;3;1;0;2;9;6;1;3;4;8;9;8;3;0;5;4;3;6;UI/UX Designer
2;8;2;8;5;8;6;8;6;1;2;9;0;9;2;0;9;5;3;2;Back End Developer
9;8;4;6;0;0;9;2;7;8;4;9;3;5;0;1;6;5;8;0;Computer Science Teacher
0;0;0;7;4;5;1;9;1;7;1;3;5;1;1;1;4;4;5;8;Computer Systems Analyst
6;0;9;7;8;5;2;2;5;5;6;5;1;4;1;5;2;7;1;8;Game Developer
9;9;9;7;0;1;6;5;0;2;9;5;6;3;6;8;5;6;7;6;Computer and Information Research Scientist
6;2;8;0;8;0;2;9;4;7;8;3;4;3;2;9;6;4;9;7;Mobile App Developer
7;3;4;3;5;1;8;3;0;6;8;1;0;0;6;2;0;9;0;8;Data Scientist
0;1;0;3;1;0;1;9;6;4;1;1;7;1;3;3;2;2;3;2;Technical Support Engineer
8;4;5;3;2;8;0;9;6;8;5;1;4;0;4;3;6;8;2;1;Back End Developer
4;7;8;0;1;2;8;7;7;6;4;7;2;2;0;4;4;6;1;5;Business Intelligence Analyst
1;1;2;7;3;4;5;2;7;3;2;3;2;4;9;5;9;2;6;5;IT Sales Professional
1;8;4;7;1;5;3;4;0;3;6;8;0;1;1;0;8;2;7;6;Embedded Systems Engineer
0;2;5;8;7;2;4;2;1;0;5;3;4;4;7;5;9;0;1;9;Software Developer
3;5;2;9;5;4;8;7;3;9;2;2;7;0;2;8;9;7;2;3;Technical Support Engineer
4;4;1;9;1;4;6;9;2;1;7;5;2;1;4;4;9;3;9;6;IT Sales Professional
1;9;5;2;7;8;1;2;8;1;9;7;5;4;9;4;7;5;9;6;Back End Developer
5;0;4;2;1;8;8;3;7;0;7;0;3;3;5;3;2;5;6;4;Web Developer
9;6;5;6;8;7;0;8;0;0;4;6;4;9;4;8;5;1;5;1;Machine Learning Engineer
3;2;5;6;2;4;4;1;1;5;6;4;1;8;9;5;0;0;6;7;Digital Marketing Specialist
9;0;1;9;0;1;0;5;7;2;8;5;9;3;9;1;3;6;2;4;Computer Systems Manager
0;8;5;9;7;6;2;6;1;9;5;6;0;2;7;9;8;1;3;3;Software Engineer
7;8;9;4;6;5;8;7;1;8;4;7;2;6;8;8;3;0;5;5;Cybersecurity Analyst
9;2;6;6;7;4;3;7;8;5;2;9;4;6;1;4;6;2;4;5;Technical Support Engineer
6;6;0;0;1;5;4;1;4;4;4;6;0;3;7;8;5;6;0;9;Computer and Information Systems Manager
7;5;2;7;8;7;5;6;8;7;3;0;8;3;6;8;9;2;2;1;Computer Programmer
3;7;7;2;6;3;0;0;4;8;2;2;5;6;6;9;3;2;4;1;IT Support Specialist
0;8;6;6;3;2;6;3;8;2;9;7;8;6;1;6;1;3;4;0;Web Developer
6;4;9;6;3;7;0;9;3;1;7;2;8;4;6;9;4;2;9;6;Software Developer
2;5;2;3;7;5;9;6;8;0;9;8;2;6;0;6;4;5;1;3;Database Administrator
6;9;1;5;6;5;9;7;8;5;2;6;8;4;7;7;5;0;3;2;Technical Support Engineer
4;1;2;9;8;2;3;5;6;2;7;2;0;4;9;2;0;0;1;9;Mobile App Developer
2;8;0;8;8;6;7;3;0;0;4;9;7;8;0;0;7;4;6;4;Full Stack Developer
4;0;3;1;5;1;9;2;3;5;2;1;5;9;9;5;7;1;2;6;Computer Systems Analyst
0;8;5;9;8;4;4;8;1;5;2;4;4;9;1;5;7;5;2;4;Systems Analyst
2;4;5;6;8;5;2;9;3;9;1;9;4;2;8;3;9;9;8;3;Computer Systems Analyst
6;8;9;5;8;1;2;8;4;7;1;2;5;9;6;6;8;7;2;0;IT Consultant
6;5;7;1;0;4;1;9;8;9;7;0;7;4;1;7;1;6;2;8;Technical Writer
8;8;3;4;9;6;0;2;5;0;7;7;4;6;1;2;0;2;8;6;Front End Developer
4;6;3;5;7;9;7;5;9;2;4;7;2;5;0;9;0;0;9;6;DevOps Engineer
8;5;1;8;9;3;3;0;1;8;8;9;6;2;3;8;7;1;7;7;Web Developer
2;8;4;7;5;2;3;4;4;7;4;3;6;4;3;2;6;4;4;6;Computer Science Teacher
4;3;8;1;8;9;0;4;5;4;8;0;2;3;0;8;8;4;7;3;Software Developer
8;1;6;0;7;0;6;6;9;7;6;7;7;6;9;8;1;1;6;1;Systems Analyst
3;9;7;4;9;6;6;3;2;0;3;8;7;0;3;0;2;3;7;7;Technical Support Engineer
9;3;0;0;9;9;3;0;3;5;7;8;1;7;3;3;9;6;2;3;Artificial Intelligence Engineer
4;1;9;3;8;9;2;2;2;3;4;0;9;3;0;3;0;8;0;2;Software Engineer
5;5;8;3;4;6;8;4;6;7;4;7;8;2;3;6;8;0;6;7;Blockchain Developer
9;5;9;4;2;6;4;7;5;0;3;1;1;0;4;9;7;1;5;7;Computer Science Teacher
8;6;6;0;7;4;3;2;3;8;1;2;4;8;6;3;2;7;1;4;Digital Marketing Specialist
4;2;0;7;0;0;2;8;7;7;5;4;6;2;0;7;4;9;7;8;Blockchain Developer
9;4;4;2;9;9;2;4;3;6;0;3;9;8;5;6;9;1;8;5;UI/UX Designer
4;8;8;8;0;2;3;0;2;1;7;0;3;8;4;6;1;0;4;4;Quality Assurance Engineer
3;3;8;5;1;3;3;2;5;4;8;8;0;0;6;2;9;7;4;7;Blockchain Developer
3;3;5;3;1;5;5;2;1;8;6;8;8;2;2;9;8;1;6;8;Technical Writer
5;5;3;7;4;6;8;5;5;5;8;1;5;3;0;0;3;6;9;1;UI/UX Designer
3;7;5;3;0;3;9;5;4;6;6;0;1;7;4;7;0;2;9;6;DevOps Engineer
2;1;0;8;2;4;8;7;2;9;0;5;8;9;1;4;5;2;2;5;Computer Hardware Engineer
4;7;6;1;5;5;0;9;1;2;8;4;9;8;6;5;5;2;4;0;Machine Learning Engineer
5;1;0;1;6;2;7;6;3;5;8;3;0;3;0;9;9;1;7;1;Database Administrator
7;6;8;6;0;9;4;2;6;4;5;8;2;7;1;4;0;3;3;8;Network Administrator
3;4;7;2;8;5;9;5;7;0;2;8;2;0;1;5;8;8;3;8;Computer Programmer
3;4;9;5;5;9;9;2;9;3;0;6;9;7;4;4;1;3;3;2;Front End Developer
5;5;6;7;7;4;3;3;7;4;3;7;8;3;4;5;9;0;5;1;Computer Programmer
8;5;4;5;6;1;0;4;0;1;5;2;1;4;3;7;4;8;5;7;Software Engineer
4;6;6;5;0;4;8;1;3;2;2;9;4;5;6;0;6;3;3;0;Web Developer
7;0;7;2;8;9;7;2;7;7;9;9;8;2;5;4;4;7;6;1;IT Consultant
4;2;0;4;7;0;4;7;7;3;1;1;1;3;0;2;6;6;9;8;Data Scientist
2;2;3;8;1;7;2;3;2;1;7;5;2;1;2;6;0;7;4;3;Technical Support Engineer
3;1;0;1;6;0;6;2;1;3;9;4;7;2;8;8;1;9;7;0;Software Engineer
2;4;5;4;9;5;4;2;7;4;2;1;1;9;6;8;5;8;7;0;Computer and Information Systems Manager
1;7;8;9;1;4;7;7;9;2;0;4;3;2;6;9;5;2;4;6;Cloud Architect
9;9;7;6;4;2;7;8;5;3;4;5;0;8;9;6;2;2;3;3;Research Scientist
6;6;5;6;8;3;1;3;4;4;2;4;2;4;5;5;3;9;2;2;Software Tester
0;9;1;5;2;5;0;1;6;4;3;6;5;6;6;3;2;3;8;8;Computer Network Architect
1;5;4;1;3;9;9;0;6;1;1;0;0;5;8;0;8;9;7;0;IT Consultant
3;4;2;4;5;5;7;4;8;5;9;5;8;4;1;9;7;5;4;6;Mobile App Developer
9;9;2;3;9;1;8;6;2;8;7;9;6;4;7;9;8;8;6;2;Computer Hardware Engineer
4;4;6;2;4;5;2;3;8;7;8;2;3;1;7;0;7;4;1;5;Data Scientist
6;5;8;1;7;3;7;5;1;5;2;5;6;3;9;4;3;6;6;5;Network Administrator
2;4;8;0;2;8;8;4;4;2;1;1;1;9;0;0;1;0;3;6;Computer Network Architect
1;5;9;0;8;7;1;8;3;2;9;7;7;1;7;5;7;6;3;1;Front End Developer
3;8;8;1;0;5;7;2;8;9;6;3;5;4;0;8;9;0;3;8;Database Administrator
7;7;9;6;8;2;4;1;9;8;6;7;7;3;2;8;3;7;4;8;DevOps Engineer
4;5;2;3;7;5;1;1;1;0;6;0;4;2;5;9;1;0;4;2;Artificial Intelligence Engineer
2;8;4;2;5;0;9;5;1;0;4;9;1;1;8;9;5;5;7;4;Technical Support Engineer
2;2;2;5;9;4;7;8;5;5;5;7;8;8;4;1;8;0;4;5;Embedded Systems Engineer
4;8;1;2;4;5;8;6;3;3;4;6;7;8;1;1;6;7;3;2;Technical Support Engineer
2;0;6;1;1;6;3;6;2;7;2;1;8;0;6;5;4;2;1;3;Technical Writer
7;9;0;1;3;0;6;9;6;0;5;2;5;6;1;5;5;1;2;5;Data Scientist
2;9;1;9;6;9;7;8;7;5;8;0;6;3;9;5;1;3;2;0;IT Sales Professional
8;2;2;9;2;5;5;5;0;7;3;1;7;2;7;3;3;1;9;9;Machine Learning Engineer
9;0;7;9;5;1;4;4;6;4;7;6;9;5;5;5;0;7;8;6;IT Sales Professional
2;8;0;8;0;5;1;8;6;2;4;1;5;8;9;4;6;1;2;9;Computer Systems Analyst
4;8;2;6;5;5;6;1;7;0;9;4;1;4;0;6;5;6;7;0;Computer Programmer
6;3;3;1;0;5;0;0;6;8;4;9;1;3;6;7;3;8;3;8;Digital Marketing Specialist
4;4;9;4;9;7;8;8;9;3;9;5;4;8;0;5;2;5;5;8;Cybersecurity Analyst
7;0;8;3;2;9;5;4;7;6;9;2;6;8;8;2;7;5;7;8;Machine Learning Engineer
3;8;4;9;6;2;3;6;0;9;6;0;1;7;5;9;9;7;5;7;UI/UX Designer
9;1;6;7;8;8;2;2;7;4;1;9;0;5;3;3;1;1;0;3;Artificial Intelligence Engineer
8;6;4;5;7;2;0;8;1;2;2;4;2;5;6;9;6;2;8;5;Computer Science Teacher
2;9;4;5;1;4;8;3;1;6;0;6;6;6;6;1;4;6;3;7;Game Developer
2;6;9;1;3;1;9;0;1;4;0;0;9;4;1;4;2;3;6;9;Business Intelligence Analyst
3;5;5;1;5;5;5;7;3;9;4;2;7;9;8;9;7;4;1;0;Research Scientist
6;9;9;0;1;2;4;0;4;6;1;4;5;2;2;6;1;4;2;7;Software Engineer
4;8;8;4;9;6;6;3;2;4;4;3;5;3;4;7;3;0;3;4;Computer Programmer
7;6;7;4;5;0;9;0;2;9;5;0;6;2;1;6;3;8;1;6;Research Scientist
5;6;3;4;9;6;4;8;7;8;8;4;6;1;1;5;4;1;6;4;Data Scientist
1;0;2;8;5;1;5;8;3;7;6;3;7;0;1;5;4;2;5;3;Software Engineer
2;2;7;1;4;5;5;4;9;9;2;5;1;9;9;1;8;8;7;8;Cloud Architect
6;9;7;6;3;8;6;6;7;9;7;4;7;9;8;2;5;1;4;0;Front End Developer
7;1;5;6;3;8;7;9;6;0;1;4;2;9;6;1;0;5;1;6;Blockchain Developer
6;7;0;9;5;1;4;1;7;5;6;4;0;8;4;4;8;8;2;0;Data Scientist
5;4;0;0;5;1;9;2;8;9;5;4;7;1;1;0;5;3;5;4;UI/UX Designer
1;4;8;2;7;3;1;4;3;8;4;9;7;5;3;7;6;0;8;8;Embedded Systems Engineer
2;5;6;9;8;6;1;7;7;1;3;1;1;3;0;6;7;1;9;4;Cloud Architect
3;1;6;0;1;3;5;5;9;3;1;3;7;9;8;1;5;9;5;7;Artificial Intelligence Engineer
4;7;0;9;3;2;4;8;6;8;3;5;5;3;2;2;7;6;3;1;Artificial Intelligence Engineer
4;9;6;9;9;1;8;6;8;7;3;9;5;7;7;9;9;0;2;9;Software Tester
0;1;2;4;9;8;8;7;3;2;0;5;4;7;5;3;0;5;7;3;Database Administrator
9;5;5;8;0;2;1;7;4;3;8;3;8;4;2;4;5;1;9;4;Data Scientist
9;4;8;8;4;2;6;2;9;3;8;2;3;3;0;4;3;2;8;5;IT Project Manager
9;7;3;3;9;4;0;3;7;0;0;4;1;3;1;5;6;7;1;4;Database Administrator
0;9;5;2;9;2;5;2;1;0;9;1;3;4;5;0;0;3;3;7;Database Administrator
2;8;9;9;0;5;0;1;8;9;1;5;8;2;4;0;9;2;4;6;Network Administrator
5;3;4;5;2;4;1;4;7;2;8;0;2;3;0;3;1;1;4;6;Computer Systems Manager
4;5;5;0;4;1;4;5;2;2;6;7;7;5;1;3;3;7;7;8;Software Engineer
5;5;5;3;4;7;9;9;7;4;7;2;8;4;8;9;6;3;2;3;Game Developer
5;2;6;6;6;9;2;2;0;1;7;8;0;3;2;5;5;4;2;7;DevOps Engineer
4;6;9;4;0;8;5;2;7;8;5;4;0;3;3;0;6;5;8;7;Game Developer
0;9;4;5;9;6;6;7;1;9;5;4;6;9;1;3;7;0;5;6;Software Engineer
7;2;1;2;7;7;9;4;0;8;2;7;8;9;0;5;8;5;2;7;Computer Hardware Engineer
6;7;6;5;9;2;8;5;7;6;5;8;4;0;8;5;9;5;3;5;Computer Network Architect
6;1;9;1;5;8;1;2;0;4;4;6;2;7;8;5;1;3;1;4;Database Administrator
9;4;5;3;7;2;6;0;5;9;0;3;7;0;2;1;5;0;2;5;Computer Science Teacher
5;3;1;6;9;0;4;4;9;9;0;1;2;5;1;0;2;9;1;8;Cybersecurity Analyst
7;0;2;4;9;0;5;2;9;6;7;6;9;7;5;8;1;8;9;5;Machine Learning Engineer
7;6;4;0;0;0;9;8;1;8;3;4;5;5;6;8;8;1;4;5;Network Administrator
3;1;5;8;2;8;6;6;4;5;0;3;6;7;0;6;5;7;3;3;Computer and Information Research Scientist
6;1;3;6;2;9;3;6;2;9;1;7;6;3;7;7;4;0;0;7;Full Stack Developer
0;7;7;3;7;7;8;4;2;2;6;4;5;3;5;5;5;1;0;5;Computer and Information Research Scientist
0;7;6;9;7;5;0;5;7;1;0;1;7;7;9;3;4;1;2;8;Game Developer
8;0;1;3;1;6;2;3;6;3;3;6;1;4;3;3;9;0;9;1;Game Developer
1;4;1;9;5;3;2;1;7;0;0;7;5;0;5;4;6;7;9;5;Full Stack Developer
7;6;4;6;4;2;3;0;7;8;6;3;1;3;8;7;5;3;9;8;Network Engineer
4;5;3;3;4;6;0;1;9;4;1;7;8;8;9;3;5;2;9;9;Technical Support Engineer
0;9;7;2;2;2;4;8;0;9;6;9;4;1;3;3;8;2;2;2;Computer Network Architect
9;7;9;1;3;5;1;8;6;2;2;6;0;5;5;6;7;8;9;2;Computer Science Teacher
0;3;5;4;0;7;0;3;6;6;6;2;4;4;3;6;0;9;4;5;Business Intelligence Analyst
9;1;4;7;4;4;5;1;0;9;0;9;3;5;8;9;5;8;5;1;IT Sales Professional
5;1;1;0;0;8;9;9;8;7;8;1;0;7;0;7;4;9;4;2;Quality Assurance Engineer
2;9;7;0;9;5;5;1;8;2;4;9;1;9;9;1;2;6;5;5;Back End Developer
6;3;5;1;2;2;0;4;5;4;4;9;3;6;1;0;5;3;0;1;Quality Assurance Engineer
5;2;5;8;5;2;7;8;6;6;6;1;4;0;1;1;7;6;7;0;IT Sales Professional
8;9;1;7;4;4;1;1;3;6;2;7;7;7;0;5;1;2;9;3;Front End Developer
9;4;6;4;2;5;2;5;0;3;9;2;1;2;4;2;8;9;6;9;IT Support Specialist
0;3;5;0;5;8;5;9;8;2;7;6;9;6;1;2;9;1;2;9;Technical Support Engineer
7;1;3;3;7;4;3;8;0;7;3;2;2;6;4;9;9;0;3;1;Software Developer
8;1;5;2;0;0;0;0;8;5;1;3;3;2;2;1;2;8;2;8;Software Tester
1;8;7;1;5;4;7;5;1;2;9;4;5;7;7;7;9;7;8;9;Cybersecurity Analyst
4;8;8;2;4;1;9;2;3;5;1;7;7;9;5;3;8;6;9;5;Front End Developer
4;3;8;1;0;8;2;8;2;0;6;5;0;5;4;1;3;6;3;7;Embedded Systems Engineer
5;1;9;0;0;9;5;8;7;6;8;7;8;7;0;2;2;4;2;9;Embedded Systems Engineer
9;5;9;6;1;9;9;4;2;0;2;7;5;6;1;7;7;7;0;3;Network Engineer
9;5;4;0;0;4;8;2;7;8;9;3;1;6;3;5;2;9;3;1;IT Support Specialist
7;5;4;5;2;9;2;2;2;4;7;1;3;9;8;2;9;6;2;8;Machine Learning Engineer
0;0;5;7;5;2;5;3;1;1;6;5;7;3;9;1;8;5;8;9;Technical Support Engineer
4;5;9;9;3;6;4;3;5;6;6;9;0;4;9;2;6;5;1;3;Front End Developer
8;9;8;9;2;6;5;6;2;3;3;0;1;4;6;4;2;7;9;7;IT Sales Professional
0;0;0;4;0;4;6;4;0;2;6;8;4;3;6;7;1;4;2;4;Cybersecurity Analyst
3;2;5;4;0;3;2;5;5;5;9;8;7;5;8;4;7;0;8;6;IT Sales Professional
7;8;4;6;8;4;2;9;7;0;7;9;5;4;7;6;1;5;8;0;Computer Systems Analyst
2;0;4;7;1;9;7;8;5;8;3;2;5;6;3;7;2;9;1;1;Blockchain Developer
2;2;0;4;0;0;8;0;2;0;3;5;0;4;8;5;0;2;6;6;Back End Developer
7;5;8;1;9;5;4;5;9;8;7;2;7;3;9;1;8;9;1;9;Cybersecurity Analyst
2;9;6;2;3;9;2;3;9;0;2;5;8;7;8;1;4;4;6;4;IT Support Specialist
1;3;8;6;8;1;2;9;1;7;9;5;1;4;0;6;3;4;8;9;IT Sales Professional
7;2;1;1;3;4;0;1;8;2;0;0;7;1;8;4;4;8;4;1;Network Engineer
0;2;3;1;7;5;9;2;5;9;9;8;4;0;9;6;2;1;2;0;Computer Science Teacher
9;5;8;9;8;4;0;1;8;3;7;1;9;9;1;3;4;1;1;1;Digital Marketing Specialist
3;7;4;5;2;5;2;4;0;6;6;3;8;9;4;9;2;0;2;5;Cloud Architect
4;9;9;3;5;7;4;5;0;1;9;2;2;7;7;6;9;6;3;4;Web Developer
9;9;6;2;9;6;1;7;4;1;2;1;1;3;4;1;5;8;0;2;Research Scientist
0;5;6;4;4;2;0;3;4;3;7;0;3;1;7;8;3;4;0;8;Full Stack Developer
0;6;4;6;1;2;4;6;0;3;5;4;1;4;8;8;4;6;2;2;Technical Writer
8;2;9;6;1;6;6;9;8;5;2;9;8;3;3;8;7;1;0;0;Business Intelligence Analyst
8;3;8;6;2;7;0;1;8;2;8;7;5;7;1;2;3;1;5;2;Mobile App Developer
7;7;8;5;1;8;7;5;7;7;0;1;7;0;9;4;3;3;7;2;Game Developer
7;5;1;4;8;9;2;2;7;1;2;6;3;5;2;1;2;8;0;5;Business Intelligence Analyst
1;7;6;2;4;0;0;4;0;0;6;7;1;5;5;0;7;8;3;2;Computer and Information Systems Manager
7;1;3;2;1;3;8;3;4;6;2;8;8;4;7;3;1;1;0;5;Artificial Intelligence Engineer
4;9;9;4;1;3;9;8;4;1;9;9;8;8;9;9;0;5;1;4;Computer Programmer
7;6;2;7;8;6;4;9;9;7;3;2;1;3;2;0;8;8;8;8;Computer Programmer
4;9;1;1;8;8;8;2;7;1;9;4;2;8;9;8;2;7;7;9;UI/UX Designer
5;5;5;3;1;0;2;6;3;7;6;2;9;1;2;3;1;9;7;8;Computer and Information Systems Manager
5;9;8;6;5;7;4;0;2;3;7;5;2;7;5;6;2;1;3;1;Computer Science Teacher
4;8;2;2;0;4;3;0;1;8;4;2;5;2;5;0;4;6;2;8;Research Scientist
8;4;5;2;1;3;4;6;1;6;5;5;8;6;2;1;0;0;9;9;Software Tester
2;2;5;8;7;7;7;4;6;8;1;4;1;6;9;8;5;7;0;2;Web Developer
7;6;5;1;2;6;1;4;9;6;5;5;5;7;1;9;0;3;0;6;Computer Science Teacher
0;2;0;3;9;5;1;2;2;0;5;1;6;7;6;5;2;7;1;9;Computer Network Architect
8;7;0;1;7;1;1;0;4;6;4;4;4;0;4;4;3;5;2;5;IT Project Manager
9;2;8;9;9;7;9;2;5;5;4;4;0;2;6;9;7;9;4;7;Machine Learning Engineer
3;5;0;6;3;0;4;7;2;5;0;3;8;4;3;5;4;9;5;8;Computer and Information Systems Manager
3;5;6;4;8;4;8;3;8;7;8;7;3;4;1;2;5;7;4;2;Quality Assurance Engineer
2;6;4;4;8;9;5;1;0;1;8;7;0;5;9;4;4;3;9;8;IT Support Specialist
9;3;3;6;6;7;6;7;3;6;7;9;0;7;7;9;9;9;8;6;Computer Systems Manager
1;0;9;2;5;8;6;4;1;9;6;0;0;8;5;0;6;2;7;3;Quality Assurance Engineer
5;9;7;9;6;4;5;1;0;5;2;4;9;6;1;8;4;3;5;5;Artificial Intelligence Engineer
9;4;6;1;8;0;7;5;1;4;1;1;6;2;8;6;2;9;4;5;Game Developer
5;1;0;7;4;3;8;1;4;7;5;5;3;6;2;4;8;1;5;8;Computer and Information Research Scientist
5;6;8;0;7;9;4;1;0;1;8;8;3;0;4;2;9;2;1;3;Software Tester
2;7;3;9;1;3;9;2;8;9;3;2;9;5;5;3;8;1;2;4;Network Engineer
9;1;7;2;4;4;1;2;1;2;4;2;3;3;5;9;4;3;3;3;Computer Hardware Engineer
5;4;2;1;2;2;6;9;7;3;0;1;9;2;8;3;5;0;2;5;Technical Writer
3;9;7;4;4;4;9;9;7;1;4;0;6;9;0;3;9;8;4;2;Database Administrator
7;4;0;5;9;4;8;9;5;2;6;0;4;8;5;0;4;3;9;9;Computer and Information Systems Manager
4;5;6;7;3;9;6;8;9;1;3;3;6;3;7;4;3;3;9;4;Computer and Information Systems Manager
2;1;8;0;4;8;1;2;3;3;4;9;4;9;2;3;5;5;4;8;Computer Hardware Engineer
6;9;0;3;9;1;0;8;7;1;2;6;7;7;9;5;4;8;0;5;IT Consultant
5;7;7;3;1;8;6;4;1;6;9;4;4;4;1;6;6;9;1;1;Cybersecurity Analyst
1;8;7;6;4;6;3;9;4;0;6;8;1;7;7;6;9;2;1;7;Computer and Information Systems Manager
9;1;2;3;8;8;9;6;8;9;0;2;8;2;9;5;2;8;9;8;Computer Programmer
6;3;8;6;2;8;4;8;3;2;9;3;8;2;3;7;5;3;3;1;Embedded Systems Engineer
7;3;5;5;6;6;2;3;1;9;7;4;7;5;1;1;4;3;0;4;Network Administrator
5;3;6;7;9;0;7;9;0;9;7;7;3;6;8;5;2;7;9;9;Game Developer
9;2;5;8;5;1;6;1;2;4;2;8;5;0;4;8;9;2;0;7;Computer Programmer
3;3;6;3;5;3;2;1;3;7;4;2;7;0;9;0;8;0;0;1;Digital Marketing Specialist
4;0;2;5;3;5;0;8;2;8;6;1;0;0;4;7;6;5;2;4;Business Intelligence Analyst
4;5;0;7;2;8;8;9;1;9;2;1;2;6;4;7;5;5;0;6;Technical Writer
4;4;6;8;8;8;2;8;5;3;7;3;8;4;9;7;1;3;7;2;Computer Systems Manager
1;6;2;2;2;5;0;0;1;0;6;4;1;9;2;1;8;3;7;7;Computer Science Teacher
7;9;7;3;9;3;1;3;7;6;2;2;9;6;9;0;8;9;7;5;Mobile App Developer
8;7;3;3;8;5;8;7;3;3;3;1;4;4;5;1;6;2;0;7;Digital Marketing Specialist
2;2;2;0;5;5;0;6;4;1;4;0;8;8;2;2;1;1;4;6;Software Developer
1;3;5;6;1;8;4;0;4;6;0;6;8;4;0;0;1;5;8;2;Network Engineer
5;4;4;5;9;1;7;7;6;4;5;0;3;4;6;7;5;1;4;5;Quality Assurance Engineer
7;8;2;5;1;4;3;0;6;3;9;3;5;6;3;6;4;2;6;0;Computer Systems Analyst
2;6;7;7;5;7;4;9;0;8;2;1;3;5;1;3;3;9;4;2;Machine Learning Engineer
2;1;7;2;7;3;6;6;0;7;5;3;7;5;3;2;3;3;9;0;Network Administrator
9;1;9;8;6;2;8;5;1;5;0;2;1;2;9;4;2;0;7;6;Software Tester
4;4;3;2;3;1;1;6;1;3;9;9;2;5;4;6;5;6;9;6;Network Engineer
4;2;7;5;6;1;9;0;3;1;7;3;6;7;7;4;4;3;8;1;IT Support Specialist
4;3;8;5;1;0;0;4;9;7;8;8;9;1;2;6;5;0;0;6;Data Scientist
1;3;7;4;1;6;7;5;5;7;2;7;5;3;3;5;8;9;8;2;Computer Programmer
7;7;5;7;5;2;6;1;6;3;1;5;9;8;4;4;0;5;8;3;Research Scientist
3;3;0;6;1;7;0;0;8;6;8;4;6;7;2;7;4;7;1;8;Blockchain Developer
3;7;1;9;9;1;0;4;7;3;3;7;7;0;3;7;8;2;8;3;Systems Analyst
4;6;2;9;9;9;1;9;7;9;9;7;8;7;0;1;9;2;9;4;Software Tester
8;2;1;4;9;8;0;5;3;2;2;7;0;1;4;7;6;1;3;6;Back End Developer
9;4;9;9;0;2;1;9;7;9;9;6;1;5;5;8;6;8;5;0;Database Administrator
2;6;8;0;9;1;7;7;3;5;1;0;0;1;4;7;0;5;2;3;Systems Analyst
9;1;0;4;9;4;9;3;2;9;0;8;7;8;7;2;8;0;4;3;Computer Systems Manager
5;7;0;3;8;6;3;4;1;3;1;7;1;6;7;1;1;9;4;7;Machine Learning Engineer
6;5;2;2;7;1;0;8;8;6;1;0;6;2;1;6;7;1;5;8;Front End Developer
1;4;6;2;0;4;9;4;0;2;4;7;4;0;9;8;3;5;3;8;Computer Network Architect
0;6;7;3;8;1;8;7;4;5;4;9;3;3;6;9;1;4;7;5;Artificial Intelligence Engineer
5;1;0;2;2;1;8;2;0;5;6;8;1;5;2;5;7;6;0;2;Software Tester
1;0;0;2;1;7;9;8;8;4;2;0;4;0;5;2;8;2;2;5;Computer Network Architect
4;7;5;7;9;3;7;7;0;2;7;4;4;9;4;2;8;6;2;0;Computer Science Teacher
9;4;7;1;7;2;8;9;6;5;0;4;0;7;5;6;5;5;7;7;Web Developer
8;5;3;9;3;5;1;2;8;0;6;4;0;8;4;2;8;2;3;8;Network Engineer
5;7;2;4;7;0;4;5;8;9;0;1;2;6;2;9;0;8;1;6;Machine Learning Engineer
9;6;4;3;6;0;1;8;7;5;4;0;1;6;4;6;3;9;3;9;Machine Learning Engineer
9;0;2;1;1;2;5;1;4;3;7;1;0;3;0;4;5;0;7;8;Artificial Intelligence Engineer
8;6;3;9;7;6;5;4;6;5;9;9;3;2;9;3;5;2;7;2;Machine Learning Engineer
3;7;2;4;4;9;6;9;2;2;7;7;8;4;1;8;2;1;0;1;Machine Learning Engineer
6;2;2;9;1;3;3;1;0;5;3;6;3;0;6;7;3;8;6;6;Research Scientist
6;4;2;8;9;7;7;5;5;5;8;0;8;2;6;3;4;9;4;7;Computer and Information Research Scientist
6;0;3;4;8;4;7;8;4;1;2;3;0;2;2;2;5;1;7;6;IT Support Specialist
7;6;5;0;8;7;7;7;7;4;3;4;1;2;8;4;9;5;7;8;IT Project Manager
7;9;7;0;2;6;0;0;1;1;9;9;4;2;8;0;8;9;1;3;Web Developer
9;2;7;8;6;2;9;5;2;7;3;6;4;6;7;2;0;6;7;6;Network Engineer
5;7;4;4;4;5;2;7;6;3;1;3;1;1;5;6;7;8;4;8;Business Intelligence Analyst
2;8;4;5;1;7;8;0;2;4;7;6;9;0;2;4;7;5;0;6;Mobile App Developer
0;1;3;2;1;6;8;2;2;6;2;4;0;3;6;1;9;6;8;5;Machine Learning Engineer
1;8;9;1;2;9;7;0;9;6;8;6;1;1;2;5;6;5;4;2;Computer Programmer
8;9;1;2;9;4;3;2;8;5;7;0;8;7;9;2;1;5;8;1;Cloud Architect
7;3;8;7;2;9;2;4;0;0;3;1;0;0;8;2;8;0;9;2;Business Intelligence Analyst
1;0;0;5;4;9;3;8;2;7;1;9;6;7;1;0;3;1;2;0;Web Developer
5;8;0;7;3;7;2;3;0;3;6;2;2;5;7;4;0;6;6;7;Cloud Architect
2;1;7;9;4;1;4;4;2;0;1;6;4;2;3;5;6;9;3;6;Machine Learning Engineer
6;7;5;9;1;4;8;4;0;2;6;3;3;7;0;2;1;5;8;3;Game Developer
6;6;2;7;2;1;7;3;9;5;8;5;5;3;6;5;7;9;7;9;Digital Marketing Specialist
8;9;1;3;3;4;3;7;5;5;3;9;2;5;8;6;4;4;7;1;IT Consultant
3;3;6;5;2;9;5;6;5;0;2;6;9;7;7;5;0;2;6;2;Computer Systems Analyst
7;2;9;4;0;3;0;8;2;8;6;7;3;6;4;5;1;4;4;6;Business Intelligence Analyst
5;3;8;1;3;6;3;5;1;5;5;7;3;8;1;9;1;2;6;3;Computer Network Architect
6;4;9;6;5;2;6;3;9;2;6;2;2;8;1;7;1;2;2;6;Software Engineer
5;0;4;5;8;5;5;0;2;2;4;4;1;1;8;4;3;0;2;3;Network Engineer
4;5;5;4;9;6;9;2;8;4;7;3;9;4;9;1;4;5;4;6;IT Support Specialist
7;4;6;4;2;1;4;6;4;9;9;1;0;2;4;6;6;1;2;5;Cybersecurity Analyst
1;1;6;0;8;1;0;1;0;9;0;8;7;0;4;0;6;2;8;2;Computer and Information Research Scientist
9;1;3;4;2;1;4;6;8;2;2;8;5;7;9;4;9;0;2;9;Systems Analyst
7;3;0;7;3;0;7;9;6;3;6;7;4;0;2;8;7;8;6;1;UI/UX Designer
6;6;2;1;6;3;2;5;1;2;0;9;2;7;4;8;4;3;0;0;IT Sales Professional
1;5;1;1;8;5;6;7;4;2;5;4;2;9;3;1;4;8;3;1;Computer and Information Research Scientist
3;9;4;4;3;8;0;6;7;9;6;3;9;4;4;5;5;9;2;8;IT Support Specialist
3;9;4;9;2;1;7;4;6;7;2;5;4;3;0;0;8;0;2;8;Computer Programmer
2;0;9;1;3;5;0;7;5;3;3;7;9;3;9;2;7;9;9;9;IT Support Specialist
3;0;5;2;7;1;5;7;0;4;5;2;5;3;8;2;0;5;8;3;Computer and Information Research Scientist
0;1;7;5;9;0;6;9;5;6;3;5;7;3;5;8;5;6;6;7;Business Intelligence Analyst
6;5;9;9;1;4;2;1;6;4;1;1;4;1;9;6;8;6;9;9;Digital Marketing Specialist
1;0;8;9;3;0;7;7;6;2;1;7;2;0;4;2;4;0;6;3;Technical Writer
3;5;6;5;0;3;0;2;0;2;9;5;8;2;3;3;1;2;7;8;Software Developer
5;8;7;1;0;8;1;5;4;8;0;2;2;9;6;0;9;4;8;2;Computer Systems Manager
2;2;9;1;1;7;7;0;7;7;8;3;2;9;8;6;1;5;7;8;Mobile App Developer
4;8;4;2;1;6;9;9;0;1;0;6;2;1;2;4;9;7;0;8;Blockchain Developer
2;0;6;3;7;0;1;1;7;9;8;9;3;8;5;5;3;3;1;2;Computer Science Teacher
9;8;3;4;1;7;2;3;2;2;2;8;2;6;4;2;6;0;1;3;Data Scientist
7;6;8;2;7;8;0;3;7;5;7;9;9;2;4;1;1;6;3;7;Digital Marketing Specialist
4;5;2;5;2;0;4;9;6;2;1;1;5;0;2;7;4;1;0;3;Digital Marketing Specialist
1;6;8;9;7;6;9;3;2;7;4;2;5;6;2;6;9;8;5;0;Cloud Architect
3;0;8;5;5;5;2;3;9;9;8;9;8;8;2;2;1;5;3;5;Full Stack Developer
0;3;8;4;0;6;6;3;3;1;4;5;2;3;3;5;2;1;7;0;UI/UX Designer
7;4;7;2;8;9;7;9;8;4;8;8;6;3;1;4;0;5;2;7;Network Engineer
0;5;3;6;7;4;7;3;7;7;3;8;8;1;6;2;3;7;1;6;Business Intelligence Analyst
6;1;2;9;2;8;9;4;6;2;4;4;2;9;0;5;1;4;1;2;Research Scientist
0;0;4;8;0;9;3;9;4;1;0;2;6;3;4;1;5;1;6;6;Mobile App Developer
8;0;4;3;1;2;4;2;0;5;9;0;6;2;6;6;7;2;7;1;Technical Writer
6;0;9;4;2;2;0;1;3;5;7;2;9;4;1;7;9;5;8;3;Back End Developer
6;8;2;9;3;4;1;6;2;1;4;5;4;6;6;7;8;1;9;7;Technical Writer
5;4;1;4;2;1;8;7;5;2;1;8;2;5;6;0;5;1;8;1;Software Developer
2;4;5;0;0;7;1;8;0;8;9;8;8;9;9;9;7;1;5;8;Systems Analyst
7;4;7;2;9;1;9;5;9;1;3;8;7;4;2;0;3;8;1;4;Mobile App Developer
1;3;9;4;1;3;5;4;9;3;3;6;5;0;4;1;0;8;4;5;Computer and Information Research Scientist
8;0;6;4;0;3;3;4;1;2;4;3;5;4;4;6;4;3;0;7;Technical Support Engineer
0;4;8;9;2;7;6;5;2;9;5;4;3;3;3;7;1;6;4;3;Software Engineer
0;6;4;7;5;3;4;7;5;1;3;2;9;9;9;5;8;3;3;8;Artificial Intelligence Engineer
7;3;2;4;0;6;1;5;5;0;8;5;4;9;2;3;7;1;4;8;Digital Marketing Specialist
9;4;8;4;9;5;7;2;1;5;8;5;7;6;3;1;0;3;6;2;Research Scientist
5;3;3;5;1;2;5;8;3;3;0;3;2;6;5;9;6;8;1;8;Software Developer
5;1;3;8;7;2;7;4;0;6;8;9;7;4;6;9;3;4;6;6;Digital Marketing Specialist
7;7;3;3;4;0;3;1;1;6;8;0;2;2;6;5;1;0;6;0;Database Administrator
8;7;4;2;4;2;2;3;5;8;8;7;0;6;7;0;3;6;9;0;Computer Programmer
4;5;8;1;8;2;4;2;6;8;9;1;0;6;4;5;0;8;9;2;IT Support Specialist
7;8;2;3;3;7;0;9;0;5;6;8;1;1;5;1;1;9;3;9;Full Stack Developer
9;4;8;2;4;8;3;1;0;9;3;1;6;9;9;7;1;7;2;6;Computer Programmer
9;7;6;5;0;3;4;6;5;1;6;3;6;4;2;1;7;8;4;4;Network Administrator
5;8;5;7;5;2;4;0;9;3;2;8;4;5;0;9;6;6;4;5;Business Intelligence Analyst
7;9;1;0;6;2;7;3;4;5;8;6;9;7;6;2;2;4;4;7;Computer Systems Manager
0;0;8;1;3;7;7;4;8;0;7;3;5;8;4;4;3;7;4;7;UI/UX Designer
9;0;0;9;3;8;7;9;1;0;3;2;1;4;4;7;9;4;3;0;Computer Programmer
4;7;6;7;6;0;4;2;4;2;1;2;0;5;1;8;4;4;6;2;IT Consultant
6;6;8;4;3;3;8;5;5;4;1;5;7;4;0;0;5;1;2;5;Business Intelligence Analyst
0;7;7;8;4;2;1;9;8;5;9;3;3;4;0;1;2;5;9;7;Systems Analyst
5;7;7;0;1;2;5;5;1;4;8;1;5;6;5;7;2;9;4;0;Back End Developer
3;6;5;6;0;0;6;1;9;3;9;5;1;3;7;7;2;3;9;3;UI/UX Designer
2;2;9;8;2;3;4;1;3;0;1;2;7;8;8;8;7;2;5;0;Computer and Information Systems Manager
9;0;3;5;0;7;1;0;9;2;1;7;0;7;0;2;8;8;2;1;Cloud Architect
1;2;5;5;3;8;0;3;9;8;7;3;3;1;9;8;1;3;0;7;Machine Learning Engineer
8;1;5;5;7;7;6;2;1;7;4;0;6;8;8;6;0;1;2;2;IT Support Specialist
7;2;6;2;1;2;5;9;8;4;5;0;7;5;6;2;4;9;0;9;Computer and Information Systems Manager
1;8;4;5;6;6;6;5;4;2;7;2;5;6;5;7;0;2;7;8;Computer Programmer
2;9;6;7;7;3;0;9;7;8;1;6;8;0;0;4;9;0;3;1;Artificial Intelligence Engineer
7;4;4;8;0;3;8;0;3;9;9;1;4;6;3;8;2;2;4;5;Software Tester
2;9;6;1;7;8;6;1;3;3;2;7;9;3;8;0;8;1;9;8;Web Developer
0;3;6;7;7;1;7;0;9;1;7;0;5;3;3;3;1;6;0;5;Computer Programmer
7;4;5;0;0;8;9;6;8;1;0;6;7;1;6;0;0;6;4;5;Computer Systems Analyst
4;5;8;1;7;2;1;2;0;7;3;7;7;3;4;0;4;0;3;0;Artificial Intelligence Engineer
3;2;7;4;1;1;1;9;0;2;3;6;1;1;0;2;3;4;3;6;Full Stack Developer
5;8;7;6;8;5;1;5;7;8;9;2;9;8;3;2;2;6;4;4;Artificial Intelligence Engineer
7;4;6;8;4;6;0;8;5;2;6;3;5;4;2;2;3;1;4;9;Game Developer
8;3;3;7;6;2;9;5;1;6;7;5;6;9;2;0;6;6;7;5;DevOps Engineer
8;2;6;6;8;4;1;4;5;7;9;5;6;6;2;8;0;3;9;6;Research Scientist
5;6;0;2;8;9;9;7;5;9;6;6;9;8;2;2;6;6;6;5;Computer Programmer
9;9;4;0;5;4;6;9;5;8;5;9;8;1;9;8;1;3;8;5;Software Tester
0;1;5;5;6;5;8;3;7;2;5;2;1;6;9;2;3;0;8;4;Digital Marketing Specialist
0;2;0;7;9;0;7;2;7;2;0;6;7;2;2;7;7;7;4;2;Web Developer
3;4;8;3;3;6;0;5;8;8;4;1;5;0;2;5;5;2;5;6;Computer and Information Systems Manager
2;0;1;2;6;8;3;4;5;7;2;5;3;7;1;9;7;2;1;4;Cloud Architect
5;3;2;1;4;9;0;3;3;2;6;4;5;3;4;3;0;5;9;5;Computer Systems Analyst
3;2;5;8;1;1;6;4;5;1;5;5;7;1;7;3;8;7;0;5;Technical Support Engineer
6;5;6;2;8;0;5;0;9;8;3;6;4;3;2;5;7;2;5;1;Data Scientist
1;8;6;7;2;3;8;6;0;8;1;6;5;4;9;0;9;5;2;6;Computer Network Architect
2;6;9;4;2;2;5;6;3;2;5;2;3;9;5;2;0;8;7;3;IT Sales Professional
9;8;7;2;4;7;8;8;0;3;4;6;4;9;3;2;8;4;2;5;Cloud Architect
3;7;0;9;0;5;0;7;9;1;3;0;2;0;6;8;1;6;0;2;Software Tester
8;9;4;4;7;2;2;2;8;0;6;2;9;6;1;5;8;7;8;0;Computer Systems Analyst
1;1;2;6;3;4;4;9;3;0;3;4;2;3;6;0;6;7;1;1;Computer Systems Analyst
0;4;0;9;1;7;4;7;1;1;5;2;7;3;7;9;8;6;6;5;Cloud Architect
7;7;0;9;0;6;8;4;2;3;1;1;4;5;8;8;5;6;3;5;IT Project Manager
8;1;0;8;3;8;7;6;7;9;6;3;8;2;0;3;5;1;9;3;IT Support Specialist
4;2;3;3;5;8;1;4;9;1;3;1;5;7;5;8;7;3;9;5;Computer Systems Analyst
1;0;3;8;0;0;1;8;0;2;5;8;6;9;3;4;7;2;5;2;Computer Systems Analyst
2;3;7;5;7;5;7;0;5;7;9;3;5;4;1;8;2;6;0;2;Computer and Information Research Scientist
6;1;8;7;8;0;4;3;8;9;3;2;3;8;5;9;7;3;3;3;Technical Writer
1;6;3;6;0;0;1;2;0;2;0;9;9;2;5;4;9;0;6;2;Technical Support Engineer
2;5;5;5;9;0;8;9;1;4;7;6;2;9;8;6;4;7;9;3;DevOps Engineer
8;6;9;9;0;6;3;3;8;0;9;1;5;8;6;1;7;1;7;1;Computer and Information Research Scientist
2;2;3;4;9;1;0;2;6;3;4;5;9;8;5;2;8;9;6;0;Digital Marketing Specialist
1;3;0;7;0;8;2;7;3;3;1;4;5;5;1;7;9;6;4;4;IT Consultant
3;6;7;6;3;3;6;5;0;0;7;8;5;6;6;8;2;6;4;0;DevOps Engineer
7;9;5;3;6;4;8;1;8;5;8;4;4;0;6;4;1;1;9;6;Computer Hardware Engineer
4;0;5;3;6;5;9;7;6;0;4;4;5;1;1;4;0;3;0;7;Research Scientist
0;9;6;9;7;6;2;4;7;2;4;3;1;9;2;2;1;2;8;7;Computer Programmer
4;6;3;4;7;2;7;6;9;0;8;3;8;4;7;4;0;4;8;4;Computer Systems Analyst
8;8;2;3;5;9;8;0;5;5;9;2;3;8;6;8;7;7;7;2;Research Scientist
8;0;7;7;5;8;2;1;5;2;5;8;6;4;0;6;1;1;0;1;Back End Developer
1;1;7;0;5;4;7;5;1;4;8;4;4;8;7;5;3;7;1;8;Game Developer
2;3;2;7;6;8;9;9;3;4;6;6;6;8;8;2;6;3;7;2;UI/UX Designer
2;4;7;0;6;8;5;8;7;8;1;4;5;9;3;3;3;2;9;5;Computer Programmer
8;7;4;8;1;9;9;4;6;0;4;5;9;7;3;1;5;8;1;4;Digital Marketing Specialist
9;6;3;0;7;5;3;2;1;1;2;7;1;5;9;6;8;1;4;5;Technical Writer
7;2;7;6;6;8;3;0;3;2;4;0;1;2;5;1;2;9;2;4;IT Sales Professional
3;0;6;2;7;5;9;8;7;0;6;2;8;8;5;6;4;9;3;0;Web Developer
8;5;7;0;4;3;9;8;1;9;1;8;2;3;2;2;1;1;5;2;Game Developer
9;8;5;1;0;4;2;8;8;9;0;2;2;1;2;4;9;8;0;1;Back End Developer
9;1;2;1;0;3;1;3;4;5;3;7;7;6;2;4;4;4;1;4;Computer and Information Systems Manager
5;2;1;5;1;3;2;4;8;2;2;5;1;6;7;7;9;9;6;6;Cybersecurity Analyst
3;9;4;8;0;0;9;5;8;4;7;7;4;5;0;6;7;0;6;2;Business Intelligence Analyst
5;2;3;8;4;9;9;9;8;7;9;9;2;6;1;6;4;7;6;7;Research Scientist
9;7;4;3;4;7;7;9;6;7;9;1;3;4;2;7;8;7;0;3;Network Administrator
1;0;0;5;5;0;0;3;9;8;5;5;6;3;3;0;7;6;7;2;Technical Writer
5;0;5;5;5;9;1;7;8;0;2;8;7;4;0;5;6;5;9;4;Technical Writer
0;2;2;1;2;3;8;8;3;4;2;2;1;9;3;7;4;1;7;6;Computer Systems Analyst
6;7;3;6;4;6;0;1;2;3;0;9;2;7;7;8;1;5;4;1;Systems Analyst
6;6;8;7;0;7;7;0;7;8;2;9;6;9;3;6;7;4;3;9;Computer and Information Research Scientist
1;9;0;1;8;0;9;3;3;0;2;8;5;3;1;9;5;7;7;0;Artificial Intelligence Engineer
1;3;6;7;7;4;1;9;2;0;7;2;7;0;5;3;5;5;5;8;Computer Network Architect
5;4;2;3;1;3;2;3;5;5;1;8;4;0;3;1;6;3;1;1;Full Stack Developer
9;1;3;6;1;9;9;4;9;7;5;0;3;9;4;8;7;4;4;2;Machine Learning Engineer
1;2;0;9;3;7;7;4;1;5;2;2;7;8;5;7;0;7;1;4;Mobile App Developer
3;7;3;5;6;6;0;2;5;9;8;3;4;0;8;7;5;8;2;6;Machine Learning Engineer
8;9;5;5;4;6;2;4;5;8;7;0;4;7;6;6;2;0;6;1;Artificial Intelligence Engineer
3;9;4;0;1;0;5;0;1;6;8;9;0;5;9;3;1;9;4;3;Computer Hardware Engineer
0;7;0;4;1;8;2;3;2;3;2;4;5;4;7;0;3;9;1;7;Computer and Information Research Scientist
9;4;3;8;9;1;8;3;0;3;9;9;5;5;4;2;1;9;5;4;Computer Network Architect
3;1;6;4;9;9;1;0;7;0;1;3;0;1;4;7;4;1;7;7;Mobile App Developer
7;8;7;5;0;6;8;2;6;1;3;2;3;6;0;9;5;2;1;3;Digital Marketing Specialist
3;3;3;7;4;5;4;1;9;8;0;5;2;8;7;4;9;7;7;5;Software Developer
2;7;8;0;2;2;1;1;2;5;0;3;7;0;5;2;5;3;2;7;Software Developer
8;7;5;2;7;1;3;5;9;4;5;5;5;2;0;5;8;3;2;6;IT Project Manager
1;0;7;9;2;2;0;6;2;2;8;7;1;3;5;2;5;1;1;4;Software Engineer
3;4;0;9;6;8;2;0;2;5;6;2;4;4;5;5;7;2;4;3;Business Intelligence Analyst
1;7;9;7;1;7;2;7;0;5;3;0;0;7;1;7;7;2;1;2;Full Stack Developer
0;8;2;9;1;1;4;9;8;5;3;5;9;0;8;6;5;3;3;5;Blockchain Developer
3;7;9;3;4;5;0;4;6;0;5;2;6;5;4;3;8;4;7;3;Full Stack Developer
1;1;0;6;1;5;4;7;5;3;0;3;4;1;2;9;7;3;8;0;Database Administrator
6;8;5;9;4;5;5;2;0;7;3;8;3;2;5;1;4;5;5;9;Network Engineer
3;8;0;5;6;2;7;6;6;5;8;3;8;3;1;6;0;8;7;6;Computer and Information Systems Manager
8;7;3;2;9;7;4;9;5;6;8;1;9;1;1;5;8;9;8;1;Machine Learning Engineer
1;0;6;5;9;9;8;3;3;4;1;2;8;6;5;1;3;4;5;0;Full Stack Developer
2;6;4;1;7;6;0;7;0;5;5;0;6;8;6;2;1;0;5;4;Computer Systems Manager
2;5;1;1;4;0;2;6;5;8;2;2;8;0;3;2;8;5;0;3;Cloud Architect
2;4;8;1;6;4;8;9;4;7;8;4;1;3;3;9;3;0;0;1;Computer Systems Analyst
3;2;6;6;6;8;1;0;3;5;5;7;5;0;4;5;2;1;7;0;Cloud Architect
9;4;9;3;4;4;1;2;2;3;4;9;1;2;3;7;9;0;0;8;Cybersecurity Analyst
3;3;0;1;2;4;8;4;2;5;5;7;4;0;9;2;8;0;1;5;Back End Developer
1;7;6;6;6;3;0;8;1;1;4;7;3;8;8;6;1;2;2;3;Computer Hardware Engineer
9;8;4;5;3;7;2;6;5;4;3;6;6;2;0;0;2;8;1;2;Quality Assurance Engineer
9;7;7;0;5;9;7;7;0;8;1;7;3;4;2;4;3;6;4;8;Game Developer
5;1;8;7;2;4;0;6;3;7;8;3;6;5;9;9;5;5;0;4;Computer and Information Research Scientist
1;4;4;0;0;2;2;0;1;9;4;9;2;2;7;8;7;8;6;2;Web Developer
3;4;1;6;6;7;2;6;8;6;3;3;4;4;6;0;1;4;0;8;Business Intelligence Analyst
3;1;4;5;5;9;8;1;2;8;2;6;3;9;5;3;7;0;2;8;Computer Science Teacher
1;1;4;9;7;7;8;2;1;5;2;1;2;4;5;6;4;8;9;0;Computer Network Architect
8;4;1;4;2;5;5;3;1;6;1;9;5;8;0;3;5;2;2;1;Embedded Systems Engineer
9;1;9;3;3;7;1;7;5;5;1;0;6;6;3;9;4;6;4;1;Game Developer
0;9;9;2;1;9;3;1;6;5;9;2;9;5;5;7;1;4;5;4;Front End Developer
6;8;7;8;1;8;1;1;2;6;4;6;2;0;8;8;4;1;5;3;Software Tester
5;2;5;5;0;4;6;0;0;8;4;2;8;0;8;1;3;8;3;1;Cloud Architect
2;3;3;5;2;5;1;1;4;2;7;0;8;5;4;6;1;3;1;5;IT Support Specialist
1;4;2;0;9;7;5;6;2;5;3;4;1;3;8;0;8;4;0;7;Computer Hardware Engineer
9;2;2;8;4;3;7;0;8;1;1;9;0;4;1;7;8;1;2;8;Cloud Architect
1;1;3;0;0;6;4;5;8;8;9;1;0;1;4;4;5;7;3;7;Computer Systems Analyst
1;0;1;0;2;8;0;4;1;1;0;5;8;6;8;3;1;0;4;4;Software Tester
0;6;2;3;1;1;2;3;6;5;9;8;9;1;7;4;6;7;9;7;Research Scientist
8;9;1;1;2;2;4;4;7;6;0;9;8;4;6;2;7;9;8;5;Web Developer
7;8;9;5;5;9;5;8;0;8;2;0;1;8;4;7;9;4;8;6;Computer and Information Research Scientist
9;6;8;7;8;7;3;2;0;0;0;0;6;9;0;1;0;7;0;2;Data Scientist
1;9;5;1;1;0;0;1;3;6;5;4;3;8;1;0;0;5;3;0;Digital Marketing Specialist
3;7;5;3;6;2;1;8;9;8;5;3;5;2;7;6;6;1;1;7;Technical Writer
7;6;7;5;2;2;0;6;4;3;9;1;4;7;6;4;9;0;0;8;Game Developer
3;1;9;8;1;1;2;6;2;7;0;0;9;1;5;0;1;2;7;8;IT Project Manager
6;7;3;0;5;8;3;5;1;0;1;6;3;3;4;0;7;6;6;9;Computer Systems Analyst
2;9;7;5;8;3;7;5;6;8;5;9;6;3;3;9;5;6;0;5;IT Sales Professional
7;9;5;2;4;9;1;7;8;1;6;2;3;1;9;1;5;1;1;5;Computer Programmer
4;4;7;7;6;4;7;8;1;2;6;0;6;4;0;7;9;6;5;0;Database Administrator
3;4;8;7;1;1;5;2;0;0;5;3;2;5;7;0;5;3;7;9;Computer Science Teacher
5;6;3;6;3;8;9;9;0;5;6;1;0;9;3;2;0;8;4;4;Quality Assurance Engineer
2;1;4;9;9;7;7;5;5;2;8;5;2;6;4;0;8;0;8;4;Artificial Intelligence Engineer
3;1;3;4;4;3;7;7;0;7;4;4;8;5;9;3;9;3;1;8;Computer and Information Research Scientist
3;4;5;3;8;5;2;2;3;4;6;8;7;3;8;1;9;2;3;4;IT Support Specialist
1;0;4;6;9;1;1;3;2;1;1;4;9;7;2;1;0;7;1;5;Technical Writer
7;0;9;7;3;0;8;6;8;6;3;5;5;5;1;8;5;5;6;2;Computer Systems Analyst
1;9;6;7;7;0;1;3;7;6;9;2;0;2;6;3;0;7;2;6;Cloud Architect
8;5;2;7;0;4;2;1;7;3;0;1;1;4;0;4;1;1;1;0;Computer and Information Systems Manager
6;5;1;3;0;5;5;9;7;6;3;8;1;8;9;7;2;2;4;5;Technical Support Engineer
5;5;3;8;9;2;7;3;7;4;3;5;0;5;5;1;4;4;8;5;IT Support Specialist
5;2;4;6;9;8;8;5;6;8;4;6;5;5;5;7;1;8;4;6;Database Administrator
9;0;7;0;0;7;7;5;7;2;8;9;4;2;1;6;0;0;3;9;Computer Network Architect
5;3;2;5;6;0;1;5;7;5;5;9;2;3;3;4;7;3;7;9;Computer Network Architect
3;7;6;7;9;4;6;2;0;0;1;1;8;0;5;0;6;8;5;0;IT Consultant
8;6;4;1;3;6;7;0;6;8;6;1;1;0;1;2;5;8;3;4;Technical Writer
2;6;8;4;6;5;6;5;4;4;3;5;9;4;2;6;2;7;1;4;Software Engineer
4;6;6;8;5;8;9;9;3;7;2;6;2;7;6;4;6;5;2;8;Cybersecurity Analyst
7;7;7;9;2;8;4;9;0;3;9;1;1;5;9;3;7;9;3;5;Network Engineer
9;8;7;3;7;1;7;6;9;9;0;3;3;9;1;2;0;7;9;2;Software Developer
0;2;3;8;2;6;0;4;4;4;8;0;3;8;7;6;9;8;1;6;Network Engineer
5;2;8;6;8;5;8;1;2;2;7;4;4;4;7;1;2;8;9;7;Computer and Information Systems Manager
8;8;7;2;4;8;9;0;6;2;2;5;0;4;5;5;2;3;2;7;Mobile App Developer
1;8;0;1;3;7;3;7;3;7;7;8;9;1;2;9;4;7;9;4;IT Support Specialist
1;0;4;0;0;1;5;2;9;8;7;0;0;6;4;2;8;3;7;0;Software Developer
2;5;6;3;9;0;0;8;9;3;0;7;7;2;9;5;1;7;4;2;Software Developer
9;2;1;2;7;8;9;9;0;4;1;6;2;9;3;3;7;3;0;4;Network Engineer
4;0;8;8;2;7;3;4;2;3;4;7;8;8;1;9;8;1;9;3;Computer and Information Systems Manager
9;6;5;7;7;2;4;1;9;3;6;5;1;3;8;8;3;0;7;8;IT Support Specialist
9;1;6;3;3;4;5;3;8;5;7;9;9;0;7;2;5;3;8;5;Back End Developer
9;8;7;3;4;3;6;5;4;0;6;6;3;0;3;1;3;8;6;4;Software Developer
6;0;1;8;3;3;0;7;8;8;8;7;4;0;2;1;3;0;8;1;Software Engineer
6;9;3;1;6;2;2;6;9;9;7;6;2;9;1;8;6;1;8;3;DevOps Engineer
1;9;8;4;3;7;4;8;9;5;2;2;4;2;1;0;0;5;1;8;Blockchain Developer
2;5;3;0;8;5;0;5;5;7;1;5;5;9;3;5;6;8;1;8;Database Administrator
5;1;2;7;7;1;8;1;7;0;6;0;5;2;8;9;3;9;8;6;Quality Assurance Engineer
1;8;5;8;7;8;1;6;2;0;6;2;5;3;3;2;6;2;5;4;IT Support Specialist
7;1;6;4;4;3;5;1;0;6;5;5;7;4;8;9;5;1;8;9;Computer Science Teacher
8;6;7;9;3;2;6;7;4;3;2;6;2;5;3;0;2;2;1;6;Front End Developer
1;0;1;5;5;0;2;7;7;1;2;5;4;1;4;4;9;7;0;0;Full Stack Developer
9;0;8;1;6;6;0;0;4;9;1;7;4;8;0;5;0;4;2;0;UI/UX Designer
9;5;2;7;5;1;3;6;5;0;9;3;0;4;9;7;9;1;1;2;Artificial Intelligence Engineer
7;5;3;5;2;7;4;3;9;4;3;5;3;8;5;7;4;7;0;9;Systems Analyst
7;3;7;5;1;0;7;6;0;2;2;9;0;3;3;3;6;8;4;8;IT Support Specialist
9;5;9;0;6;3;0;5;3;8;3;9;6;2;2;1;7;6;4;8;Software Tester
7;5;0;7;0;7;7;3;8;6;9;2;7;9;2;3;6;8;8;7;Cloud Architect
8;6;9;7;3;9;5;2;0;4;0;3;8;2;1;3;0;9;7;5;Web Developer
4;1;6;0;7;5;3;1;7;2;4;6;4;2;4;6;8;5;4;7;Business Intelligence Analyst
9;4;4;0;0;4;1;6;7;2;7;9;1;6;3;3;0;4;3;6;Blockchain Developer
9;5;5;5;1;0;6;4;7;3;0;4;7;1;6;9;1;7;7;6;Machine Learning Engineer
2;9;5;8;2;7;3;7;2;2;7;3;4;2;9;9;1;1;3;2;Embedded Systems Engineer
1;5;6;4;6;0;4;6;6;7;3;8;1;8;9;3;8;5;4;0;Computer Science Teacher
3;7;1;8;9;5;3;9;4;4;6;5;9;9;3;8;0;8;2;5;Embedded Systems Engineer
1;5;9;6;0;6;3;5;2;3;5;5;6;4;4;5;6;9;7;4;Data Scientist
2;1;1;8;0;9;6;3;3;9;2;7;3;5;0;0;3;9;1;8;Blockchain Developer
1;0;9;6;8;3;5;7;1;0;7;0;8;7;2;5;7;6;1;4;Digital Marketing Specialist
7;2;0;0;9;9;5;6;6;7;4;8;4;8;0;8;2;2;7;4;Computer Hardware Engineer
3;4;4;8;3;8;1;8;3;9;2;9;1;6;8;7;6;3;8;9;Digital Marketing Specialist
7;9;7;2;0;7;3;6;2;7;2;0;7;4;7;5;8;1;2;2;Computer Programmer
8;0;3;8;7;2;8;7;4;2;9;5;3;4;7;3;0;5;4;0;Artificial Intelligence Engineer
1;2;9;5;3;2;4;5;9;1;9;9;3;1;6;6;0;3;0;6;Artificial Intelligence Engineer
3;0;9;0;8;9;0;3;8;5;1;4;7;5;7;8;0;9;0;7;Data Scientist
1;5;7;4;3;1;6;3;9;2;1;4;4;1;5;6;8;8;3;6;Technical Support Engineer
0;0;2;5;3;2;0;4;2;9;8;7;4;9;6;3;4;3;2;8;Digital Marketing Specialist
7;6;0;4;4;5;7;7;9;9;7;2;5;3;4;7;0;6;1;0;Network Engineer
4;5;9;4;2;1;7;9;8;2;6;7;9;8;7;7;8;0;5;9;Software Tester
7;8;6;6;1;4;5;3;4;6;7;2;5;3;4;6;1;6;0;7;IT Sales Professional
5;6;6;5;5;5;0;3;1;5;0;8;3;9;1;3;7;6;3;4;Software Developer
9;1;0;4;2;9;0;8;1;6;9;9;9;2;5;7;6;0;6;6;Research Scientist
8;3;1;4;9;9;2;8;1;4;2;5;6;4;7;4;9;6;0;6;Computer and Information Systems Manager
0;0;7;1;0;0;7;2;4;9;9;0;6;3;9;2;6;6;5;8;Technical Support Engineer
7;2;8;3;8;8;0;2;7;8;8;1;0;0;3;8;1;4;5;2;Data Scientist
3;1;9;3;5;1;1;2;8;7;9;2;9;1;8;7;1;5;3;3;Quality Assurance Engineer
0;3;5;4;0;6;3;8;5;1;3;2;7;2;7;0;2;1;0;2;Computer Programmer
1;2;7;9;7;2;9;7;8;2;4;3;7;2;6;0;1;1;4;3;Computer Systems Analyst
7;0;1;7;1;3;0;5;1;8;6;9;3;1;1;2;5;6;5;2;Computer and Information Systems Manager
8;7;8;3;2;1;0;6;8;3;9;9;8;6;0;7;2;4;9;7;IT Project Manager
0;0;8;9;9;9;8;4;9;1;3;5;5;6;1;6;4;0;8;6;Computer and Information Research Scientist
1;9;9;2;2;1;7;5;1;4;0;4;8;2;0;2;6;2;0;4;Quality Assurance Engineer
9;7;9;9;5;5;3;8;4;3;9;0;1;1;6;5;9;6;4;6;Computer and Information Systems Manager
5;8;5;9;4;8;7;0;9;2;4;1;1;9;0;0;2;1;4;7;Computer Hardware Engineer
8;5;9;6;8;5;0;1;8;2;2;3;9;9;0;5;7;4;6;7;Computer Network Architect
3;6;1;3;7;1;0;8;4;5;1;1;9;5;7;5;6;4;1;8;Front End Developer
2;6;9;9;4;8;6;5;8;0;6;7;6;3;1;3;7;1;4;8;Cloud Architect
4;3;7;2;9;0;8;3;2;2;9;5;1;9;0;0;8;2;6;8;Computer and Information Research Scientist
7;5;5;1;3;4;1;0;8;2;2;4;2;8;9;3;5;1;8;5;Business Intelligence Analyst
0;9;6;4;6;5;8;1;3;8;1;0;6;7;4;9;4;9;4;7;Computer Systems Manager
2;4;8;6;4;6;6;5;3;5;6;3;1;5;3;8;8;9;8;1;UI/UX Designer
3;5;6;0;6;0;9;5;0;8;4;3;3;2;1;3;0;0;9;5;Game Developer
8;0;8;7;1;3;0;2;5;6;9;1;4;3;2;5;4;4;4;0;Database Administrator
5;1;0;2;3;0;0;5;9;7;4;6;3;8;9;8;4;3;1;7;Systems Analyst
3;8;5;9;0;3;0;1;5;5;7;6;8;4;9;3;0;3;1;2;Computer Systems Analyst
5;5;8;1;2;0;1;8;4;6;0;0;0;1;4;6;4;0;2;0;IT Sales Professional
9;8;3;3;9;7;6;7;7;9;7;5;4;5;1;6;4;2;0;0;Computer and Information Systems Manager
4;8;5;1;4;5;7;0;0;6;1;7;2;2;7;8;8;6;4;0;Blockchain Developer
1;6;9;6;5;3;1;2;5;8;9;3;4;6;7;1;0;8;5;4;Data Scientist
2;7;6;1;2;2;2;6;6;1;9;6;5;6;8;9;6;1;8;1;Software Engineer
0;0;3;1;6;6;0;7;8;7;6;0;9;9;1;9;2;4;7;6;Systems Analyst
0;2;8;6;0;6;7;7;8;2;9;0;0;2;3;3;6;7;6;1;Machine Learning Engineer
3;6;9;1;2;2;9;3;0;3;3;1;5;5;4;5;8;2;1;7;Software Tester
8;3;5;6;3;9;9;4;2;9;2;1;1;5;5;4;6;3;5;2;Game Developer
7;4;5;4;4;9;9;2;5;5;7;2;0;1;9;3;4;1;2;5;Digital Marketing Specialist
3;6;1;2;5;0;2;2;0;1;0;2;5;7;7;7;0;6;7;8;Research Scientist
9;0;6;4;0;1;7;0;9;1;2;2;6;4;2;4;6;1;8;7;Software Engineer
0;0;4;5;5;9;5;0;4;1;2;1;8;8;6;0;5;8;8;7;Computer Programmer
1;5;6;1;9;2;8;9;3;6;1;8;5;4;9;5;8;2;9;9;Machine Learning Engineer
3;3;7;7;6;1;1;1;4;2;3;3;9;7;7;6;7;4;0;8;Computer and Information Systems Manager
3;4;2;4;7;3;2;8;3;5;4;4;2;0;2;0;7;2;3;4;Software Engineer
1;0;8;8;5;5;1;5;0;5;3;1;0;8;0;8;8;0;8;6;Business Intelligence Analyst
7;8;2;0;0;8;2;3;7;0;1;3;7;1;5;4;3;5;9;4;Full Stack Developer
8;9;0;9;6;1;7;4;2;6;3;1;6;1;3;5;1;8;0;5;Front End Developer
8;7;7;6;0;6;2;5;4;7;6;3;8;4;1;0;0;2;8;0;DevOps Engineer
4;4;5;3;7;7;5;6;5;9;9;5;6;1;5;3;6;7;0;5;UI/UX Designer
1;9;7;8;4;1;9;3;1;6;3;8;3;8;3;6;3;8;3;8;Game Developer
7;9;5;9;7;1;2;4;2;5;5;2;1;1;6;8;2;4;4;7;Computer Systems Analyst
1;1;0;0;0;8;4;6;0;8;3;4;8;4;2;0;5;0;1;2;Database Administrator
0;4;6;4;3;1;1;5;7;5;3;7;0;9;5;4;4;4;2;2;Network Administrator
6;9;5;0;7;0;9;8;6;1;0;6;5;6;4;0;6;7;7;4;Front End Developer
2;2;4;0;9;5;1;7;4;5;6;8;3;6;3;9;0;2;6;1;Artificial Intelligence Engineer
1;2;3;5;9;3;5;9;6;2;0;3;0;1;9;5;7;7;1;8;Embedded Systems Engineer
1;1;9;4;7;1;2;8;1;4;3;9;1;2;1;2;4;3;4;7;Back End Developer
5;7;7;7;7;9;8;5;6;0;0;8;7;8;3;0;1;8;2;3;Database Administrator
2;7;6;8;5;8;0;7;1;8;6;7;1;8;9;2;8;3;5;2;Mobile App Developer
7;8;3;3;1;4;4;2;7;7;9;8;8;0;9;4;3;5;7;4;Computer Hardware Engineer
2;8;4;5;9;9;7;1;7;1;6;5;2;7;3;9;8;9;8;8;Computer and Information Research Scientist
8;8;2;9;5;4;7;2;0;1;5;3;4;2;8;4;0;3;5;0;Quality Assurance Engineer
4;5;9;1;8;9;0;2;8;7;6;7;9;0;6;7;4;0;8;8;Software Developer
2;9;7;1;0;0;4;4;9;4;8;4;5;5;7;5;2;7;8;6;Network Engineer
7;7;3;5;8;8;6;7;2;5;1;5;4;5;9;7;2;2;3;7;IT Consultant
4;8;0;5;6;1;2;8;5;4;2;3;8;3;3;4;0;3;4;2;Computer Systems Manager
5;3;3;5;8;4;1;7;6;2;8;6;5;1;4;2;0;1;0;0;Software Tester
7;9;2;5;2;9;7;3;3;6;7;9;7;8;6;4;3;8;8;5;Cybersecurity Analyst
6;8;8;9;2;7;2;1;3;2;5;7;7;6;1;0;5;1;1;8;Web Developer
3;8;0;0;2;2;6;8;4;5;2;2;0;9;8;7;8;4;5;6;Computer Programmer
9;6;6;6;0;9;5;7;7;0;6;5;5;4;2;1;9;6;3;3;IT Project Manager
9;3;6;8;0;7;8;9;2;5;4;3;6;5;5;9;6;7;5;2;Front End Developer
7;1;7;6;2;1;7;5;5;0;3;6;9;8;1;5;0;3;6;9;Computer Science Teacher
6;2;2;9;0;6;9;0;3;0;2;5;1;2;7;7;0;2;6;8;UI/UX Designer
5;8;8;9;9;9;2;6;7;4;4;5;3;7;3;6;0;1;9;5;IT Sales Professional
3;1;1;5;2;4;8;8;3;5;8;9;9;6;4;4;1;7;0;5;Computer Network Architect
5;0;1;5;7;6;4;4;1;5;6;5;8;8;6;6;9;7;4;5;Database Administrator
3;8;6;1;1;3;9;6;9;0;9;7;4;5;8;9;1;6;0;9;UI/UX Designer
4;6;5;8;0;1;0;3;1;5;9;6;1;1;8;0;1;1;0;2;Back End Developer
5;4;9;6;5;9;4;4;3;6;3;1;1;5;8;7;8;6;4;4;IT Sales Professional
8;4;4;0;1;6;0;9;4;4;1;7;9;9;2;1;7;2;4;9;Computer and Information Systems Manager
4;9;7;3;9;1;5;5;1;7;8;9;2;3;5;0;8;9;8;6;Back End Developer
1;3;8;5;5;7;2;6;5;3;4;6;3;1;9;1;7;1;6;9;Computer Hardware Engineer
7;6;1;8;8;2;5;3;7;1;3;1;1;6;6;1;3;7;5;7;Full Stack Developer
8;1;2;6;7;1;9;4;6;1;6;9;9;3;6;7;8;6;0;1;Front End Developer
8;6;0;8;1;5;4;3;5;0;4;4;4;7;6;6;1;1;8;5;Research Scientist
6;1;7;3;4;1;0;2;9;9;4;3;2;2;2;3;8;4;4;5;Front End Developer
3;5;4;8;1;4;5;0;5;7;4;5;2;9;9;7;3;6;1;6;Network Engineer
5;0;7;5;1;0;9;5;4;3;3;8;7;5;0;3;4;4;7;1;Front End Developer
4;9;0;9;0;9;6;6;7;5;5;1;4;2;6;4;9;7;7;2;Quality Assurance Engineer
0;9;2;2;4;9;6;2;4;4;2;9;3;5;5;7;3;2;3;8;Machine Learning Engineer
5;4;8;9;5;0;9;2;2;6;3;4;1;9;0;4;9;9;3;2;IT Project Manager
7;5;2;3;0;6;2;4;5;2;0;2;3;1;8;0;1;0;0;5;Computer Hardware Engineer
8;7;5;2;6;7;9;8;8;0;0;0;7;1;2;8;6;2;3;5;Computer Programmer
9;1;1;5;0;0;5;2;7;9;5;0;6;6;8;5;6;2;6;6;Research Scientist
2;8;2;3;3;3;0;8;1;3;7;8;9;2;4;2;6;4;8;4;Web Developer
3;3;5;8;2;8;7;1;7;7;8;7;4;7;3;5;3;2;9;3;IT Consultant
1;0;0;3;9;7;6;9;4;0;4;2;1;2;3;9;8;7;8;5;Computer Hardware Engineer
3;1;6;6;4;6;1;9;2;8;2;6;5;6;3;6;1;3;9;3;Computer Programmer
4;0;2;5;1;7;6;8;2;5;4;2;6;0;7;8;3;9;0;0;IT Sales Professional
3;0;9;9;4;2;9;6;5;3;1;9;0;0;1;7;2;8;7;3;Research Scientist
6;1;3;8;2;6;0;0;8;2;0;6;0;2;7;6;0;8;6;1;Computer and Information Systems Manager
3;2;2;5;1;9;9;9;5;4;2;3;8;0;2;1;2;7;9;3;Software Tester
4;2;0;0;6;0;7;2;4;2;6;5;5;4;9;2;6;4;1;9;Network Administrator
0;1;5;8;0;7;8;2;5;7;0;1;4;0;6;2;5;5;5;5;Software Developer
2;2;3;0;6;0;7;9;5;2;0;4;0;4;2;7;5;6;2;6;Front End Developer
1;4;5;7;8;4;1;8;5;3;1;4;0;1;4;7;6;6;1;6;Artificial Intelligence Engineer
8;1;1;6;1;1;0;7;5;5;6;7;0;7;2;7;0;0;0;7;Computer Systems Analyst
9;4;2;2;3;4;5;0;6;5;7;7;9;3;0;2;4;1;3;5;Research Scientist
8;9;2;2;4;4;9;1;0;1;2;1;9;6;1;8;5;5;9;5;Computer and Information Research Scientist
4;1;0;0;4;3;2;5;6;8;1;3;3;6;0;5;6;3;2;4;Computer Systems Analyst
3;2;9;6;8;3;2;2;7;4;5;8;7;9;4;6;7;2;9;0;Game Developer
9;6;2;5;2;0;0;9;4;1;5;4;4;8;6;7;0;0;5;6;Technical Support Engineer
2;7;8;7;7;0;0;9;2;8;2;9;1;5;9;8;6;6;8;9;Blockchain Developer
9;7;5;0;4;2;7;7;5;8;8;8;8;9;2;9;8;4;4;2;IT Project Manager
9;5;7;0;8;7;2;8;2;3;7;3;5;2;3;1;5;5;4;9;UI/UX Designer
1;0;4;2;0;9;3;9;3;4;0;7;5;6;0;9;8;5;8;4;Full Stack Developer
3;6;1;2;2;7;8;8;4;4;2;8;9;0;0;8;8;7;9;8;Quality Assurance Engineer
4;6;6;3;6;3;2;3;3;0;2;4;2;0;8;3;6;6;8;4;Mobile App Developer
1;4;7;8;0;9;6;7;5;5;2;6;6;5;6;4;9;6;1;8;Digital Marketing Specialist
5;0;8;3;8;7;7;6;4;4;6;5;1;1;9;5;7;7;3;6;Research Scientist
6;9;3;0;3;5;8;3;0;8;2;8;5;4;4;2;3;1;2;6;Computer Systems Analyst
3;8;7;3;2;9;0;8;6;0;0;9;6;9;4;0;8;7;1;8;Web Developer
7;2;4;3;5;6;7;4;4;0;6;0;8;5;8;5;4;5;2;3;Computer and Information Research Scientist
5;9;4;9;2;9;0;5;8;4;1;1;6;4;9;1;9;2;4;9;Artificial Intelligence Engineer
5;4;3;1;0;9;1;4;2;8;4;6;2;8;6;0;0;0;6;1;Computer Hardware Engineer
0;1;6;4;8;0;8;8;9;2;9;3;5;8;3;6;6;8;8;0;Data Scientist
4;1;6;6;4;4;8;6;1;2;2;9;7;6;4;0;9;0;9;8;Software Tester
6;4;5;0;7;1;5;4;9;2;4;7;9;4;6;4;6;6;4;4;Software Developer
6;2;5;9;9;6;3;0;6;3;5;8;6;2;0;3;4;1;1;9;Digital Marketing Specialist
9;9;4;6;6;5;6;5;4;0;5;9;2;4;3;7;7;1;1;9;Software Engineer
1;6;6;2;7;0;7;7;5;0;5;5;4;8;9;5;8;8;5;7;Business Intelligence Analyst
4;1;2;9;0;3;4;5;0;3;2;7;3;6;0;6;7;3;8;1;IT Sales Professional
7;8;6;5;9;6;8;9;1;4;4;8;4;9;3;1;1;5;0;9;DevOps Engineer
8;8;9;9;2;8;9;2;5;4;6;4;7;7;6;4;4;9;9;7;Game Developer
8;7;8;3;2;5;0;6;6;1;5;8;2;0;0;3;3;0;1;7;Software Developer
1;3;5;1;2;3;0;8;5;7;9;8;9;9;8;0;1;2;9;5;Blockchain Developer
0;1;4;7;5;5;3;9;9;9;2;8;1;6;1;7;2;5;3;4;IT Project Manager
0;5;5;5;0;8;4;3;0;3;2;4;6;0;8;9;8;2;1;2;Data Scientist
0;9;7;6;9;8;9;0;8;5;6;0;6;5;3;9;3;1;7;8;Technical Writer
7;7;1;5;3;2;4;8;4;0;2;0;0;6;4;6;0;0;1;1;Computer Hardware Engineer
1;2;1;6;8;6;5;1;3;9;2;6;1;6;3;1;2;9;0;2;Computer Systems Manager
2;4;9;2;0;2;2;1;7;9;9;4;6;7;2;2;7;6;9;4;Back End Developer
1;3;7;5;6;1;5;3;2;9;3;5;0;0;3;4;8;1;0;8;Cloud Architect
1;6;7;8;9;5;3;8;1;7;2;5;9;0;4;7;1;3;3;9;IT Project Manager
9;9;3;8;0;4;7;2;2;1;0;8;0;6;9;5;0;2;2;7;Network Engineer
6;2;0;8;2;6;8;4;8;1;0;0;8;1;2;7;2;7;1;0;Computer Hardware Engineer
8;7;3;8;5;8;9;7;5;4;1;6;7;1;3;6;9;7;4;6;Software Engineer
7;6;1;9;3;9;8;5;1;5;8;1;0;0;3;4;9;6;1;3;Software Developer
1;6;9;4;0;0;7;1;7;6;7;1;5;7;3;2;2;7;1;7;IT Sales Professional
0;4;9;9;3;3;1;9;7;0;9;3;1;2;5;2;9;6;2;8;Artificial Intelligence Engineer
6;1;1;1;1;2;8;3;4;1;1;6;4;4;2;6;2;4;2;5;Data Scientist
5;3;6;3;9;8;2;0;9;6;1;8;0;9;5;0;8;1;4;1;IT Project Manager
9;1;1;4;1;9;5;3;9;0;8;3;0;9;1;5;2;1;0;9;Quality Assurance Engineer
6;9;2;0;6;8;4;6;3;5;6;7;2;1;0;5;2;1;7;0;Technical Support Engineer
2;7;9;6;4;4;2;8;5;3;1;1;8;1;1;7;8;3;8;2;Blockchain Developer
8;0;8;3;6;8;8;4;2;6;8;0;4;1;4;0;5;1;7;5;DevOps Engineer
0;8;9;1;0;0;2;1;0;2;5;1;8;7;8;8;7;3;3;3;Computer Systems Analyst
7;4;6;2;9;7;0;8;7;8;9;5;2;0;8;2;7;1;4;7;Software Tester
3;6;2;0;8;6;4;3;7;5;9;6;0;2;2;2;0;6;8;7;IT Consultant
1;7;9;7;8;0;1;5;0;5;1;8;4;3;9;3;8;7;9;5;Embedded Systems Engineer
7;5;6;0;8;2;2;9;9;9;7;2;4;9;2;8;0;6;3;0;Technical Support Engineer
4;3;2;4;3;0;9;1;9;4;8;4;3;9;4;3;8;8;9;0;Digital Marketing Specialist
8;5;3;8;8;3;1;3;0;6;8;1;8;2;6;1;2;2;5;9;Back End Developer
3;3;8;2;4;1;5;4;9;4;5;7;7;2;8;2;4;0;8;7;IT Consultant
8;7;8;7;7;3;1;8;5;4;0;0;8;0;1;0;3;8;9;1;Computer Network Architect
0;8;7;4;3;0;4;5;6;4;0;1;8;2;8;0;2;8;3;8;IT Project Manager
0;4;3;4;6;0;4;3;2;3;0;8;3;8;7;4;6;6;3;4;Technical Writer
7;0;5;9;2;7;0;5;6;7;9;8;1;5;0;1;0;1;0;3;Full Stack Developer
1;1;8;2;9;0;1;2;8;1;6;2;0;1;3;4;7;3;4;6;IT Consultant
0;3;8;0;0;2;9;7;7;3;3;8;1;7;2;3;9;6;3;2;Game Developer
5;2;4;4;8;3;8;0;4;4;5;8;5;1;0;9;5;0;6;2;Technical Support Engineer
6;2;6;1;8;7;2;4;7;3;7;9;4;0;8;0;4;6;0;7;Cybersecurity Analyst
5;2;3;8;3;9;0;0;7;4;5;1;4;4;9;2;2;3;1;1;Back End Developer
1;3;0;7;9;8;0;1;3;8;0;5;6;8;9;4;4;1;3;6;Digital Marketing Specialist
8;9;4;2;4;8;9;3;9;7;4;7;2;0;5;0;6;6;8;0;Game Developer
2;4;1;4;1;3;7;4;8;7;1;9;8;3;9;6;5;4;0;5;Quality Assurance Engineer
8;5;5;8;4;4;7;5;8;8;1;2;1;2;4;9;1;1;7;0;Blockchain Developer
0;1;1;0;8;4;6;3;4;2;1;0;4;2;4;5;3;7;6;2;Back End Developer
4;4;7;6;2;5;5;3;7;4;3;0;7;2;0;2;7;4;7;9;Back End Developer
7;8;8;2;8;6;3;9;0;0;5;6;9;5;5;6;0;2;2;0;Computer Systems Manager
4;3;2;0;8;7;1;3;7;0;3;1;5;0;2;8;4;2;0;7;Data Scientist
5;2;7;4;2;4;0;5;0;6;0;1;4;4;9;8;3;2;3;8;Computer and Information Research Scientist
2;5;4;8;8;6;5;8;9;8;4;9;5;3;4;3;4;1;0;2;Embedded Systems Engineer
9;9;9;4;8;9;4;6;0;5;8;4;3;0;4;7;1;5;4;8;Computer and Information Systems Manager
0;9;6;0;3;1;6;1;0;7;9;3;2;5;7;3;8;9;1;7;Digital Marketing Specialist
6;5;2;1;5;9;2;9;5;4;7;4;4;2;2;9;2;8;2;9;Digital Marketing Specialist
5;4;2;1;5;0;6;9;2;4;8;8;6;1;0;1;6;3;2;4;Blockchain Developer
4;3;8;9;1;3;3;6;5;5;1;9;8;3;5;7;1;5;0;3;Embedded Systems Engineer
5;4;0;1;6;7;8;4;2;1;6;7;8;5;3;3;1;6;1;9;Artificial Intelligence Engineer
3;0;9;3;4;5;2;1;6;3;8;2;3;9;5;6;6;2;2;8;Computer Network Architect
2;8;9;0;7;2;1;2;0;6;8;2;9;0;2;6;8;2;1;7;Mobile App Developer
7;5;4;1;2;3;5;6;3;3;2;6;5;7;1;7;1;6;6;7;Technical Writer
3;7;0;5;0;8;0;1;7;3;9;2;2;7;5;0;3;2;7;9;Front End Developer
6;9;3;2;6;1;5;6;2;2;0;7;0;3;4;3;0;3;4;6;Game Developer
7;3;3;1;9;4;0;5;1;3;1;6;4;3;4;8;0;3;2;3;Computer Science Teacher
2;4;9;3;4;2;6;9;8;6;2;9;8;0;5;3;6;1;2;4;Software Developer
7;2;9;0;9;2;4;0;7;3;7;1;6;5;8;1;8;3;4;7;Mobile App Developer
5;2;4;2;7;9;8;0;6;6;3;9;2;9;8;1;8;3;7;0;Computer Programmer
1;6;7;5;3;6;1;1;8;9;9;0;8;9;0;3;4;4;4;6;DevOps Engineer
2;3;3;3;0;1;6;8;7;7;9;5;8;0;6;1;9;9;0;5;Computer and Information Systems Manager
2;5;0;5;6;7;3;3;4;6;0;6;1;7;5;1;5;2;7;8;Business Intelligence Analyst
8;1;8;1;1;3;0;7;1;8;4;7;8;6;4;7;0;0;1;4;IT Sales Professional
9;0;4;8;9;0;3;7;9;7;4;7;8;8;9;8;0;8;2;2;Cloud Architect
5;7;3;8;9;7;5;8;4;4;7;9;3;0;6;8;6;6;5;8;Technical Writer
6;4;8;7;6;0;8;1;4;1;7;6;5;1;6;9;3;2;9;4;Artificial Intelligence Engineer
7;3;5;5;7;1;5;4;7;5;6;0;3;7;1;0;7;7;9;8;Game Developer
9;2;6;2;3;6;2;4;2;7;9;7;1;6;5;3;6;3;9;7;Computer and Information Research Scientist
7;2;6;1;8;1;2;6;7;0;8;7;6;1;9;3;9;9;1;1;Computer Network Architect
1;2;0;2;9;2;0;8;9;9;6;9;2;1;7;5;6;9;1;8;Network Engineer
9;8;3;0;1;4;6;0;9;7;2;4;1;7;2;3;7;6;2;0;Machine Learning Engineer
2;1;9;6;5;5;7;6;5;9;1;4;3;7;3;7;5;2;1;4;Artificial Intelligence Engineer
4;1;8;5;7;7;1;0;7;1;7;1;9;5;7;2;0;1;2;0;Full Stack Developer
6;1;7;2;3;3;7;9;5;3;9;6;2;6;2;4;2;5;8;1;Artificial Intelligence Engineer
5;0;1;8;9;6;8;7;9;9;9;8;6;0;7;4;9;7;1;6;Back End Developer
8;7;5;8;7;3;7;3;0;3;2;8;3;8;8;6;2;6;6;7;DevOps Engineer
3;0;9;8;5;1;3;6;5;2;1;9;8;6;4;0;3;7;7;0;Digital Marketing Specialist
5;4;0;7;0;3;8;4;2;3;0;2;8;4;9;0;2;8;8;8;Software Developer
3;2;5;7;9;1;6;6;2;0;5;6;9;4;8;8;1;1;2;7;Back End Developer
9;5;1;3;0;6;1;4;4;1;2;9;6;9;0;7;6;7;0;0;Computer Systems Analyst
1;2;8;7;1;8;6;4;8;1;5;9;8;6;2;1;5;2;1;8;Software Developer
6;8;6;5;0;1;1;4;3;2;4;7;1;4;5;3;6;1;8;6;Database Administrator
6;3;5;6;3;6;9;0;2;9;5;1;4;7;4;6;1;6;3;4;UI/UX Designer
6;2;5;4;7;4;8;6;0;2;1;2;0;1;6;8;8;5;8;3;Technical Writer
6;6;2;4;2;9;0;7;9;7;2;7;3;5;7;3;0;9;2;7;Computer Programmer
9;8;3;7;2;8;4;2;4;6;6;0;2;0;4;4;4;3;4;8;Artificial Intelligence Engineer
7;7;2;7;0;9;8;2;8;8;4;0;5;9;7;8;6;0;4;6;Cloud Architect
5;9;6;6;0;5;2;6;9;7;1;5;4;9;2;3;8;1;7;5;Data Scientist
0;4;7;9;2;8;4;8;4;0;0;1;3;9;2;1;3;7;9;0;Embedded Systems Engineer
5;6;8;1;8;0;7;1;7;5;4;8;4;2;9;8;9;5;1;3;Technical Support Engineer
1;6;1;3;1;9;5;0;7;5;2;7;2;4;3;6;5;4;8;7;IT Support Specialist
5;3;6;1;8;7;1;0;1;5;2;2;5;4;8;8;5;7;8;8;IT Sales Professional
2;8;5;9;7;5;6;3;9;2;5;0;4;5;9;1;3;9;5;4;Machine Learning Engineer
5;2;0;1;1;0;5;2;6;4;1;9;8;6;2;8;4;3;4;2;Computer Science Teacher
7;3;6;9;2;3;3;3;9;6;9;9;6;8;9;2;5;9;1;2;Network Administrator
7;5;8;1;2;2;3;7;0;4;3;2;7;8;0;6;1;6;1;0;Blockchain Developer
0;9;0;8;5;8;2;9;7;4;4;7;8;1;3;1;5;1;1;8;Embedded Systems Engineer
6;9;9;4;4;7;4;1;2;1;2;3;5;0;2;4;8;3;2;1;Web Developer
8;9;6;3;3;2;4;8;4;1;9;8;5;5;4;3;6;8;0;8;Software Engineer
4;5;8;6;7;4;7;1;7;4;6;9;8;9;1;8;4;1;5;6;Database Administrator
3;2;1;9;7;0;9;3;3;4;3;0;1;9;6;2;0;4;2;4;Embedded Systems Engineer
5;2;3;4;4;5;4;2;5;3;9;3;7;7;0;7;0;6;5;1;Web Developer
4;4;7;1;4;5;6;2;3;3;2;7;1;5;0;7;7;3;1;0;Research Scientist
7;5;8;1;5;7;9;4;6;2;6;4;6;3;8;0;1;9;1;3;Front End Developer
9;7;4;8;4;9;2;2;5;2;2;6;3;1;2;4;6;8;1;8;Artificial Intelligence Engineer
8;4;2;6;7;8;1;6;4;1;9;3;7;2;3;9;7;8;5;6;Computer Hardware Engineer
5;6;6;1;3;7;5;3;3;6;4;1;8;4;7;3;5;9;2;2;Business Intelligence Analyst
7;9;6;1;3;5;9;2;1;4;4;4;0;1;1;3;7;7;3;9;IT Project Manager
1;9;2;4;2;2;0;7;8;7;4;7;6;9;0;5;1;9;4;4;Computer Programmer
8;6;9;9;1;4;7;9;4;7;5;2;8;5;9;7;4;3;1;8;Artificial Intelligence Engineer
1;1;6;3;2;7;5;9;8;7;3;0;1;6;9;9;0;1;6;0;Business Intelligence Analyst
8;7;5;6;1;8;4;3;3;2;4;0;3;4;0;7;8;6;8;7;Machine Learning Engineer
0;1;5;7;1;1;3;6;1;2;8;4;3;8;8;2;6;6;4;5;Software Developer
8;6;9;0;5;3;4;0;8;8;6;5;0;2;0;9;7;7;0;8;Web Developer
6;6;6;6;4;7;2;5;5;9;2;1;9;1;4;1;5;6;3;0;Computer Science Teacher
3;6;0;2;5;3;9;4;6;5;9;7;5;3;7;8;2;1;9;0;Systems Analyst
0;7;9;0;6;8;4;6;4;4;1;4;0;2;1;1;8;4;3;2;Computer Network Architect
9;4;8;0;2;3;7;6;1;9;7;0;6;1;6;7;8;1;3;5;Machine Learning Engineer
4;9;4;9;1;0;9;2;7;6;6;7;0;1;3;9;8;3;5;1;Full Stack Developer
9;5;2;8;4;0;8;2;6;4;5;3;8;6;3;8;8;2;2;6;IT Consultant
1;8;5;8;9;0;4;3;1;0;6;2;7;0;9;9;5;1;2;0;Technical Support Engineer
8;0;7;0;5;7;6;9;5;9;7;2;5;1;3;0;8;9;7;8;Systems Analyst
5;8;4;5;0;5;4;9;1;8;3;3;4;0;1;5;8;5;6;1;Computer Science Teacher
6;1;5;8;3;1;5;6;7;1;5;5;9;4;6;5;0;2;2;0;Computer Systems Analyst
1;1;7;4;1;1;3;0;3;4;6;9;5;1;7;8;4;0;3;3;Technical Writer
1;6;4;3;4;3;8;0;5;4;9;7;9;5;8;1;6;0;3;3;UI/UX Designer
8;6;9;2;0;0;0;6;4;9;4;9;5;1;8;3;3;5;5;1;Computer and Information Research Scientist
1;5;3;5;9;8;6;8;4;2;4;9;0;7;8;9;5;7;2;5;Mobile App Developer
2;0;9;5;4;7;9;5;5;1;6;3;9;5;6;7;1;1;3;0;Game Developer
8;7;4;0;4;5;1;9;7;8;2;1;6;8;1;0;1;1;9;3;IT Support Specialist
8;1;7;0;3;3;6;2;2;2;6;5;9;1;9;9;4;2;2;5;Software Tester
2;4;7;9;0;7;5;6;1;0;7;3;9;6;1;2;3;6;5;8;Software Engineer
4;3;2;4;8;7;1;0;9;7;3;1;5;8;1;8;1;4;3;4;Mobile App Developer
0;7;1;3;6;3;5;8;0;0;9;1;4;7;1;4;1;0;2;0;Computer Hardware Engineer
5;2;1;3;5;9;3;2;1;2;9;3;4;6;0;8;0;9;0;3;Digital Marketing Specialist
6;1;4;7;5;1;1;6;8;9;9;8;6;4;4;9;8;2;6;1;IT Sales Professional
8;3;6;2;2;7;0;4;0;2;2;7;1;0;5;0;7;0;8;5;Computer Systems Analyst
0;7;4;1;8;0;5;6;0;3;5;1;6;8;2;8;9;8;2;4;Data Scientist
1;5;4;3;3;0;3;0;3;7;6;8;9;4;6;4;6;7;1;6;Technical Writer
5;6;4;7;3;6;7;0;3;5;7;3;5;2;2;4;3;2;8;3;Cloud Architect
0;5;1;3;9;5;5;7;2;9;5;5;0;3;6;9;7;7;3;7;DevOps Engineer
3;1;0;0;3;3;8;7;2;1;5;7;5;5;7;6;7;2;9;5;Computer Programmer
2;6;0;5;3;4;7;0;6;8;3;7;7;6;1;3;6;7;2;7;Front End Developer
5;1;3;1;9;0;9;8;8;0;3;4;3;7;9;7;1;3;7;7;Systems Analyst
3;7;0;8;6;4;0;7;9;9;9;8;4;8;7;2;7;8;7;3;DevOps Engineer
6;9;4;4;4;7;6;3;7;1;2;0;0;5;1;4;4;2;0;1;Network Administrator
2;3;9;1;1;7;4;4;6;4;5;8;5;0;3;4;8;8;3;7;Research Scientist
1;8;5;2;9;5;2;0;5;6;1;7;8;2;3;5;6;3;2;1;Research Scientist
2;5;9;2;6;5;5;3;5;7;9;5;3;1;5;4;6;9;2;4;Blockchain Developer
9;7;2;6;6;9;0;4;6;0;9;4;4;7;4;8;7;1;1;7;Computer and Information Research Scientist
5;6;1;0;1;8;6;6;5;8;0;8;9;2;9;1;9;7;5;7;Data Scientist
3;6;8;1;6;9;5;1;4;4;6;4;6;9;1;3;5;2;4;6;Web Developer
5;8;0;7;4;3;1;5;5;5;8;4;6;7;3;1;1;8;0;5;Computer Science Teacher
4;4;1;0;7;2;0;6;1;6;0;2;2;9;8;4;4;5;9;0;Software Developer
1;2;6;4;4;3;4;2;9;6;6;0;9;7;3;1;0;6;5;0;Machine Learning Engineer
5;6;6;6;3;3;8;8;5;6;8;0;1;6;6;4;9;6;8;2;Back End Developer
7;5;3;6;2;8;6;0;1;9;2;7;0;4;4;4;5;6;9;1;DevOps Engineer
2;7;3;6;0;9;3;5;3;7;8;4;6;3;4;1;1;6;7;3;Computer and Information Research Scientist
4;8;6;9;0;6;3;3;7;9;9;5;0;2;3;4;6;6;6;4;Digital Marketing Specialist
7;7;7;4;0;8;8;6;3;0;3;9;3;9;9;5;7;6;1;8;IT Sales Professional
5;1;3;8;2;5;8;8;1;2;0;2;4;9;8;3;4;2;3;3;Game Developer
6;7;2;8;0;8;7;7;5;7;7;2;5;3;8;0;7;3;8;2;Machine Learning Engineer
7;0;2;8;2;1;0;5;9;4;7;4;6;8;1;6;1;6;4;6;Technical Writer
0;4;8;1;1;4;8;6;5;2;8;5;7;5;0;1;5;0;6;2;Systems Analyst
5;1;0;8;1;2;4;5;2;7;3;4;0;2;3;5;1;3;0;0;Technical Support Engineer
8;6;8;8;8;1;5;0;0;2;9;4;2;8;4;7;2;7;2;9;Software Tester
2;7;0;3;3;6;0;4;9;7;3;4;0;4;7;9;8;6;9;3;Computer and Information Research Scientist
8;4;0;8;4;8;4;7;9;9;7;0;9;3;6;7;2;6;4;1;Database Administrator
0;3;3;5;6;8;0;2;8;4;5;9;7;3;1;3;5;8;5;2;Quality Assurance Engineer
5;5;5;8;4;6;4;3;4;9;5;7;3;2;1;7;1;2;8;1;Research Scientist
7;9;1;7;2;6;1;2;2;4;9;0;7;0;1;5;1;3;8;1;Network Engineer
0;2;4;9;4;1;8;2;9;0;4;8;5;0;8;6;9;3;3;3;IT Project Manager
5;9;3;2;4;5;9;3;3;1;0;9;0;6;0;9;4;5;5;4;Database Administrator
6;7;0;8;9;6;6;1;7;3;2;9;9;7;4;9;9;3;7;6;Mobile App Developer
4;2;6;3;4;1;7;1;7;5;6;8;1;9;3;9;7;5;1;4;Business Intelligence Analyst
4;0;8;3;1;0;2;4;8;2;2;1;1;4;1;0;4;1;8;7;Computer Systems Analyst
9;8;3;0;1;1;9;2;8;1;7;1;1;6;1;9;1;2;5;8;Digital Marketing Specialist
4;8;3;4;4;0;6;7;1;5;5;4;8;6;3;7;5;6;8;2;Machine Learning Engineer
6;5;4;4;4;4;9;2;2;2;3;4;6;0;6;2;2;0;7;4;Research Scientist
4;2;2;3;0;8;0;3;1;4;3;4;1;9;0;0;9;6;9;1;IT Project Manager
9;3;1;6;4;6;4;9;8;5;3;0;7;4;7;6;9;3;5;2;Database Administrator
6;6;9;7;3;7;7;0;1;2;2;0;7;5;6;9;1;9;0;0;Computer Systems Manager
8;3;6;2;0;0;6;6;9;6;2;5;0;7;8;3;8;6;8;5;IT Support Specialist
9;8;4;7;4;5;4;8;7;9;2;1;3;7;8;5;3;4;0;0;Artificial Intelligence Engineer
7;9;4;0;6;8;6;0;9;9;6;3;6;3;9;9;3;1;0;9;IT Project Manager
7;2;2;9;3;7;1;5;4;3;0;1;9;9;4;9;4;2;0;6;Database Administrator
6;3;4;9;0;3;8;5;2;2;1;3;6;7;1;5;4;3;2;0;Machine Learning Engineer
6;2;7;7;7;0;3;8;7;8;7;8;2;3;1;1;9;9;4;4;Full Stack Developer
7;6;0;8;1;1;1;2;7;3;8;7;8;5;0;1;7;7;7;4;Digital Marketing Specialist
4;2;4;5;1;2;5;4;3;2;7;7;3;7;6;8;9;3;6;3;Computer Hardware Engineer
2;8;3;3;4;1;8;1;6;5;9;7;5;2;2;8;8;0;1;1;Database Administrator
7;1;9;8;4;3;0;1;7;6;0;4;4;7;1;5;1;4;8;4;Technical Writer
5;8;8;4;4;5;8;1;1;8;1;0;4;8;9;9;3;8;4;8;Embedded Systems Engineer
8;4;2;8;5;7;1;5;1;6;0;8;8;2;2;9;5;9;8;5;Cybersecurity Analyst
1;8;6;5;4;6;9;4;6;1;4;7;0;0;5;3;7;0;1;8;Full Stack Developer
4;6;6;4;3;4;6;1;3;6;2;3;4;9;5;3;5;4;6;4;IT Consultant
1;8;7;9;7;1;7;1;1;0;4;8;2;1;3;3;0;9;8;7;Computer Hardware Engineer
9;2;0;3;1;3;0;6;3;8;5;4;5;8;6;4;4;4;5;6;Computer Science Teacher
4;6;3;3;0;5;6;3;0;4;3;5;4;1;8;5;6;7;6;0;Technical Writer
4;2;3;5;5;5;8;2;8;3;9;4;2;2;8;8;1;5;4;1;Back End Developer
0;0;6;8;7;8;0;7;4;5;0;7;7;9;2;9;8;9;8;0;Computer Hardware Engineer
6;6;8;7;2;9;3;8;3;6;8;0;0;3;8;3;1;7;4;1;Database Administrator
2;7;7;6;2;3;8;1;4;2;1;3;4;5;2;6;1;0;1;2;Computer Systems Manager
7;7;2;4;7;4;0;4;5;0;0;8;6;3;6;7;8;0;0;1;Computer Systems Analyst
5;2;5;7;4;9;7;2;4;3;2;3;1;2;4;2;8;4;2;2;Digital Marketing Specialist
5;9;4;6;5;3;0;1;6;2;9;8;8;8;8;3;2;2;9;9;Computer and Information Research Scientist
1;1;1;4;3;0;9;4;5;6;0;6;5;8;1;2;5;4;6;1;Computer and Information Research Scientist
3;8;3;7;4;4;9;0;3;0;0;4;5;5;5;6;3;7;2;4;Web Developer
1;2;9;5;8;0;5;1;5;6;5;3;9;3;9;6;8;1;7;7;IT Consultant
8;2;1;3;2;4;8;0;8;7;1;2;5;8;4;2;3;5;2;3;Blockchain Developer
5;9;6;8;0;0;3;5;5;6;1;3;3;2;7;6;1;0;0;8;Web Developer
1;4;5;3;8;8;1;9;9;3;8;3;6;2;5;8;5;0;2;8;Technical Support Engineer
7;0;7;0;3;6;9;7;3;7;3;1;8;9;6;2;5;7;6;7;Business Intelligence Analyst
7;4;4;7;3;8;8;4;2;7;9;9;4;9;0;7;4;1;0;1;Research Scientist
4;8;7;5;4;5;4;8;7;9;9;6;1;9;0;5;9;6;3;7;Quality Assurance Engineer
3;8;1;3;9;0;9;1;4;9;0;4;2;6;9;9;7;7;5;5;Software Engineer
2;9;9;7;7;0;8;3;3;5;0;3;7;7;5;8;1;2;0;0;Database Administrator
2;3;3;0;7;6;1;2;0;4;0;3;9;2;3;7;9;9;1;1;Front End Developer
2;5;3;5;3;4;4;6;4;1;6;7;3;3;8;4;8;7;9;8;IT Project Manager
5;5;6;9;6;4;4;6;1;9;2;4;7;3;1;2;1;0;5;6;Full Stack Developer
0;1;7;5;3;1;0;3;1;8;5;0;9;8;6;6;7;6;5;6;Systems Analyst
4;9;1;8;8;5;6;4;0;0;5;7;6;0;4;2;2;0;4;1;Technical Support Engineer
0;1;3;5;2;9;1;5;4;0;2;3;7;1;3;1;3;3;9;0;Network Administrator
9;3;6;9;8;8;5;9;2;6;2;8;8;3;8;7;7;1;1;0;UI/UX Designer
0;9;6;0;1;2;7;5;9;6;6;1;1;7;6;3;4;2;3;5;Mobile App Developer
5;6;1;8;5;3;4;3;8;8;9;8;7;6;8;6;3;4;0;7;Mobile App Developer
6;8;3;1;2;4;7;4;6;2;1;6;9;3;2;5;9;1;8;3;Software Tester
2;2;4;4;7;2;9;7;1;9;6;4;8;5;3;5;2;6;1;0;Software Engineer
6;1;5;5;5;3;9;4;0;0;5;5;8;2;2;3;1;9;2;5;UI/UX Designer
1;3;9;1;4;8;9;3;1;8;9;6;4;2;8;6;3;3;8;5;Machine Learning Engineer
6;4;1;7;4;6;3;9;5;8;5;1;6;8;7;3;0;6;5;1;Mobile App Developer
3;4;5;6;1;0;3;9;6;2;8;0;8;5;9;7;6;1;0;6;Computer and Information Systems Manager
9;2;6;9;9;6;7;9;2;8;9;5;9;1;5;8;1;7;8;4;IT Consultant
1;8;6;5;1;2;8;9;3;2;1;9;5;5;8;4;5;4;9;6;Business Intelligence Analyst
1;8;9;9;3;8;1;2;5;1;9;2;3;8;6;4;4;6;6;2;IT Consultant
6;6;0;9;1;0;7;6;0;7;1;2;0;6;8;8;6;1;9;7;Computer and Information Systems Manager
1;7;6;1;6;9;6;1;8;4;9;2;6;9;2;4;7;0;5;5;Software Tester
6;5;8;6;3;9;3;0;4;6;0;2;6;6;6;9;9;6;9;3;Front End Developer
8;3;3;2;2;4;5;4;6;8;7;7;0;4;2;3;2;1;4;4;Computer and Information Research Scientist
5;7;6;2;3;3;3;8;2;6;5;1;7;3;6;5;2;0;8;0;Machine Learning Engineer
9;3;9;3;2;3;8;4;9;3;6;4;6;7;7;9;1;3;5;1;Technical Writer
2;3;1;5;8;1;9;6;9;9;9;9;9;1;4;3;8;6;4;7;Computer Network Architect
9;2;6;3;9;0;2;9;8;3;5;9;2;6;9;2;3;9;7;2;Network Administrator
8;2;2;1;8;0;6;4;9;3;9;7;1;0;8;8;5;5;1;1;Back End Developer
4;2;0;1;0;4;0;4;4;8;4;8;6;4;9;8;0;8;4;0;Technical Writer
7;5;1;8;5;0;2;2;0;8;7;4;1;7;6;1;7;2;8;5;Artificial Intelligence Engineer
8;3;4;1;7;7;5;1;0;9;1;5;3;9;9;1;4;9;3;7;Back End Developer
5;2;6;2;7;0;0;2;0;9;5;0;7;2;7;3;2;1;5;0;Blockchain Developer
6;7;6;6;0;2;9;2;9;8;6;0;1;3;7;4;8;6;5;0;Computer Systems Manager
7;8;2;0;9;5;1;0;5;7;3;3;2;8;9;6;0;5;5;0;Game Developer
8;3;7;2;1;4;6;4;5;7;1;8;7;4;8;6;6;5;2;3;IT Sales Professional
6;9;6;8;7;2;5;2;5;3;7;5;3;1;2;9;6;3;5;7;Full Stack Developer
5;0;1;6;0;5;7;4;1;8;9;0;8;7;7;8;0;6;8;0;IT Consultant
8;1;0;5;8;4;4;4;3;3;3;2;8;0;4;0;7;8;6;9;Computer Network Architect
2;8;1;9;9;5;1;1;8;5;4;1;5;0;1;8;5;8;1;6;Full Stack Developer
4;3;3;6;2;8;6;6;2;2;0;5;2;9;0;9;3;3;5;4;Embedded Systems Engineer
2;5;1;3;0;0;2;8;9;7;0;0;4;1;4;8;2;0;5;1;Computer and Information Systems Manager
5;2;2;1;7;6;2;9;8;0;1;9;6;6;3;4;7;6;1;7;Software Developer
2;0;8;8;7;5;2;3;6;2;6;8;0;6;6;8;9;4;2;6;Quality Assurance Engineer
8;9;1;3;6;8;0;4;5;6;3;5;5;3;6;5;4;1;2;5;Back End Developer
9;9;2;4;3;5;8;0;4;1;5;0;3;3;8;2;7;5;9;8;Artificial Intelligence Engineer
2;9;3;9;8;1;9;3;5;9;8;4;5;8;6;3;8;5;6;4;Artificial Intelligence Engineer
8;2;4;9;0;5;9;9;0;4;8;0;6;4;2;3;5;5;0;0;Game Developer
1;5;3;5;2;5;4;8;4;7;9;0;6;2;5;1;7;4;4;4;Blockchain Developer
6;3;5;4;9;9;7;4;2;5;0;4;1;9;8;9;6;6;5;1;Network Engineer
1;7;6;6;3;8;3;3;7;9;1;1;4;5;7;3;2;8;8;6;Research Scientist
4;8;5;8;1;5;4;1;9;6;3;3;1;6;1;1;4;0;8;9;IT Project Manager
0;9;7;6;0;5;4;2;9;2;1;7;1;6;6;5;5;9;0;5;Digital Marketing Specialist
3;9;5;8;0;2;0;5;7;2;8;3;6;6;7;0;5;2;8;7;IT Sales Professional
4;9;5;4;9;5;3;7;7;4;3;0;3;9;5;9;2;4;1;1;Technical Support Engineer
6;6;7;4;7;2;1;9;5;4;0;4;4;3;4;9;0;2;9;1;Machine Learning Engineer
1;2;9;8;7;0;1;5;0;0;0;3;1;9;0;9;3;0;8;0;Blockchain Developer
6;7;0;9;9;0;8;0;4;9;5;9;8;7;7;6;9;3;9;9;Network Administrator
4;1;5;7;1;6;8;2;2;3;5;4;5;8;0;0;9;8;8;0;IT Support Specialist
3;8;5;7;6;8;0;7;9;3;5;6;4;1;1;8;2;6;0;9;Web Developer
2;0;1;1;5;8;8;2;9;7;2;4;8;2;0;7;2;0;5;2;Blockchain Developer
5;5;5;6;3;7;2;1;4;1;7;4;6;5;9;8;2;6;2;4;Computer Hardware Engineer
6;7;4;9;1;4;2;7;1;1;5;0;9;7;5;4;4;4;9;4;Network Administrator
2;3;1;2;1;2;1;4;4;3;3;6;3;1;9;0;8;6;0;8;Quality Assurance Engineer
0;0;5;5;1;5;0;7;7;5;5;9;6;7;9;4;1;5;3;4;Software Engineer
5;2;5;8;9;7;9;0;1;0;5;6;7;3;0;9;5;6;1;0;Computer Systems Manager
7;5;2;7;6;3;0;0;1;8;7;3;5;6;7;1;5;3;3;1;Computer Systems Manager
0;6;4;6;0;6;2;0;5;9;5;8;4;2;7;1;5;5;5;6;IT Project Manager
3;1;5;4;8;3;8;7;6;9;2;7;0;7;0;6;8;6;1;3;Computer Programmer
4;1;9;8;1;3;1;3;2;3;4;7;8;2;6;1;9;3;0;4;UI/UX Designer
6;1;8;4;7;3;8;5;9;8;1;2;9;8;2;7;8;6;7;7;Software Tester
4;8;3;4;2;5;7;5;2;5;5;9;0;9;7;3;7;4;4;8;Front End Developer
6;3;9;7;1;3;0;6;4;5;7;9;1;0;6;9;7;0;6;9;Computer and Information Research Scientist
8;9;6;4;8;6;2;8;2;3;3;1;0;0;3;4;7;7;1;8;Embedded Systems Engineer
9;3;9;8;3;2;0;3;5;5;1;6;2;7;4;7;2;1;4;5;Embedded Systems Engineer
1;7;4;2;4;1;4;1;5;9;6;8;3;4;8;9;4;0;6;1;Cloud Architect
7;4;4;3;5;4;9;8;6;4;6;8;1;8;6;3;1;1;0;4;Software Developer
8;4;1;9;4;0;5;5;6;0;5;3;8;4;8;4;8;4;6;2;Software Engineer
4;8;1;4;1;1;2;2;9;0;5;2;5;2;6;8;4;1;2;0;Digital Marketing Specialist
6;3;3;3;5;0;0;1;3;4;9;5;6;8;0;2;5;9;5;1;Software Engineer
3;8;4;2;7;5;7;0;8;7;8;9;9;1;9;2;7;7;3;0;UI/UX Designer
3;1;5;6;9;7;5;8;1;3;4;0;2;6;4;9;6;5;0;3;Front End Developer
9;8;9;9;9;7;5;3;5;1;2;0;0;0;3;1;9;0;6;2;Software Tester
1;3;9;8;2;8;7;5;7;7;5;9;7;4;9;5;5;7;4;9;Database Administrator
9;2;1;6;4;6;8;8;4;3;6;0;0;8;1;0;9;6;2;7;Digital Marketing Specialist
4;5;4;2;0;7;6;4;8;3;8;1;2;7;7;3;0;7;4;0;IT Project Manager
2;2;1;7;5;4;2;1;5;7;8;5;1;1;7;8;0;3;6;5;Mobile App Developer
6;9;9;5;0;5;7;0;0;3;1;1;6;0;6;4;8;1;8;5;Full Stack Developer
0;4;2;3;1;8;0;0;8;4;2;3;7;2;7;8;9;1;1;3;Blockchain Developer
3;6;7;2;7;8;2;8;5;1;1;7;1;7;2;9;1;6;7;7;Technical Writer
3;1;0;7;5;5;7;6;6;1;3;2;4;4;5;3;2;6;4;2;Full Stack Developer
9;4;2;3;4;2;4;2;9;2;2;7;9;0;8;5;6;5;3;4;Network Engineer
9;1;7;2;1;3;7;0;5;7;2;8;3;7;6;1;6;4;2;7;Software Engineer
0;6;9;6;1;3;7;5;3;6;6;3;8;8;8;6;1;6;4;6;Blockchain Developer
8;3;4;2;9;7;8;1;6;7;6;8;4;7;7;6;9;2;7;1;Computer and Information Research Scientist
1;8;0;6;8;7;0;5;6;8;6;9;0;5;5;1;8;9;0;8;Computer Hardware Engineer
4;8;7;3;7;9;2;3;8;9;9;9;5;5;1;8;2;5;0;1;Cloud Architect
0;0;3;2;1;4;5;4;4;9;6;1;7;9;6;4;1;3;5;4;Network Administrator
8;2;9;9;9;3;8;3;3;9;8;9;0;8;3;9;3;8;3;3;Software Engineer
2;9;2;9;3;0;3;8;8;7;3;0;0;7;2;7;9;8;5;0;Blockchain Developer
8;1;8;7;0;2;8;5;9;1;0;4;5;4;3;0;4;7;7;7;IT Sales Professional
5;4;4;0;3;9;6;4;8;0;8;7;8;5;8;3;1;4;1;1;Computer Systems Analyst
1;2;0;8;1;2;2;9;4;3;5;9;8;8;1;7;1;5;8;3;Network Administrator
0;4;7;7;8;8;9;6;7;6;1;3;9;7;2;2;5;0;1;2;Quality Assurance Engineer
9;6;3;0;9;5;7;8;0;3;2;2;3;2;8;8;8;4;4;2;Game Developer
3;3;8;6;2;0;8;7;8;8;9;7;0;5;2;3;5;2;3;1;Network Engineer
1;0;2;1;0;6;4;3;7;8;8;1;4;2;4;9;2;1;8;8;Software Tester
8;6;5;2;7;9;2;9;1;5;2;0;3;9;1;3;9;5;8;3;Computer Systems Analyst
7;3;7;7;8;7;6;6;0;2;2;2;1;1;1;4;0;5;9;4;Artificial Intelligence Engineer
2;6;9;2;3;6;4;0;5;9;2;2;0;6;8;0;3;3;8;0;IT Project Manager
9;5;0;7;9;1;6;9;2;9;4;2;2;1;5;7;6;4;4;0;Front End Developer
3;6;6;3;5;5;7;0;1;0;2;6;8;4;8;9;6;9;8;3;Network Engineer
1;5;8;5;1;8;9;9;8;9;6;6;7;5;9;7;3;8;3;1;Computer Network Architect
6;3;9;7;8;1;5;9;1;2;4;8;7;3;9;9;4;2;7;4;Machine Learning Engineer
1;0;5;0;5;3;7;1;3;0;8;4;5;1;6;9;5;4;3;1;UI/UX Designer
5;7;5;9;3;1;7;0;2;0;7;5;7;8;2;9;0;6;6;3;DevOps Engineer
5;6;2;8;8;6;0;2;4;9;7;5;7;6;1;9;2;2;0;5;Research Scientist
6;6;4;8;2;4;5;6;8;9;0;8;7;1;9;2;7;3;4;6;Computer Systems Analyst
1;9;7;2;0;3;4;5;9;2;6;7;3;0;1;2;4;7;8;4;Software Engineer
8;8;4;4;2;8;9;8;7;1;4;3;8;8;5;4;0;8;9;3;Full Stack Developer
8;2;2;8;8;3;3;3;9;6;7;4;7;8;6;8;6;7;3;1;Computer Systems Analyst
6;5;5;8;5;9;3;2;4;2;9;0;1;9;7;5;2;0;0;0;Business Intelligence Analyst
8;9;8;9;9;0;3;6;8;8;1;0;5;4;4;8;1;2;0;1;Technical Support Engineer
4;5;0;6;0;3;6;7;1;2;2;6;4;8;7;2;3;5;3;9;Quality Assurance Engineer
8;8;3;2;1;1;4;2;7;3;0;4;3;9;9;5;4;9;3;2;Business Intelligence Analyst
3;0;2;0;8;2;8;9;1;8;3;8;4;7;7;7;2;4;0;2;Technical Writer
9;9;6;6;0;4;5;4;5;4;4;7;0;3;7;5;9;5;1;8;Software Tester
6;8;8;5;3;0;4;4;0;6;2;7;7;9;9;5;3;5;5;6;Data Scientist
6;1;8;6;0;9;7;8;3;3;8;8;3;9;4;9;5;3;9;9;Software Developer
2;3;9;3;1;6;8;4;1;0;2;5;9;9;9;3;1;9;3;4;Technical Support Engineer
6;7;0;4;1;3;6;2;3;3;8;9;1;1;2;7;8;6;9;4;Cybersecurity Analyst
6;6;3;2;4;5;4;2;0;4;7;5;7;6;9;6;5;1;3;3;Research Scientist
1;8;4;9;9;5;5;8;8;1;6;3;4;9;5;6;6;3;7;1;Computer Programmer
0;3;4;9;3;1;6;2;8;7;4;8;2;7;1;9;0;3;0;8;Computer and Information Systems Manager
7;5;5;9;2;4;6;4;9;8;8;5;1;3;9;1;1;8;7;0;Computer Science Teacher
0;1;9;6;2;7;0;9;0;9;7;2;5;4;0;9;6;7;1;0;Cybersecurity Analyst
2;2;7;0;5;3;2;6;2;3;8;1;3;5;3;8;8;9;5;1;Database Administrator
8;6;6;6;7;4;1;7;3;8;7;3;9;8;8;7;5;8;1;3;Blockchain Developer
7;1;4;1;2;5;9;8;9;9;3;5;6;2;1;6;6;0;5;8;IT Sales Professional
6;5;8;0;8;2;2;1;8;1;6;9;9;9;2;3;5;5;6;3;Embedded Systems Engineer
1;2;6;7;3;0;6;7;6;8;6;4;4;2;6;2;3;4;7;1;Computer Systems Manager
2;6;8;7;3;9;4;2;6;0;8;3;6;0;9;1;8;9;8;5;Technical Writer
8;3;6;0;7;2;8;0;3;5;8;7;1;7;1;8;1;6;3;7;Back End Developer
6;0;4;2;2;5;1;3;9;3;8;7;4;4;6;3;5;3;3;8;Computer and Information Research Scientist
4;7;7;2;2;9;6;7;6;3;9;1;5;2;4;4;8;3;7;5;Computer and Information Research Scientist
2;9;3;9;9;6;2;2;1;2;1;3;5;2;3;1;6;9;7;6;Computer Systems Manager
1;8;9;7;1;0;5;3;8;6;4;5;4;1;2;9;8;9;5;5;Web Developer
9;3;7;2;4;3;0;7;6;5;9;9;3;0;1;9;0;3;4;8;Game Developer
1;2;4;5;5;7;3;6;1;6;4;8;7;6;9;2;9;3;3;4;UI/UX Designer
2;9;9;9;5;3;3;2;3;9;6;9;2;4;9;0;6;9;4;4;Artificial Intelligence Engineer
6;3;9;1;5;1;8;2;1;8;0;5;7;9;0;7;7;7;2;5;Game Developer
3;3;5;8;5;0;8;4;2;6;3;7;5;7;4;0;7;5;7;5;DevOps Engineer
8;4;2;7;4;7;1;4;8;0;5;7;2;4;9;9;2;0;6;4;IT Consultant
2;9;7;1;6;5;6;2;8;6;4;5;7;7;5;8;1;2;7;0;Digital Marketing Specialist
6;2;2;9;6;8;0;1;3;4;2;8;9;1;1;7;7;3;8;8;Computer Systems Manager
6;8;9;2;6;9;7;4;6;5;9;5;3;7;0;8;9;2;0;6;Digital Marketing Specialist
9;7;2;1;0;1;8;5;4;9;1;0;1;4;0;9;7;4;3;8;Blockchain Developer
2;1;2;6;0;0;5;9;9;1;8;4;7;4;6;2;8;4;4;4;Mobile App Developer
0;6;1;4;7;2;4;4;0;9;3;5;7;5;8;6;6;2;0;5;Research Scientist
8;0;4;4;6;7;6;7;7;3;6;5;3;1;3;2;7;9;5;3;Quality Assurance Engineer
1;7;6;2;8;9;9;5;7;4;0;3;8;8;5;2;4;7;6;9;Computer Hardware Engineer
7;3;4;6;1;6;0;5;4;3;5;0;9;9;3;9;8;4;8;5;Database Administrator
7;2;4;7;3;0;0;3;0;2;3;2;3;8;2;6;9;8;4;6;UI/UX Designer
7;2;5;3;4;5;1;6;7;4;8;0;6;0;2;5;8;3;2;8;Network Administrator
5;9;4;6;6;2;0;4;7;0;2;9;8;5;3;9;5;2;4;9;Computer Systems Manager
8;9;8;3;5;1;4;1;0;3;7;7;6;5;3;7;7;8;2;6;Front End Developer
0;4;9;9;8;4;5;9;4;6;9;7;7;7;0;4;9;6;3;6;IT Support Specialist
3;3;4;5;4;0;5;9;3;3;6;6;5;0;6;7;2;3;8;7;Computer Network Architect
9;5;4;1;8;8;1;0;4;2;7;0;3;3;8;4;9;2;3;1;Back End Developer
4;7;1;6;0;1;1;8;2;4;2;7;5;8;7;5;9;7;1;5;Software Engineer
5;9;0;7;3;7;5;7;1;4;8;7;5;7;0;9;7;4;9;2;DevOps Engineer
7;9;4;9;2;1;2;3;3;4;1;0;8;7;5;8;0;3;2;9;Blockchain Developer
7;7;0;4;1;2;9;8;3;2;5;3;7;1;2;3;3;4;8;2;Computer Programmer
7;2;8;0;7;5;1;5;8;4;9;5;0;9;2;4;5;9;5;8;Blockchain Developer
7;2;5;9;3;0;1;0;2;7;9;2;9;4;7;6;7;7;4;7;Software Engineer
7;1;5;2;9;2;3;2;2;8;9;3;3;5;1;7;8;2;2;7;Research Scientist
0;2;2;7;7;2;8;3;3;3;9;5;2;6;0;4;0;2;8;3;Computer Programmer
2;5;3;8;3;6;9;2;0;9;7;6;5;8;1;0;4;7;8;4;Cybersecurity Analyst
1;1;5;7;1;1;4;6;2;1;5;3;1;7;9;6;8;7;5;1;Digital Marketing Specialist
7;0;9;2;6;3;1;6;9;6;3;1;3;2;4;4;8;6;1;3;Blockchain Developer
6;3;3;9;6;5;9;1;7;6;7;0;3;5;5;6;0;8;5;9;Computer and Information Research Scientist
8;9;1;9;4;8;4;2;0;9;3;0;8;5;6;2;8;7;3;4;Front End Developer
8;6;3;6;0;5;4;6;5;7;5;6;9;3;0;2;1;5;8;9;UI/UX Designer
2;8;2;5;3;2;7;2;8;2;2;2;5;1;0;6;5;5;3;9;DevOps Engineer
9;5;3;4;3;5;0;0;4;1;5;4;2;6;6;2;7;7;2;3;Machine Learning Engineer
0;1;7;2;7;5;5;5;6;9;3;4;2;1;4;1;7;2;5;1;Systems Analyst
7;3;8;2;7;8;5;1;4;0;0;0;2;4;2;1;3;7;8;3;DevOps Engineer
4;7;9;0;2;7;3;5;1;5;9;8;4;5;9;1;9;7;5;1;Software Engineer
1;5;0;2;1;3;4;5;0;5;0;3;0;7;7;6;8;1;0;0;Computer Systems Analyst
7;6;4;8;7;3;0;0;0;7;2;8;5;7;4;4;5;5;5;4;IT Support Specialist
9;2;3;4;0;7;5;0;0;9;7;6;4;0;9;3;1;5;6;1;IT Sales Professional
3;9;7;4;2;5;8;1;1;9;9;8;0;3;1;8;1;2;8;2;Network Administrator
4;7;0;5;3;3;8;9;3;0;6;4;2;7;9;1;2;7;8;8;Digital Marketing Specialist
1;6;8;3;6;3;2;2;0;1;2;9;9;6;0;7;9;9;9;3;IT Consultant
6;7;2;0;3;2;6;2;6;1;5;2;8;4;3;4;1;4;3;4;Research Scientist
7;0;7;4;4;9;9;3;2;3;8;4;4;6;4;0;9;3;6;5;Research Scientist
9;9;6;1;5;7;5;0;6;9;6;0;3;0;7;1;4;6;0;9;Cloud Architect
4;1;9;6;5;6;6;4;5;5;2;4;6;9;9;0;6;3;9;2;UI/UX Designer
0;5;5;3;7;4;3;0;8;6;6;1;4;8;8;5;0;4;1;4;Computer Systems Analyst
9;7;7;5;2;5;6;1;2;6;7;8;2;3;1;9;5;6;0;5;IT Support Specialist
2;6;3;3;9;8;9;2;4;2;4;9;1;9;5;9;2;1;1;5;Digital Marketing Specialist
4;5;7;4;5;7;5;2;9;5;6;5;6;7;6;2;8;9;8;2;Business Intelligence Analyst
7;3;3;0;7;9;1;8;0;7;4;3;1;7;8;4;4;5;4;3;Blockchain Developer
5;0;1;2;4;8;0;0;5;2;6;2;4;4;3;8;2;3;0;0;Computer Programmer
1;6;8;8;9;4;5;9;1;9;8;1;8;7;7;5;7;7;7;4;IT Support Specialist
6;8;1;3;6;5;1;2;5;7;8;2;9;3;0;1;1;7;6;3;Digital Marketing Specialist
4;2;7;4;3;7;5;7;8;6;0;5;0;4;6;2;5;6;1;1;Artificial Intelligence Engineer
2;4;3;2;6;5;8;4;7;3;9;1;4;8;5;7;1;1;1;6;Computer Science Teacher
9;9;8;7;8;8;6;3;2;1;1;2;0;3;1;3;1;1;2;2;Business Intelligence Analyst
0;6;7;2;3;8;2;5;2;5;5;9;2;1;6;2;3;6;0;6;Game Developer
8;1;6;1;0;5;3;2;6;2;7;7;4;7;0;6;9;5;1;9;Mobile App Developer
9;6;9;0;1;2;1;0;5;7;3;5;8;4;8;5;8;0;9;9;Software Tester
3;8;3;9;0;8;3;1;2;9;9;8;5;9;2;8;0;8;6;8;Systems Analyst
6;5;7;0;5;1;8;5;3;3;2;4;3;7;6;8;9;0;4;8;Embedded Systems Engineer
1;3;8;4;5;0;5;8;5;1;4;8;6;8;8;5;1;2;5;4;Back End Developer
8;4;9;7;4;5;6;8;2;4;0;8;5;7;6;6;0;5;5;8;Computer Science Teacher
1;8;0;9;2;9;4;7;0;7;6;2;8;8;6;2;4;9;2;1;Embedded Systems Engineer
2;8;4;1;2;5;5;4;7;4;2;1;6;1;6;8;6;7;4;9;Web Developer
7;6;2;5;0;8;2;7;9;8;6;1;3;1;5;1;7;4;9;7;Computer Hardware Engineer
3;4;6;8;1;0;8;5;6;8;9;5;2;7;3;4;7;2;3;1;DevOps Engineer
2;9;8;7;9;8;1;6;7;2;8;2;0;9;4;2;8;4;6;7;Database Administrator
3;7;5;0;7;1;0;6;1;4;6;8;6;7;8;9;0;8;6;7;Machine Learning Engineer
1;3;0;1;4;5;6;0;9;8;9;4;6;8;9;4;6;5;3;7;Digital Marketing Specialist
9;3;0;9;4;2;6;1;2;1;8;2;1;0;9;0;7;2;5;2;IT Project Manager
9;0;9;4;2;2;8;7;7;8;7;3;3;5;3;7;0;0;3;3;Software Developer
3;5;1;7;6;3;2;8;4;3;1;9;2;5;7;8;1;0;3;1;Technical Support Engineer
1;1;1;8;4;4;5;9;2;2;9;3;6;0;6;5;9;9;3;7;Technical Support Engineer
2;2;0;9;9;5;2;6;0;7;3;7;5;5;4;6;0;1;2;7;Research Scientist
3;7;8;7;4;9;8;8;5;6;9;3;5;0;0;8;0;7;5;6;Research Scientist
3;3;4;4;0;0;2;5;5;9;5;2;1;8;6;4;0;6;8;1;Software Engineer
4;3;5;4;5;9;3;9;6;8;2;2;6;7;5;9;4;3;7;5;Mobile App Developer
6;7;6;5;7;2;2;8;0;7;6;4;5;2;3;9;9;3;0;8;Computer Systems Analyst
2;3;8;8;8;2;9;3;0;0;1;0;4;8;0;9;5;9;1;6;Network Administrator
9;0;0;1;4;4;7;9;9;0;2;7;1;4;5;2;4;8;4;6;Machine Learning Engineer
1;5;7;4;8;1;2;1;1;2;8;2;1;1;9;7;5;6;5;1;Game Developer
7;4;1;8;5;2;6;8;6;4;9;0;5;9;3;5;5;0;9;5;Full Stack Developer
0;3;0;1;5;3;0;4;7;4;2;1;9;9;0;1;4;5;1;1;DevOps Engineer
8;3;7;5;1;5;2;2;7;7;8;9;0;9;1;7;4;4;4;0;Software Tester
7;2;7;8;4;2;1;0;6;6;1;7;1;8;2;5;1;5;2;8;Data Scientist
1;0;4;5;1;0;1;4;4;8;0;0;4;9;1;9;1;0;5;7;Computer Network Architect
0;8;4;7;6;9;7;0;1;3;5;0;4;6;1;6;4;9;4;7;Back End Developer
8;6;5;4;8;5;0;3;1;0;5;3;6;2;8;1;2;3;4;5;IT Support Specialist
3;2;4;8;5;2;9;9;5;5;6;0;7;5;2;9;5;3;1;8;Technical Support Engineer
1;3;1;6;2;9;3;6;5;1;5;8;8;5;6;1;4;9;9;6;Software Tester
1;4;9;9;1;4;7;9;6;1;8;9;1;8;6;0;9;8;2;0;Game Developer
9;0;2;9;8;2;6;7;1;7;6;3;5;7;4;5;2;0;3;5;IT Project Manager
7;5;1;6;9;5;5;0;2;8;3;4;7;6;1;4;5;8;9;0;Research Scientist
8;2;8;6;3;1;8;3;4;9;8;5;3;2;3;5;5;6;8;3;Software Tester
3;4;1;2;5;4;2;7;5;4;6;6;5;4;7;5;0;4;1;7;Computer Science Teacher
2;2;0;4;9;7;6;7;6;2;6;7;7;8;3;7;6;6;2;1;Software Tester
6;0;9;0;7;5;9;9;1;2;1;5;0;5;0;4;0;2;9;4;IT Project Manager
7;9;9;8;4;8;6;4;5;4;4;8;2;1;7;0;7;8;6;5;DevOps Engineer
9;3;6;0;3;3;4;7;5;0;6;5;6;3;6;6;5;0;1;6;Back End Developer
9;9;1;4;8;2;7;8;6;6;0;2;9;8;7;1;3;3;1;7;Cloud Architect
3;9;6;3;1;1;0;6;8;5;1;8;4;0;8;4;8;2;8;2;IT Support Specialist
5;3;3;9;4;0;7;1;2;6;8;9;0;1;3;4;0;4;7;3;Computer and Information Systems Manager
7;8;9;9;6;3;5;9;8;8;8;5;9;6;4;5;4;3;1;9;Network Administrator
8;3;7;4;8;9;7;8;4;1;8;5;1;8;3;5;5;3;8;4;UI/UX Designer
1;3;2;2;6;1;4;3;7;9;0;1;7;0;8;3;3;5;8;2;Cybersecurity Analyst
9;2;6;7;5;4;7;4;3;7;0;6;1;2;3;6;1;9;7;2;IT Sales Professional
0;4;1;9;6;0;0;3;9;1;9;3;9;2;7;4;0;6;6;2;Embedded Systems Engineer
8;9;0;6;9;8;3;3;7;9;5;6;3;4;6;0;1;6;3;7;IT Consultant
6;2;7;2;8;1;9;4;2;3;3;8;2;5;5;4;2;5;7;7;Network Engineer
2;0;9;0;1;6;2;6;5;7;3;8;3;6;4;7;9;5;2;1;Game Developer
4;2;8;3;7;6;7;5;2;3;5;4;4;6;6;9;0;4;4;9;Full Stack Developer
4;6;6;6;0;3;1;2;0;0;8;4;3;9;0;9;8;9;1;3;Computer Science Teacher
2;4;7;0;8;0;3;7;8;3;9;6;5;3;5;8;2;7;8;0;UI/UX Designer
0;1;5;8;8;1;3;2;6;6;1;5;0;5;7;0;1;2;5;7;UI/UX Designer
9;6;8;4;1;8;1;4;0;7;3;5;5;9;9;0;6;5;7;6;Computer Systems Analyst
7;6;7;1;4;0;7;6;7;6;0;4;4;4;1;0;3;6;7;0;Blockchain Developer
2;3;9;5;0;2;8;4;2;9;4;0;8;3;3;2;9;7;8;2;Computer Network Architect
2;5;9;0;8;1;3;9;2;3;1;1;4;1;3;1;2;7;4;8;IT Sales Professional
0;3;3;0;0;2;5;4;5;5;7;7;0;8;7;1;6;7;6;3;Research Scientist
7;6;0;3;7;7;0;7;6;7;2;1;0;2;6;6;4;9;3;4;Web Developer
4;5;8;9;9;0;3;6;9;4;5;8;2;7;7;0;0;3;8;6;Cloud Architect
4;0;8;1;5;7;6;6;8;7;9;8;1;2;2;2;6;0;3;0;Computer Network Architect
9;2;4;9;9;9;0;4;1;2;5;5;1;0;7;8;6;7;7;3;Software Developer
9;3;8;3;2;3;2;9;7;0;2;0;5;3;0;6;8;3;7;9;Artificial Intelligence Engineer
5;9;9;1;6;9;6;3;0;5;6;7;4;9;7;6;8;7;9;3;Computer and Information Research Scientist
1;4;7;4;6;7;6;7;2;4;2;4;4;1;6;6;9;5;0;5;Technical Support Engineer
5;0;4;1;5;9;3;1;2;6;5;5;9;8;9;0;8;7;8;6;Computer Science Teacher
1;0;9;0;3;0;5;3;3;8;2;8;4;1;9;5;9;2;5;6;Computer Network Architect
4;3;5;3;4;0;4;7;2;4;8;1;2;1;2;3;7;5;9;4;Software Engineer
7;1;5;6;7;4;3;1;3;0;1;3;7;3;1;5;3;0;9;8;Mobile App Developer
2;4;8;9;8;8;1;1;8;5;3;8;0;5;0;9;8;2;3;5;IT Project Manager
2;9;7;9;4;8;3;2;0;4;5;2;3;2;7;5;9;1;7;1;DevOps Engineer
7;0;6;3;8;6;9;1;1;1;4;5;7;8;4;1;4;5;9;4;Back End Developer
5;8;2;4;7;4;3;2;9;0;0;2;6;2;7;2;0;8;9;1;Mobile App Developer
1;3;5;7;0;4;2;0;0;6;8;0;4;2;7;4;6;7;5;7;Computer Science Teacher
6;7;7;4;3;9;0;1;6;9;6;1;7;9;4;1;5;8;0;9;Full Stack Developer
8;2;5;8;6;0;7;3;4;8;6;7;0;3;9;6;3;9;0;0;Computer Science Teacher
3;0;9;4;9;0;2;1;2;8;0;7;8;6;4;8;5;9;3;2;UI/UX Designer
4;3;2;7;2;0;8;8;4;7;7;6;6;9;3;0;3;8;0;2;Artificial Intelligence Engineer
1;4;2;6;9;7;0;1;9;9;0;5;4;7;3;3;6;0;8;7;Quality Assurance Engineer
4;8;2;2;4;7;7;1;0;6;3;9;2;4;7;0;7;2;2;4;Computer Network Architect
3;8;7;8;1;2;0;5;3;2;1;3;6;8;9;6;5;1;0;4;DevOps Engineer
0;8;8;8;5;0;0;4;2;2;1;6;5;6;7;0;8;8;3;0;Mobile App Developer
4;8;0;5;1;7;3;2;3;2;2;4;5;4;1;2;7;3;8;4;Front End Developer
9;6;4;4;8;8;3;1;9;1;3;6;6;5;6;3;0;9;7;2;Mobile App Developer
8;1;3;4;0;0;1;9;7;1;6;3;1;5;5;9;1;7;2;2;Business Intelligence Analyst
1;0;5;9;3;8;6;0;6;9;1;5;1;1;1;0;3;0;8;4;DevOps Engineer
8;6;5;3;7;1;9;7;9;5;8;0;1;6;9;6;1;1;6;6;Web Developer
6;6;5;3;6;4;9;9;1;7;7;1;3;7;9;5;4;3;6;0;Computer and Information Systems Manager
3;4;1;8;6;6;5;1;1;2;0;0;9;1;9;4;5;4;3;9;Web Developer
0;6;1;4;0;4;8;4;6;1;4;0;7;0;3;7;3;2;9;2;Software Tester
2;1;6;7;5;8;4;4;2;7;8;9;3;5;5;2;5;0;3;5;Systems Analyst
2;3;8;2;9;4;6;9;5;1;7;9;1;9;9;1;6;0;4;1;Embedded Systems Engineer
6;0;5;0;0;0;9;7;6;9;8;7;5;8;0;6;1;0;7;7;Computer and Information Research Scientist
1;4;4;0;5;0;8;7;4;4;0;3;9;3;9;9;0;2;9;9;IT Project Manager
2;3;1;6;3;6;3;1;3;8;2;2;0;3;5;8;0;2;3;6;Computer Systems Manager
9;9;6;2;6;4;1;5;9;4;7;2;7;5;6;5;1;7;6;4;DevOps Engineer
5;3;5;5;5;6;2;6;9;5;5;1;8;7;9;4;2;7;2;6;IT Project Manager
6;7;3;7;5;0;1;4;4;4;2;6;2;2;6;6;0;9;6;1;Business Intelligence Analyst
4;1;3;5;1;7;6;7;7;8;5;0;1;6;9;7;6;4;6;3;Mobile App Developer
2;2;1;3;3;4;1;0;0;1;8;1;7;5;2;1;1;8;1;0;IT Support Specialist
9;2;7;2;0;0;0;5;3;7;6;7;1;9;6;4;7;2;1;5;Digital Marketing Specialist
2;5;1;0;3;0;1;9;9;0;4;2;8;0;0;9;4;6;8;4;Network Administrator
3;0;1;6;1;5;4;8;2;9;8;9;1;7;1;4;0;8;2;2;Research Scientist
2;5;6;1;7;5;8;7;7;4;7;7;4;2;0;1;2;4;6;6;IT Sales Professional
3;6;8;1;8;2;7;9;2;4;2;1;0;7;3;1;6;9;4;8;IT Project Manager
9;2;1;0;9;7;7;1;7;6;4;8;6;7;4;2;1;2;1;3;UI/UX Designer
3;4;5;4;8;6;9;0;5;0;4;4;6;6;4;4;0;1;7;4;Research Scientist
1;6;1;1;3;8;5;0;0;4;9;5;5;7;1;2;9;2;6;2;Computer Hardware Engineer
4;3;0;2;6;5;9;1;7;5;9;2;8;5;8;7;1;1;5;7;IT Consultant
5;1;2;8;4;6;6;2;1;7;0;1;9;7;0;8;5;8;7;2;Back End Developer
5;6;1;8;5;6;0;8;3;1;0;2;0;1;0;4;0;1;5;7;Blockchain Developer
2;6;7;7;6;3;0;7;3;4;1;6;2;1;8;7;1;5;8;8;Mobile App Developer
1;5;2;3;3;0;8;7;2;9;5;7;7;5;0;3;5;7;8;4;Computer Systems Manager
1;8;8;0;6;7;8;9;4;2;8;7;6;3;7;0;0;2;4;0;Computer Network Architect
4;6;5;6;0;4;7;4;6;0;7;2;4;6;4;0;4;5;0;4;Software Engineer
8;7;1;0;4;3;2;4;7;4;1;2;2;7;2;3;6;4;6;7;Technical Support Engineer
9;8;5;8;8;5;0;0;9;2;9;1;6;2;7;8;1;9;7;0;Technical Writer
2;3;7;5;8;3;2;0;6;8;3;3;6;9;9;3;8;5;3;4;Research Scientist
3;4;7;9;1;2;8;8;2;3;5;2;5;8;7;3;0;1;7;2;Cybersecurity Analyst
4;7;8;3;0;7;5;7;4;8;5;8;0;8;1;1;9;0;6;3;Network Engineer
7;2;2;1;0;7;9;8;2;1;5;6;3;9;6;6;2;1;6;7;Back End Developer
7;1;0;0;3;8;5;4;1;9;3;1;3;3;7;2;5;8;3;0;IT Sales Professional
4;3;9;7;8;1;1;6;2;1;8;0;3;0;5;1;9;5;9;2;Software Engineer
9;6;2;6;2;3;7;8;1;0;4;4;6;2;7;1;4;8;8;4;Mobile App Developer
5;2;6;8;5;5;1;1;2;2;7;8;9;0;4;7;3;3;6;0;Embedded Systems Engineer
3;9;7;8;3;2;7;3;1;6;1;7;2;1;1;4;5;7;9;2;Back End Developer
6;8;1;8;8;1;3;8;0;2;4;5;2;1;0;6;7;1;2;3;IT Consultant
8;9;5;0;3;4;3;1;2;2;5;5;7;4;3;2;3;9;8;7;Research Scientist
9;6;4;9;9;4;9;6;0;7;2;2;6;6;8;7;3;5;0;6;Digital Marketing Specialist
9;7;6;1;8;7;2;7;6;0;9;6;7;0;5;2;6;8;8;3;IT Project Manager
7;5;7;0;8;1;1;8;9;3;4;5;1;6;9;5;0;7;5;3;Game Developer
4;9;0;2;8;6;7;8;8;1;2;9;7;3;8;4;2;6;0;1;Business Intelligence Analyst
0;6;3;1;4;7;0;7;9;3;6;2;1;7;2;7;6;2;3;4;Software Developer
5;4;6;7;3;0;0;7;1;8;2;7;7;3;6;3;3;8;1;0;Software Tester
9;9;3;9;5;5;4;8;5;6;4;2;5;4;8;9;3;7;6;3;Software Tester
9;9;7;3;4;4;8;2;0;2;7;6;0;6;1;3;7;2;7;3;Blockchain Developer
5;4;5;9;2;1;1;7;9;2;6;2;7;1;8;8;7;8;5;7;Computer Programmer
5;7;2;3;5;6;4;1;1;2;2;2;1;8;5;7;8;7;3;8;Computer Hardware Engineer
4;6;1;3;0;1;2;1;6;0;2;2;0;1;2;8;7;2;1;6;IT Consultant
9;6;4;6;0;1;3;0;1;6;0;6;2;9;4;0;7;9;7;1;Front End Developer
0;6;3;4;4;9;7;2;1;2;3;2;1;8;6;6;9;6;6;0;Network Engineer
7;7;4;9;5;4;6;7;5;2;7;1;1;5;5;1;6;1;1;6;Digital Marketing Specialist
8;2;0;0;2;3;4;5;9;8;6;3;5;6;5;4;2;4;1;2;Web Developer
7;4;1;7;2;8;5;4;4;3;2;9;3;7;8;4;6;8;9;7;Data Scientist
2;5;2;0;1;2;4;3;7;3;4;3;7;2;5;8;9;9;5;1;Business Intelligence Analyst
3;6;4;9;0;7;5;0;4;5;8;3;3;8;0;1;2;7;7;6;Network Administrator
6;7;5;7;5;7;7;6;8;1;7;8;2;9;1;7;4;3;7;8;IT Project Manager
7;4;7;7;3;7;4;1;9;1;7;5;2;1;2;8;0;8;8;3;Digital Marketing Specialist
4;2;2;7;1;7;2;5;8;1;9;2;7;3;3;3;7;9;4;8;Game Developer
4;3;9;6;3;2;2;0;4;2;2;5;4;8;9;4;0;6;5;3;IT Sales Professional
6;4;4;5;3;2;4;3;7;3;7;6;2;2;1;5;5;1;1;7;Business Intelligence Analyst
3;4;8;9;6;5;7;1;2;5;3;3;6;3;7;1;6;0;7;8;Software Developer
8;6;5;4;6;5;2;9;6;3;0;1;7;9;0;2;0;6;1;3;DevOps Engineer
2;4;9;4;7;7;7;8;4;6;3;9;0;4;0;6;8;0;1;4;Software Engineer
9;8;4;4;2;2;7;3;1;2;9;5;2;8;8;8;1;0;1;0;Database Administrator
7;2;9;7;7;7;0;5;9;9;0;3;1;5;2;6;6;1;1;9;Systems Analyst
0;1;8;8;5;4;1;4;1;0;4;7;4;3;4;8;7;5;7;9;Computer Systems Analyst
1;8;4;8;5;8;0;6;4;1;9;1;8;0;1;6;9;8;3;2;Network Administrator
3;7;7;9;8;0;1;0;3;3;5;2;7;2;2;5;6;5;6;4;Front End Developer
6;6;1;4;2;4;9;2;2;7;1;3;9;6;2;9;4;3;7;4;Technical Writer
1;7;8;8;6;5;0;2;0;2;8;8;6;2;9;5;4;7;8;6;Computer Programmer
9;9;2;1;6;8;2;4;3;0;6;2;5;5;2;6;1;0;9;4;Software Developer
9;8;7;4;7;1;7;2;5;7;7;6;4;7;2;9;5;1;0;2;Computer and Information Research Scientist
3;3;9;7;0;0;7;0;9;0;3;9;8;4;5;2;7;4;1;5;DevOps Engineer
3;8;9;8;0;0;3;8;2;3;3;1;9;6;3;1;7;2;6;8;Cybersecurity Analyst
8;1;5;7;2;8;9;1;1;0;8;1;0;2;7;4;8;0;0;2;Software Tester
5;3;6;9;9;1;0;2;0;1;0;9;8;1;2;0;2;0;0;9;Digital Marketing Specialist
3;0;1;4;8;4;2;6;4;7;2;2;5;3;3;5;9;0;7;1;Computer Programmer
9;0;2;1;8;6;2;0;9;5;9;9;3;6;5;1;5;3;9;3;Computer Hardware Engineer
3;7;3;0;3;5;5;5;8;4;9;3;4;4;6;9;3;2;6;9;IT Project Manager
9;4;2;6;8;9;9;7;6;4;6;1;7;9;7;5;2;0;6;4;DevOps Engineer
1;5;3;2;8;3;6;3;3;4;3;2;6;7;9;4;8;7;3;1;UI/UX Designer
5;8;4;0;1;7;3;0;1;3;4;0;4;4;9;0;1;9;3;6;Digital Marketing Specialist
6;0;3;2;6;2;2;2;8;8;7;9;2;5;6;2;0;4;6;4;Network Engineer
9;6;0;2;4;0;8;8;2;8;6;3;8;9;5;6;7;6;3;6;Systems Analyst
6;2;3;2;9;8;5;4;7;5;6;3;4;6;1;8;2;7;3;3;Data Scientist
6;5;0;1;4;1;8;6;8;7;0;8;5;4;9;8;0;4;0;6;IT Support Specialist
2;3;7;8;9;2;5;1;0;9;6;2;2;4;2;6;4;5;3;4;Computer Network Architect
5;1;7;0;1;0;8;6;8;1;8;8;1;5;9;1;7;2;6;8;Artificial Intelligence Engineer
0;1;9;9;4;9;2;3;5;7;0;2;2;8;9;2;7;4;6;8;Digital Marketing Specialist
1;6;3;1;4;3;3;1;5;9;8;1;5;5;7;4;7;5;0;5;Full Stack Developer
7;6;4;2;2;4;3;9;2;6;8;7;0;6;1;7;0;8;0;8;Systems Analyst
3;8;2;4;7;0;8;4;5;8;3;1;6;4;0;3;1;1;7;8;Embedded Systems Engineer
1;0;2;0;1;2;6;4;4;4;8;0;0;4;6;9;9;5;7;9;DevOps Engineer
9;8;5;3;3;5;7;7;7;9;3;2;1;7;4;6;8;5;1;7;Data Scientist
3;7;7;6;3;9;8;4;0;8;1;1;0;1;3;3;8;8;7;0;Computer Science Teacher
2;6;9;1;5;2;5;1;4;3;8;8;2;5;3;5;5;5;3;4;Computer Network Architect
4;5;8;7;5;5;2;4;5;5;9;4;0;5;0;7;4;5;8;4;DevOps Engineer
2;6;6;5;4;0;7;9;6;4;6;7;1;6;2;0;3;9;5;3;Digital Marketing Specialist
9;7;3;8;0;9;4;3;3;6;4;7;5;8;3;1;0;1;6;5;Research Scientist
2;3;6;7;5;9;0;4;1;3;3;7;3;8;8;2;3;5;5;9;IT Support Specialist
2;6;1;4;4;9;6;8;1;3;8;3;2;5;2;1;0;1;2;2;UI/UX Designer
5;0;9;5;6;9;8;3;4;7;4;6;7;5;2;3;3;4;1;6;Computer and Information Research Scientist
3;8;3;5;1;5;9;7;5;7;1;6;6;7;5;4;4;1;3;3;Blockchain Developer
6;4;7;8;7;1;5;3;9;6;8;7;8;7;8;8;7;6;5;3;Technical Support Engineer
4;0;1;0;1;7;0;5;6;9;6;8;0;6;6;0;4;0;8;9;Computer Systems Analyst
5;0;2;1;9;0;2;0;4;2;0;6;6;8;0;1;2;6;8;0;Front End Developer
5;3;0;4;6;3;4;1;4;5;9;5;2;7;4;2;0;0;0;1;Network Engineer
2;2;3;7;4;8;3;8;1;3;6;6;2;0;6;7;6;4;5;6;Cloud Architect
7;0;0;0;2;7;2;1;2;0;5;7;7;3;6;9;7;5;2;2;Game Developer
2;3;8;5;1;1;3;8;7;3;9;0;2;1;0;5;2;1;9;9;Computer Systems Manager
4;1;2;1;1;9;9;3;1;9;4;3;0;2;1;8;3;4;0;6;Embedded Systems Engineer
9;0;8;6;5;1;1;4;0;8;7;9;9;7;4;8;3;0;5;9;Software Developer
1;7;1;8;9;6;3;1;9;9;8;7;1;7;0;3;9;9;6;4;Computer and Information Systems Manager
4;5;9;0;3;4;9;2;3;5;8;1;1;2;2;7;1;9;1;7;Full Stack Developer
0;9;3;0;2;9;2;7;5;6;4;9;1;9;8;3;6;6;3;2;IT Sales Professional
2;7;7;1;5;3;6;3;8;4;9;6;1;3;5;3;2;1;7;9;Database Administrator
2;7;2;0;5;8;9;3;4;6;6;4;3;8;6;4;5;5;0;1;Research Scientist
9;9;0;8;5;5;4;5;7;2;7;3;2;2;5;6;4;9;3;9;IT Consultant
6;5;9;1;5;4;1;4;2;2;0;1;1;5;4;4;3;8;2;6;Systems Analyst
7;7;1;0;2;6;1;2;5;2;1;4;3;3;5;8;3;7;6;4;Web Developer
4;5;3;2;0;1;0;3;0;9;1;0;8;1;0;7;9;1;1;8;IT Consultant
2;7;9;5;3;4;6;8;9;7;7;4;7;2;9;9;6;2;3;6;Digital Marketing Specialist
3;2;9;6;0;0;6;7;6;1;5;7;9;7;4;4;9;9;0;1;DevOps Engineer
1;5;6;1;3;9;9;6;3;6;5;5;5;8;6;6;7;5;9;8;Network Engineer
0;5;4;5;5;0;5;5;7;2;2;5;1;9;1;6;5;3;8;7;Front End Developer
6;3;0;3;4;9;0;5;9;9;8;9;1;5;6;6;4;9;2;1;UI/UX Designer
5;6;6;1;2;0;3;3;4;0;4;9;2;0;9;0;2;5;5;9;Quality Assurance Engineer
4;2;7;3;2;1;4;3;6;4;3;9;2;2;0;2;4;9;6;1;Game Developer
7;2;8;0;0;7;2;0;3;1;1;3;7;4;8;1;5;2;7;8;Software Tester
5;3;6;2;6;6;2;5;6;3;3;0;5;1;3;7;4;3;6;3;Data Scientist
2;3;0;0;3;8;0;1;6;9;7;1;4;0;3;6;3;5;8;3;Computer Programmer
2;3;3;0;0;3;3;7;9;8;2;9;7;6;9;1;1;6;1;1;Computer Science Teacher
9;3;2;5;1;4;0;9;9;2;8;7;0;0;3;2;9;1;4;0;Mobile App Developer
1;6;8;6;6;0;1;6;8;1;9;6;6;8;5;0;7;0;3;7;Computer Systems Analyst
6;2;9;3;7;3;9;9;4;4;9;1;5;8;3;1;6;6;9;1;Computer Programmer
2;8;2;6;1;2;8;8;5;1;4;0;9;9;3;6;1;9;5;2;Cybersecurity Analyst
8;6;6;4;0;3;0;9;8;0;4;3;2;6;4;8;5;3;5;5;Artificial Intelligence Engineer
1;7;1;7;6;2;9;2;5;6;1;4;6;7;7;1;5;4;7;7;DevOps Engineer
6;9;9;1;4;4;4;3;3;4;7;7;8;7;9;2;8;2;1;6;Software Developer
7;2;9;6;4;9;0;5;8;6;4;1;1;8;6;8;6;5;3;0;Computer and Information Systems Manager
7;9;5;8;1;0;6;7;9;8;4;1;4;1;2;6;7;4;9;6;Database Administrator
4;9;9;8;2;0;9;7;8;1;0;3;6;8;5;7;0;8;0;2;Computer Hardware Engineer
7;8;0;5;9;0;1;1;2;9;8;6;8;9;7;2;4;8;3;4;Computer Hardware Engineer
1;9;9;0;5;1;9;7;2;7;3;7;9;2;4;0;4;7;8;5;Technical Support Engineer
2;7;3;7;3;7;2;8;9;1;1;5;2;0;9;8;8;7;8;6;Game Developer
8;0;2;4;4;7;4;1;3;6;5;4;2;2;8;0;2;1;3;0;IT Project Manager
4;6;9;0;0;5;4;4;1;7;2;4;1;3;3;6;3;4;3;6;Blockchain Developer
2;2;0;8;9;9;9;3;7;4;9;9;2;1;7;4;0;4;6;3;Front End Developer
8;7;6;2;7;1;2;7;6;0;0;1;1;0;6;9;6;7;9;4;Embedded Systems Engineer
9;7;4;7;0;6;7;3;8;7;7;9;0;1;9;8;3;5;7;7;Game Developer
1;6;9;9;4;8;7;0;9;6;2;1;5;1;0;4;0;1;4;1;Artificial Intelligence Engineer
5;9;7;0;4;1;7;3;0;7;8;7;5;9;9;2;8;3;4;3;Back End Developer
7;7;7;0;3;6;9;5;2;8;9;6;3;0;9;8;1;9;2;1;Cybersecurity Analyst
9;2;7;7;3;2;9;9;2;0;4;9;6;3;0;0;2;2;5;6;Software Tester
5;9;3;4;2;4;8;4;2;2;4;0;5;2;2;5;4;6;0;4;Blockchain Developer
4;7;1;7;0;6;4;5;3;2;8;9;6;3;8;6;6;9;5;8;Computer and Information Research Scientist
7;3;4;2;6;8;2;3;2;1;4;5;0;8;0;5;6;9;2;3;Systems Analyst
8;3;9;3;3;1;2;5;6;0;0;3;2;3;7;4;8;3;7;8;Mobile App Developer
8;4;7;6;7;5;2;3;0;3;7;4;6;6;1;2;4;3;7;2;Network Engineer
8;8;7;9;4;6;1;6;9;4;0;0;3;7;5;6;2;5;3;7;Front End Developer
5;3;7;5;4;3;3;0;9;1;2;9;9;6;0;6;5;0;9;0;Computer Systems Manager
8;9;4;7;2;3;0;9;7;4;0;8;1;1;9;3;0;1;7;6;Computer Systems Analyst
0;3;6;9;5;4;1;7;5;3;9;1;9;3;2;2;2;9;2;3;Database Administrator
6;2;2;8;6;4;5;4;9;9;1;9;0;9;2;6;3;9;7;4;IT Project Manager
9;5;1;0;9;5;0;8;6;3;8;1;5;1;7;4;2;5;2;7;Cloud Architect
6;1;7;3;9;9;5;4;6;3;5;9;1;4;7;2;3;8;9;8;Research Scientist
1;4;5;6;2;5;5;6;7;9;5;6;1;2;3;2;0;7;4;9;Computer Programmer
0;1;4;4;2;1;3;0;6;9;5;5;0;7;8;8;3;6;9;0;IT Project Manager
8;4;6;6;1;5;3;9;3;6;0;9;2;8;5;4;6;6;4;9;Artificial Intelligence Engineer
6;4;3;0;6;1;9;7;4;2;9;3;6;3;0;4;5;7;4;7;Mobile App Developer
6;2;9;8;8;3;0;0;7;0;1;4;9;6;2;5;5;8;5;3;Artificial Intelligence Engineer
3;2;2;5;6;9;1;3;0;3;9;7;5;0;0;0;3;0;7;4;Database Administrator
1;0;4;2;6;4;1;5;9;0;4;1;4;5;9;3;8;6;2;3;Game Developer
9;9;5;4;8;3;8;8;7;4;5;4;9;6;4;5;3;6;8;2;Research Scientist
1;4;0;5;5;3;2;1;6;6;5;5;9;3;9;1;5;4;9;7;Cloud Architect
7;6;7;5;8;5;4;5;8;1;8;8;0;4;1;3;7;3;3;1;Technical Writer
2;8;2;8;0;2;9;0;6;1;0;2;0;9;5;7;2;3;3;3;Quality Assurance Engineer
4;0;4;7;3;0;6;1;2;0;7;7;5;6;9;3;4;6;4;9;Network Engineer
8;1;9;8;6;9;7;6;4;5;9;8;0;1;3;4;1;6;2;1;Software Tester
8;1;8;0;5;2;9;0;9;7;1;0;9;1;1;0;5;5;8;0;Business Intelligence Analyst
9;9;7;0;3;9;8;8;9;9;5;2;5;9;9;9;1;5;8;4;IT Project Manager
0;4;2;3;3;0;1;9;6;9;0;2;5;1;7;8;1;7;9;2;Technical Support Engineer
7;8;8;4;3;2;7;4;7;8;5;3;8;9;3;2;6;4;4;8;Computer and Information Systems Manager
4;4;6;9;2;8;7;1;3;6;9;3;7;9;6;6;3;3;1;9;Mobile App Developer
2;0;1;0;1;3;0;1;8;6;4;4;8;5;1;5;6;5;1;0;Computer Science Teacher
8;6;0;3;7;8;4;5;0;9;6;1;7;2;6;3;2;6;1;5;Computer Systems Manager
3;8;6;7;6;2;7;0;9;4;0;3;3;4;7;0;0;5;4;2;Software Developer
0;1;6;2;7;3;8;1;9;2;7;6;4;2;7;1;6;7;9;3;IT Support Specialist
3;3;0;5;1;1;8;0;1;5;4;1;1;4;4;8;5;0;4;3;Network Engineer
8;1;4;7;7;5;8;6;8;2;9;8;0;1;5;4;7;7;6;4;Web Developer
5;7;8;1;9;9;1;3;2;2;5;9;4;4;3;3;9;7;3;0;Network Administrator
5;8;3;4;9;3;2;2;8;6;6;5;3;7;7;2;9;9;8;6;Game Developer
2;8;1;8;5;0;7;1;8;5;1;9;2;6;8;4;3;3;8;6;Computer Network Architect
0;6;9;2;1;2;8;1;5;4;4;9;6;7;8;6;4;4;2;1;Front End Developer
8;1;2;5;3;1;0;7;5;7;8;9;8;4;9;5;8;4;7;5;Computer and Information Research Scientist
4;8;4;8;5;3;1;7;9;4;2;7;9;7;5;1;5;8;4;8;Embedded Systems Engineer
2;5;5;0;6;9;2;3;2;6;7;7;5;5;6;6;2;1;0;5;Technical Writer
2;6;1;2;1;8;1;9;2;5;7;4;3;5;4;1;7;3;0;9;Technical Support Engineer
6;3;4;3;0;8;4;8;5;5;7;5;8;5;8;2;6;4;8;4;Data Scientist
8;6;9;9;8;9;2;6;3;1;9;6;4;8;3;1;5;0;5;7;Technical Support Engineer
3;9;1;0;1;5;9;2;2;1;4;1;0;1;6;9;5;0;3;4;Business Intelligence Analyst
3;5;7;1;6;0;0;0;9;9;7;7;2;7;6;8;6;8;1;5;Research Scientist
1;6;8;1;9;2;6;0;2;8;6;7;3;1;3;5;9;9;7;1;Research Scientist
5;0;6;9;0;1;5;8;6;7;9;7;5;9;5;1;3;6;7;8;Computer and Information Systems Manager
2;3;6;7;3;5;7;1;7;5;6;8;9;5;1;8;3;2;1;9;UI/UX Designer
9;8;9;3;7;7;8;7;4;6;9;0;7;6;8;7;0;6;0;0;Computer Hardware Engineer
0;2;9;5;3;5;3;1;4;7;3;0;6;1;5;6;1;7;6;1;Quality Assurance Engineer
3;8;8;6;5;5;8;7;9;1;7;4;8;5;2;3;7;5;1;0;Full Stack Developer
5;6;3;4;9;7;0;8;3;9;5;1;5;9;4;6;4;7;5;8;Quality Assurance Engineer
1;0;8;1;5;7;9;1;7;0;6;3;0;6;0;9;9;9;1;8;Game Developer
5;8;6;0;6;8;0;4;9;3;1;5;8;0;7;8;1;7;4;6;Digital Marketing Specialist
2;4;0;4;7;6;0;9;8;0;4;9;1;0;8;4;5;3;0;1;Software Tester
1;4;4;1;1;0;8;7;8;1;9;0;7;7;3;9;3;2;2;4;Data Scientist
9;3;2;2;3;7;1;9;8;6;7;7;7;3;6;5;5;7;7;1;Quality Assurance Engineer
4;7;5;9;4;6;7;0;2;7;3;0;9;3;3;1;2;8;8;2;IT Project Manager
6;9;6;5;4;8;6;2;7;7;7;1;2;7;7;3;4;3;3;1;Software Tester
1;8;4;1;9;6;9;0;5;3;6;8;0;2;0;4;0;9;2;2;Systems Analyst
2;1;9;7;7;8;0;1;6;4;0;0;0;5;0;0;6;5;0;7;IT Sales Professional
1;4;2;4;1;2;8;3;5;5;5;7;5;3;4;6;8;4;1;7;Artificial Intelligence Engineer
0;3;3;0;2;2;0;2;8;1;4;7;5;5;3;2;6;2;5;8;Full Stack Developer
4;6;3;0;6;5;6;0;5;6;9;2;2;6;9;1;2;1;2;6;Computer Science Teacher
8;7;1;6;3;4;8;2;1;9;8;1;5;9;5;8;3;4;4;4;Business Intelligence Analyst
4;6;3;0;5;2;3;5;3;5;6;2;6;9;9;2;2;4;1;1;Computer and Information Research Scientist
5;2;4;4;5;3;7;4;2;7;4;7;6;7;5;7;8;9;5;8;Cybersecurity Analyst
8;5;1;7;5;4;5;9;8;7;6;7;8;6;0;9;2;5;1;9;Software Developer
5;5;6;4;2;1;8;5;5;1;0;8;9;8;4;8;9;8;2;6;Digital Marketing Specialist
5;8;0;7;1;3;7;3;9;3;5;9;4;0;5;3;4;5;9;6;Systems Analyst
2;4;8;6;9;5;4;1;9;5;1;0;8;5;5;4;7;1;5;2;Software Developer
6;2;1;7;7;6;3;3;0;3;5;3;9;8;4;6;9;4;0;6;Front End Developer
1;6;5;7;6;2;5;9;6;2;0;2;9;9;4;1;5;9;9;7;Artificial Intelligence Engineer
0;4;7;4;1;5;9;2;1;2;7;9;2;2;5;1;4;1;9;2;Technical Support Engineer
2;6;6;2;3;1;6;8;0;4;3;4;3;4;7;0;4;3;1;3;Software Tester
6;3;5;3;6;6;0;0;6;8;9;1;7;2;8;4;9;1;4;2;Cloud Architect
4;3;7;2;2;6;0;0;5;3;1;0;9;2;5;7;2;0;9;8;IT Project Manager
9;9;8;3;7;3;3;7;2;4;9;7;0;1;2;8;4;8;5;1;Computer Hardware Engineer
8;5;8;6;9;7;2;6;9;3;8;0;8;0;1;3;3;4;8;1;Computer Hardware Engineer
7;4;5;3;3;7;6;2;7;2;3;1;3;5;3;3;4;0;1;7;Computer Science Teacher
8;5;3;9;3;7;8;7;4;3;8;6;7;6;2;2;7;4;5;8;Full Stack Developer
0;4;3;0;9;7;4;6;8;7;6;2;1;1;6;7;5;5;0;5;Data Scientist
0;0;0;7;8;9;9;6;1;9;1;1;5;4;8;6;3;4;7;1;IT Sales Professional
9;5;5;3;1;6;3;9;1;3;1;5;4;4;4;4;9;9;1;9;Computer Systems Manager
4;2;9;9;9;4;7;8;9;0;5;2;0;9;3;0;7;0;2;2;Machine Learning Engineer
6;3;2;9;8;6;8;7;7;8;5;7;7;6;4;5;8;4;3;8;Network Administrator
4;8;5;5;8;1;7;6;6;9;4;2;0;7;8;7;3;8;9;7;Front End Developer
1;5;9;0;6;8;3;4;7;8;7;1;1;5;2;9;4;5;5;8;IT Project Manager
2;7;2;0;2;8;6;7;5;3;9;2;5;8;2;0;7;9;5;2;IT Support Specialist
6;9;1;2;6;6;8;1;3;0;7;0;2;6;4;7;8;8;9;6;Front End Developer
0;1;1;4;3;1;5;0;2;5;0;4;1;9;6;5;3;6;3;0;Network Engineer
3;4;9;6;7;6;0;6;9;7;9;0;7;8;1;1;7;2;3;1;Software Tester
1;4;4;2;5;1;7;8;6;2;2;0;8;4;1;8;7;6;8;6;UI/UX Designer
8;1;7;1;3;6;6;7;2;6;2;0;0;4;1;2;8;1;0;4;Software Tester
2;5;0;6;7;4;7;5;4;4;9;9;5;7;7;0;2;5;2;0;DevOps Engineer
2;1;8;5;8;4;3;0;4;2;1;9;4;7;5;8;2;3;1;2;Technical Writer
4;4;6;5;4;1;9;2;5;9;1;8;4;3;2;9;7;2;4;4;DevOps Engineer
2;7;3;8;7;2;2;5;1;7;9;6;6;4;8;4;7;4;5;0;Database Administrator
0;3;6;9;7;7;3;4;4;4;5;8;0;2;0;4;9;6;3;1;Cloud Architect
5;9;1;9;3;3;8;9;3;8;8;2;8;6;4;0;7;6;4;3;IT Project Manager
6;6;5;1;8;1;0;1;1;9;6;4;9;9;8;9;5;5;4;8;Front End Developer
6;2;0;9;7;1;0;9;3;4;5;7;4;4;2;1;5;8;0;7;Database Administrator
8;3;5;4;8;3;0;7;9;5;0;7;2;2;6;0;2;4;9;2;Digital Marketing Specialist
6;3;3;7;3;1;5;6;4;9;9;2;8;9;2;5;0;3;8;1;Digital Marketing Specialist
9;2;5;9;2;8;9;7;2;8;6;1;3;9;5;6;0;9;2;5;Technical Writer
7;0;6;7;4;1;2;3;0;3;5;6;8;5;4;5;1;0;4;0;Digital Marketing Specialist
9;7;1;9;6;7;3;2;5;8;0;2;5;0;4;9;0;0;1;1;Software Engineer
9;7;7;2;9;0;6;1;6;4;9;1;5;5;8;7;0;5;8;7;IT Project Manager
4;4;2;4;2;2;4;9;9;9;9;2;1;4;1;7;4;4;4;8;Embedded Systems Engineer
2;7;2;0;1;8;2;6;7;8;0;1;7;5;6;3;5;7;5;9;Computer Science Teacher
9;5;4;2;6;3;8;1;9;6;2;8;7;8;1;2;9;0;8;2;Cloud Architect
3;7;3;8;4;7;6;5;7;8;4;1;3;7;3;2;2;9;4;0;Game Developer
2;8;1;3;5;5;2;3;1;3;1;8;3;2;6;7;7;8;4;9;Technical Support Engineer
5;6;6;7;1;5;4;7;3;7;5;1;7;6;0;7;9;0;1;0;Computer and Information Systems Manager
1;2;5;2;6;6;6;7;6;9;2;2;8;2;1;9;5;4;1;5;Computer and Information Systems Manager
8;8;5;0;8;6;9;7;4;6;0;0;8;0;0;9;1;3;6;4;Back End Developer
6;9;9;6;8;8;6;9;6;8;8;9;5;1;1;2;3;8;3;8;Computer Systems Analyst
5;2;1;7;4;7;2;3;5;1;3;1;2;6;1;3;3;1;9;4;Machine Learning Engineer
6;4;9;1;7;5;7;6;7;4;3;7;8;4;1;8;0;3;2;0;Cybersecurity Analyst
5;8;8;4;7;1;4;8;6;4;2;9;8;9;2;8;2;4;1;3;Software Engineer
1;0;6;9;4;8;6;8;9;6;0;3;0;8;2;8;5;1;5;2;UI/UX Designer
2;8;9;8;4;8;1;2;1;3;3;9;8;3;8;2;8;4;1;3;Game Developer
7;3;3;3;0;3;8;3;5;2;4;9;4;9;8;7;7;7;2;5;Computer Hardware Engineer
6;5;6;7;3;7;5;1;9;9;7;9;8;1;4;6;3;3;3;2;Network Engineer
6;3;0;1;5;1;0;4;1;8;3;1;1;9;8;7;8;1;4;0;DevOps Engineer
7;7;7;6;7;9;5;9;0;6;9;8;4;8;8;3;0;2;4;5;Research Scientist
9;5;7;0;0;0;0;2;0;8;7;1;9;3;4;2;3;1;8;9;Full Stack Developer
7;3;2;6;9;7;8;7;0;3;2;5;6;4;1;6;4;9;6;8;UI/UX Designer
3;2;7;0;5;1;6;3;8;1;0;0;0;2;0;7;7;4;7;9;Systems Analyst
2;6;7;0;5;6;1;8;5;6;4;9;4;6;2;3;7;5;9;4;Technical Writer
4;6;4;3;0;9;7;2;6;3;8;5;1;8;6;2;2;7;7;8;IT Project Manager
1;7;0;4;2;0;2;2;8;0;0;9;3;0;8;4;8;4;0;7;Digital Marketing Specialist
8;3;4;2;0;9;5;9;8;9;2;4;0;8;8;7;3;6;0;6;Computer and Information Research Scientist
1;6;6;8;2;4;6;3;8;2;5;1;7;0;4;2;7;3;9;3;Systems Analyst
8;3;1;2;4;2;9;0;3;6;1;9;6;1;9;2;1;1;8;5;Network Administrator
9;8;3;9;4;2;6;4;4;6;9;8;7;3;9;9;0;2;1;8;Mobile App Developer
7;3;2;5;9;4;2;4;5;4;6;4;1;0;4;3;4;8;9;8;Technical Writer
6;0;9;8;7;8;8;7;0;6;0;7;8;7;4;0;8;5;0;4;Digital Marketing Specialist
3;7;2;1;7;4;4;7;2;9;5;3;8;8;2;7;0;8;6;5;Artificial Intelligence Engineer
0;0;0;0;1;6;6;2;0;4;9;3;4;0;2;7;6;0;5;8;Web Developer
2;8;3;7;3;3;4;1;5;8;2;1;1;4;2;1;6;9;7;0;Business Intelligence Analyst
4;5;3;2;5;0;6;0;6;3;7;2;6;6;7;9;6;9;3;7;Network Engineer
9;5;2;6;6;6;7;7;0;3;6;1;5;1;6;2;8;7;6;6;IT Consultant
3;3;6;8;9;7;0;1;2;6;5;5;7;8;4;4;2;8;5;8;Network Engineer
6;2;5;4;9;3;1;5;4;7;8;3;9;0;3;3;4;4;6;9;IT Consultant
7;1;0;1;9;8;4;2;5;3;8;9;9;6;3;9;3;6;5;7;Front End Developer
1;0;5;2;6;9;2;1;0;4;1;2;2;3;2;2;4;0;4;0;Blockchain Developer
5;6;6;4;3;2;4;7;6;0;2;4;5;7;4;7;0;2;3;1;Web Developer
2;4;9;2;3;4;3;0;8;3;0;3;6;8;3;3;2;5;1;1;IT Support Specialist
9;4;6;0;6;3;6;1;8;1;5;3;4;5;7;5;5;0;7;3;Cloud Architect
9;4;1;5;4;2;6;2;5;7;5;3;0;9;3;7;5;5;9;0;Mobile App Developer
3;1;5;8;5;4;7;3;6;2;2;7;7;5;4;9;4;4;1;5;DevOps Engineer
8;5;4;9;5;1;5;0;5;6;9;1;0;5;7;6;0;2;1;6;Software Tester
6;2;3;4;2;2;6;9;2;1;3;6;7;2;3;0;6;0;5;2;Mobile App Developer
4;7;1;7;3;1;6;6;9;9;7;3;1;3;2;9;5;5;8;4;Technical Support Engineer
3;5;9;1;5;5;1;1;4;3;8;6;6;7;0;4;8;5;0;8;Front End Developer
1;2;9;4;9;5;2;9;4;3;8;8;8;4;6;8;6;5;9;7;Computer Network Architect
0;7;8;0;2;9;7;9;9;4;0;7;8;1;3;1;4;3;1;9;Front End Developer
9;9;7;6;5;8;2;5;4;8;3;7;5;7;3;3;4;0;5;3;Computer Hardware Engineer
4;5;8;6;3;5;4;5;3;0;0;1;5;2;0;3;9;8;5;3;Network Engineer
4;2;7;7;9;4;4;6;0;5;9;7;9;3;8;4;0;7;0;9;Cybersecurity Analyst
1;0;4;8;6;3;8;7;2;4;3;5;1;7;0;5;1;5;9;9;Mobile App Developer
0;7;3;9;5;8;8;5;9;1;9;4;6;8;3;7;5;5;5;3;Game Developer
5;7;8;2;7;2;6;9;6;0;1;5;0;2;4;5;3;7;5;3;Computer Programmer
3;1;5;0;4;7;0;1;6;0;7;2;1;2;1;0;6;5;3;0;Artificial Intelligence Engineer
9;1;9;4;6;8;8;3;5;2;9;6;9;5;8;9;1;3;8;4;Computer Programmer
6;8;7;2;9;1;3;3;9;9;8;8;7;6;2;3;3;6;5;8;Technical Support Engineer
8;5;7;1;6;6;7;9;6;5;4;4;7;3;4;6;5;9;9;2;Mobile App Developer
1;7;3;2;4;7;7;8;3;6;9;6;5;7;4;0;7;8;2;5;Research Scientist
9;7;0;3;5;2;2;0;9;3;5;3;6;8;8;5;3;0;8;1;Computer and Information Research Scientist
0;5;1;8;1;7;8;7;0;3;7;2;1;3;5;0;3;7;3;3;Technical Support Engineer
9;1;0;8;7;3;4;1;9;4;9;8;1;1;6;6;5;6;0;3;Digital Marketing Specialist
9;8;4;7;5;6;2;4;8;9;7;0;4;9;9;3;2;2;4;1;Artificial Intelligence Engineer
9;2;7;2;6;5;8;3;4;5;2;3;3;2;2;5;2;7;0;3;Artificial Intelligence Engineer
7;9;4;8;8;7;6;2;1;7;8;8;9;7;0;6;9;4;0;3;Technical Support Engineer
2;9;2;9;4;1;4;2;3;3;5;3;7;4;6;2;4;5;2;8;Computer Programmer
8;8;1;6;3;5;9;7;1;3;0;0;3;1;0;4;9;0;5;6;Software Engineer
0;9;5;8;8;5;4;6;2;1;9;6;5;3;4;1;4;4;4;3;Computer Programmer
5;4;6;9;5;9;8;2;2;1;5;9;2;3;0;3;0;1;2;5;IT Support Specialist
4;4;2;7;2;8;7;4;5;2;5;6;5;3;4;3;4;4;0;4;Computer Network Architect
8;2;6;5;1;1;0;7;8;3;4;1;7;0;7;1;2;7;8;1;Database Administrator
0;2;6;6;2;6;8;5;8;6;0;3;8;6;8;3;1;1;7;5;Cybersecurity Analyst
0;5;0;4;9;2;4;1;3;1;5;4;5;9;3;3;0;7;1;3;Technical Writer
2;7;2;0;0;4;4;8;4;5;2;2;6;2;0;2;1;2;3;1;Software Developer
9;2;3;2;1;8;5;1;5;6;1;8;6;1;6;6;8;4;4;0;Computer Science Teacher
6;2;1;5;9;2;8;5;1;4;3;2;3;0;1;3;6;7;4;0;Computer and Information Systems Manager
5;8;5;0;9;3;3;3;3;1;1;3;0;6;1;6;4;1;0;5;Data Scientist
2;9;9;4;2;5;6;2;0;7;8;5;2;0;7;7;1;3;7;8;Computer Hardware Engineer
3;6;1;1;5;4;9;2;2;9;9;3;7;7;0;7;7;3;6;7;Technical Support Engineer
0;7;7;0;1;3;9;6;3;3;4;1;6;8;6;7;8;9;5;9;IT Project Manager
7;2;6;2;5;8;4;2;7;5;2;9;6;9;0;5;1;9;1;2;Front End Developer
7;2;9;0;4;2;2;5;8;0;6;9;1;5;4;8;8;8;3;1;Technical Writer
5;2;4;5;8;1;8;2;6;0;6;4;6;8;5;8;7;2;7;1;Software Engineer
7;7;4;1;6;1;6;9;5;0;1;2;8;2;5;5;1;0;1;1;Back End Developer
4;7;5;9;5;5;4;3;3;6;5;3;0;9;3;3;3;2;4;7;Research Scientist
0;8;7;3;3;3;4;5;8;6;0;7;8;3;7;0;2;9;0;9;Software Developer
0;8;3;0;6;1;5;4;6;5;3;0;7;8;9;9;1;8;6;5;Network Administrator
7;8;7;7;0;9;1;8;4;1;7;7;2;8;8;5;5;1;1;3;Computer Systems Analyst
3;0;3;9;6;6;0;7;6;0;0;9;5;7;6;3;6;0;7;7;Research Scientist
7;5;9;3;5;2;4;8;8;3;4;5;5;9;7;1;0;8;1;1;Network Administrator
7;3;9;8;6;3;2;4;1;1;3;8;0;3;3;9;6;9;5;8;Software Developer
6;0;3;5;2;9;5;2;8;8;4;7;0;0;9;3;4;8;5;4;Cybersecurity Analyst
9;5;7;4;4;4;6;4;5;8;7;1;3;7;0;3;2;4;5;5;Blockchain Developer
7;4;7;3;9;2;0;1;9;3;7;4;8;5;2;8;3;5;4;8;Web Developer
6;4;3;3;8;1;3;9;6;1;8;3;6;2;6;1;0;2;1;0;Network Engineer
8;8;6;1;4;0;7;7;8;0;9;7;4;7;3;9;3;2;5;7;Computer Science Teacher
0;7;9;2;6;0;1;5;1;4;5;4;7;1;8;4;2;7;3;8;Cybersecurity Analyst
3;2;3;5;4;4;2;5;9;2;0;8;2;5;3;5;4;0;3;7;Back End Developer
1;3;4;6;9;3;8;9;9;6;0;4;3;0;5;3;5;3;1;4;Cloud Architect
1;0;5;8;2;0;3;9;6;9;2;0;4;8;8;0;2;6;3;2;Network Administrator
5;0;7;4;1;3;0;1;9;3;2;2;7;6;6;2;9;5;6;7;Business Intelligence Analyst
4;4;3;8;8;6;2;2;3;8;5;4;9;4;6;5;3;0;9;2;Data Scientist
0;8;3;1;7;3;6;1;1;9;2;2;6;1;3;3;9;5;5;0;UI/UX Designer
5;8;9;5;2;4;0;4;0;3;9;5;7;3;8;5;9;4;5;1;Computer Hardware Engineer
7;3;9;6;0;3;3;3;7;2;2;9;8;0;6;0;3;4;2;1;Computer Systems Manager
7;0;2;8;3;1;4;6;1;7;3;0;5;4;5;2;5;0;1;8;Systems Analyst
3;1;9;4;1;5;0;7;2;0;4;5;0;5;7;8;8;7;0;7;Computer Systems Manager
8;7;8;5;0;2;3;9;1;8;7;2;3;0;0;8;3;0;4;1;Computer Systems Manager
6;9;3;1;5;0;1;8;6;0;0;0;2;3;5;0;2;5;6;6;Software Tester
9;2;7;1;8;9;8;2;9;3;2;9;7;5;9;5;3;0;9;0;Cloud Architect
2;3;3;4;2;1;3;4;2;6;4;2;8;0;7;8;2;4;5;8;Technical Support Engineer
0;3;1;6;8;2;6;4;5;6;8;9;0;0;9;7;7;3;3;2;Software Engineer
5;7;1;2;3;6;1;0;4;7;5;7;6;7;3;5;8;7;2;7;Business Intelligence Analyst
5;4;9;2;9;6;5;8;2;7;5;4;0;1;6;5;4;6;6;2;Data Scientist
1;4;2;3;4;2;4;2;9;9;4;5;7;7;8;2;9;8;5;0;Mobile App Developer
5;9;9;2;5;4;1;5;5;3;5;2;6;1;3;3;1;4;8;6;IT Consultant
1;0;4;5;7;7;0;9;1;5;7;8;5;0;4;1;8;3;2;7;Data Scientist
7;7;0;5;5;6;1;1;5;8;3;8;2;0;9;3;2;4;0;1;Systems Analyst
7;9;8;0;7;5;1;6;5;8;3;3;5;5;9;3;7;5;3;1;IT Project Manager
1;8;1;7;2;8;8;8;8;3;6;8;0;2;2;1;2;0;5;8;Game Developer
4;9;1;1;7;3;9;2;7;1;3;7;6;2;1;6;7;0;5;5;Software Engineer
6;4;2;8;4;7;7;5;6;3;4;5;6;5;1;5;0;3;3;8;Quality Assurance Engineer
9;9;4;7;3;9;2;3;3;4;6;1;1;6;3;7;6;3;4;4;IT Project Manager
0;9;0;8;5;8;7;6;8;5;3;8;4;6;9;3;1;9;6;8;Network Administrator
3;2;5;3;2;4;2;1;4;6;0;3;1;9;3;0;5;0;9;4;Network Engineer
4;8;7;5;3;0;2;4;7;5;2;2;9;9;1;4;2;1;4;6;Mobile App Developer
8;1;6;8;0;9;0;1;1;2;6;7;5;7;7;9;8;4;7;5;Computer Systems Manager
5;8;5;3;5;3;6;6;7;8;2;5;1;3;4;9;7;8;7;0;Technical Support Engineer
9;7;2;9;9;5;5;8;7;2;3;5;9;0;5;2;8;9;1;2;Research Scientist
5;9;7;3;7;9;7;3;8;5;0;4;5;3;6;4;3;7;7;0;Database Administrator
5;9;2;1;9;3;9;7;0;4;2;6;7;8;9;1;7;4;5;8;Computer and Information Systems Manager
0;8;1;4;3;4;8;7;5;4;7;7;2;9;2;2;3;5;4;1;Back End Developer
8;3;2;3;3;7;9;1;7;3;3;9;6;8;7;8;1;3;8;4;Mobile App Developer
2;1;1;6;4;9;2;8;0;3;3;7;2;4;2;6;3;0;2;7;Business Intelligence Analyst
1;2;7;7;6;0;0;3;0;5;2;8;3;0;2;9;9;3;2;2;Machine Learning Engineer
0;2;0;1;1;6;9;7;8;6;8;8;3;6;9;5;6;6;1;0;Software Developer
3;2;1;4;5;3;8;3;7;7;9;4;8;9;1;2;8;3;9;4;Machine Learning Engineer
8;3;3;6;8;0;4;6;2;3;7;1;0;4;5;0;8;4;5;5;Cybersecurity Analyst
9;7;9;4;0;1;5;7;7;2;8;9;3;6;7;6;9;2;8;8;Digital Marketing Specialist
1;5;5;9;0;5;7;4;4;7;3;7;7;7;7;2;0;2;3;0;Artificial Intelligence Engineer
7;6;6;0;9;2;6;2;4;1;0;1;5;8;2;0;7;7;7;9;Computer Network Architect
9;7;6;8;8;3;3;0;1;2;6;4;2;4;1;0;7;6;7;2;Computer and Information Research Scientist
3;9;1;7;3;4;1;5;9;9;0;7;1;5;8;1;4;5;7;5;Database Administrator
5;6;9;0;3;4;6;3;7;0;4;2;1;2;1;5;2;8;8;5;Embedded Systems Engineer
9;5;7;1;1;9;5;7;9;5;9;3;9;8;9;0;6;1;5;2;Computer Systems Analyst
6;5;4;5;6;9;1;0;4;6;9;5;5;2;5;5;7;4;2;8;Systems Analyst
1;7;2;8;6;7;9;5;7;4;5;4;9;5;6;4;2;9;8;5;Technical Writer
5;6;9;8;1;8;6;9;8;4;3;3;2;7;9;9;6;5;4;5;Computer Hardware Engineer
9;7;7;8;3;1;7;9;1;0;8;7;2;1;2;6;8;9;1;6;Cybersecurity Analyst
2;3;4;4;3;6;8;0;2;2;5;5;4;4;5;3;4;6;8;2;Business Intelligence Analyst
4;2;2;1;5;6;3;0;0;6;7;8;7;3;4;5;0;4;7;9;Cybersecurity Analyst
8;1;7;4;7;5;3;5;3;8;8;1;5;9;4;4;8;4;3;9;Computer Hardware Engineer
3;6;2;3;5;8;9;3;5;1;7;0;8;6;9;0;5;9;2;4;Cybersecurity Analyst
9;0;2;5;3;3;0;9;2;4;0;6;0;5;4;3;3;2;2;6;Computer Systems Analyst
1;8;4;7;0;6;4;7;3;7;8;3;5;9;7;0;3;2;9;6;Data Scientist
6;8;0;1;1;1;2;2;2;5;6;8;3;8;8;3;7;0;0;8;Network Engineer
9;0;1;1;8;2;6;4;3;7;1;7;3;1;7;7;1;1;4;2;Technical Writer
2;2;6;1;0;9;2;2;1;5;3;5;0;8;9;2;6;0;9;1;Web Developer
6;1;1;3;7;9;7;8;5;8;4;2;2;0;2;7;3;6;9;0;Computer and Information Systems Manager
5;4;6;0;3;0;2;4;0;0;1;1;5;9;7;1;5;3;8;6;IT Project Manager
8;5;7;2;6;0;0;1;0;9;8;8;7;7;7;7;4;5;7;7;Network Engineer
9;0;8;7;5;8;3;4;4;4;3;1;9;2;8;8;0;4;6;0;Data Scientist
0;4;4;9;3;3;5;0;0;5;5;3;9;1;5;3;9;0;3;8;Computer Systems Analyst
8;7;5;1;9;9;9;9;7;1;1;7;3;3;4;6;6;1;0;1;Network Administrator
2;5;9;2;4;7;9;4;6;4;0;0;8;9;2;9;3;4;5;3;Cybersecurity Analyst
3;1;6;9;2;7;7;2;7;3;6;9;7;3;3;6;1;0;8;3;Back End Developer
2;6;2;6;4;1;3;0;5;0;3;2;3;5;1;2;9;9;7;7;Data Scientist
0;8;7;1;0;0;7;8;2;4;7;7;4;2;3;1;1;0;9;0;Computer and Information Systems Manager
9;7;2;0;1;9;9;6;2;7;2;1;1;0;0;7;2;9;2;3;Front End Developer
9;7;9;9;9;0;2;8;4;4;1;2;1;6;3;1;5;0;8;4;Data Scientist
6;7;2;4;8;1;8;1;8;6;6;9;0;8;1;7;4;1;8;2;Computer Systems Analyst
2;9;2;5;8;0;6;6;0;3;5;3;4;6;2;9;8;6;2;4;Computer Science Teacher
7;0;5;7;4;0;0;7;3;2;9;0;8;8;0;8;9;9;9;3;Software Tester
1;3;2;2;0;8;2;6;7;1;6;3;2;1;7;0;4;2;0;6;IT Sales Professional
6;7;8;7;2;5;5;1;4;6;9;2;0;2;5;1;5;0;6;5;IT Project Manager
9;3;8;3;8;0;7;7;4;0;6;7;2;5;4;0;1;2;7;3;Computer Systems Analyst
6;3;2;6;1;5;6;3;0;0;1;3;5;2;8;0;4;4;8;5;Systems Analyst
2;1;9;3;8;1;1;6;1;4;7;1;5;7;9;8;5;8;6;4;Network Engineer
7;7;8;4;9;3;5;6;5;0;5;1;8;1;6;3;9;5;2;0;Game Developer
3;7;3;7;0;8;4;9;3;6;8;4;9;6;5;1;9;7;7;4;Computer and Information Systems Manager
7;0;6;6;2;6;5;8;6;4;2;1;1;7;0;1;4;1;8;5;Computer Network Architect
9;5;9;3;2;8;4;1;0;2;8;6;5;4;7;5;5;1;2;9;DevOps Engineer
8;8;2;8;4;7;0;3;5;0;9;3;1;1;3;1;8;1;1;1;Computer and Information Research Scientist
8;3;6;8;0;3;6;6;9;8;1;6;8;5;0;6;6;0;2;9;Software Developer
1;9;5;7;4;8;0;2;2;5;5;8;9;9;1;6;5;3;6;9;Quality Assurance Engineer
1;0;6;2;3;2;7;9;1;5;0;9;1;4;9;9;4;8;2;9;Cloud Architect
0;0;3;0;6;1;8;6;3;9;3;2;5;0;4;1;4;0;6;7;Research Scientist
8;8;8;5;2;7;2;0;6;9;2;2;9;8;2;3;4;0;4;0;Full Stack Developer
0;6;8;7;8;9;7;0;3;2;4;4;2;2;8;8;2;7;5;2;Cybersecurity Analyst
3;3;1;1;4;4;2;4;7;1;0;6;4;4;0;8;9;6;7;2;Digital Marketing Specialist
2;8;4;4;2;5;9;9;4;4;8;4;8;5;7;8;3;3;6;5;Computer Science Teacher
3;4;4;6;0;0;3;1;2;0;5;9;0;6;5;8;2;5;5;6;Computer Systems Analyst
1;8;1;2;2;5;6;4;4;3;6;3;4;4;5;5;7;7;3;8;Computer and Information Research Scientist
9;2;5;8;0;2;0;0;1;4;9;4;9;7;6;9;9;6;7;3;Game Developer
5;6;5;8;7;3;3;9;0;6;4;0;2;0;6;5;2;4;6;3;IT Project Manager
7;0;0;0;7;2;6;8;6;9;8;2;0;3;4;3;4;4;3;5;Computer Hardware Engineer
9;2;9;0;8;2;3;2;9;7;2;0;9;0;0;8;3;5;0;9;Blockchain Developer
4;2;6;2;0;6;5;5;9;2;0;2;7;0;4;6;8;6;3;6;Blockchain Developer
6;4;6;7;5;5;7;9;8;4;0;6;3;6;3;4;8;3;5;5;Software Engineer
0;8;5;8;3;6;4;8;0;8;9;0;1;5;2;0;0;5;4;8;Cloud Architect
2;7;5;5;4;9;3;0;9;2;8;0;3;6;6;4;3;4;0;0;Artificial Intelligence Engineer
6;6;6;0;3;9;6;8;9;9;1;2;8;4;3;9;5;1;8;7;Computer Science Teacher
6;6;5;4;9;0;7;8;7;1;8;1;0;7;3;2;8;8;2;5;Machine Learning Engineer
3;5;3;9;3;2;7;5;2;4;8;3;5;2;8;8;8;5;1;4;Computer Hardware Engineer
2;4;2;3;7;6;0;3;1;7;9;7;0;5;4;6;0;2;5;9;Computer and Information Systems Manager
9;9;0;8;5;8;0;8;5;6;3;3;0;7;9;8;9;9;4;2;Back End Developer
7;3;5;5;7;5;6;0;0;9;1;6;8;6;2;0;9;2;9;2;Systems Analyst
6;7;9;8;3;8;3;3;2;3;1;6;0;4;8;9;9;6;7;6;Computer Network Architect
5;9;2;3;8;2;3;8;1;0;7;0;4;1;9;2;0;9;6;4;Software Developer
3;8;4;4;5;9;7;9;0;1;2;0;3;6;3;5;6;4;4;8;IT Sales Professional
7;0;5;1;2;5;7;3;9;6;2;5;7;5;8;6;4;3;8;7;Data Scientist
4;6;7;2;1;6;7;7;8;3;1;9;5;2;0;7;2;6;7;5;Blockchain Developer
8;3;4;5;0;0;9;7;8;3;2;0;9;4;0;5;0;0;5;9;Digital Marketing Specialist
6;3;4;9;4;9;5;1;6;4;5;9;3;2;1;1;0;9;3;1;IT Consultant
8;4;9;4;1;6;2;4;4;5;7;4;4;5;8;5;5;4;2;7;Mobile App Developer
7;7;8;9;3;9;4;1;9;5;4;7;9;3;8;6;9;1;1;6;Computer Hardware Engineer
5;8;0;3;3;0;7;5;2;8;2;3;9;1;7;5;0;4;4;2;Technical Support Engineer
1;0;0;0;2;7;5;5;0;9;0;7;6;3;7;9;4;9;3;6;Front End Developer
3;6;8;2;3;0;5;6;5;6;3;7;4;3;9;7;6;5;5;4;Machine Learning Engineer
2;2;1;1;8;2;3;0;7;1;3;1;1;2;6;7;4;6;9;5;Database Administrator
8;4;1;4;7;3;7;9;3;7;6;4;3;3;6;5;8;6;3;4;Computer and Information Research Scientist
0;4;6;6;3;1;8;5;8;2;7;7;5;2;6;1;7;6;4;0;Back End Developer
5;4;9;9;2;6;7;9;9;9;9;5;9;9;0;5;5;3;0;1;DevOps Engineer
8;1;8;1;1;0;9;5;3;3;6;6;7;2;6;8;2;1;9;9;Digital Marketing Specialist
5;0;2;2;4;0;3;6;3;3;1;9;7;6;8;9;2;6;7;7;IT Support Specialist
4;6;5;1;0;9;0;8;4;1;1;3;4;5;0;9;8;6;7;5;Software Developer
5;7;0;1;6;6;9;6;7;5;8;2;0;6;3;2;3;6;7;6;Network Administrator
4;8;5;9;0;6;7;2;1;5;1;6;4;4;4;2;8;2;6;5;Blockchain Developer
0;6;9;2;1;5;2;8;3;4;9;2;5;5;8;2;5;5;6;7;Research Scientist
7;0;8;8;5;4;1;6;9;6;3;3;6;8;3;5;6;2;0;2;Artificial Intelligence Engineer
6;0;6;9;0;9;0;4;5;6;3;0;9;5;9;0;9;6;1;1;Digital Marketing Specialist
8;4;6;4;0;6;3;7;1;0;4;6;2;5;3;3;5;0;1;4;Systems Analyst
6;9;4;7;8;2;8;4;9;8;3;6;8;3;6;4;3;5;7;1;Software Tester
7;4;3;4;2;3;8;8;3;8;7;1;6;0;9;3;7;9;1;4;Technical Writer
0;7;4;9;7;4;7;6;9;2;2;6;6;7;5;0;7;2;3;4;Software Engineer
9;9;2;3;3;8;5;7;8;8;7;2;4;6;2;4;5;0;0;5;IT Support Specialist
8;2;0;9;2;0;6;2;5;6;2;6;1;3;8;5;0;7;6;4;Database Administrator
4;7;8;6;1;0;5;1;8;4;6;1;4;6;0;1;7;1;3;3;Software Developer
2;8;8;1;6;5;5;7;4;4;8;1;2;7;5;6;6;7;1;5;IT Support Specialist
1;9;9;4;0;1;6;8;3;4;8;7;1;9;6;2;5;9;5;2;Artificial Intelligence Engineer
5;8;2;9;9;4;9;7;4;3;4;4;2;1;6;4;6;4;1;6;IT Sales Professional
0;2;4;7;6;5;7;8;9;8;9;7;1;4;1;7;1;4;8;2;Computer and Information Systems Manager
8;5;1;5;7;5;4;7;8;9;7;6;7;0;9;6;4;7;9;8;UI/UX Designer
9;3;9;9;3;1;7;2;2;7;0;2;8;7;7;4;9;6;4;1;Back End Developer
6;7;8;7;9;8;7;3;7;6;5;3;9;6;1;5;8;1;7;7;Network Administrator
8;6;5;5;8;1;2;3;6;8;3;9;0;3;5;5;4;6;3;5;Full Stack Developer
2;7;9;2;3;6;5;5;5;6;4;4;2;7;8;4;9;7;3;2;Computer Systems Manager
6;2;0;0;6;4;2;4;4;2;2;4;0;7;4;7;7;3;9;5;Software Engineer
0;6;2;6;0;9;9;8;2;7;0;6;8;8;4;7;9;5;7;6;Full Stack Developer
7;7;6;4;4;2;2;8;7;7;9;1;9;1;9;4;7;2;2;0;Digital Marketing Specialist
1;4;0;0;3;3;3;5;4;1;8;1;3;1;0;7;6;4;5;6;Software Engineer
8;6;8;7;1;8;7;6;2;4;5;0;1;0;6;0;3;9;9;6;Quality Assurance Engineer
7;0;1;0;2;7;1;1;2;9;5;8;5;0;7;5;1;7;5;3;Web Developer
3;3;8;5;4;3;4;2;4;4;8;5;3;9;7;6;8;8;2;9;Web Developer
7;1;8;8;0;4;3;5;6;6;0;6;7;0;2;0;0;3;4;0;Digital Marketing Specialist
1;7;0;6;9;7;6;1;4;5;6;8;0;8;1;8;1;0;9;2;Digital Marketing Specialist
4;9;7;7;4;3;7;7;0;3;7;0;9;2;3;6;6;9;7;1;IT Support Specialist
3;2;3;4;0;2;7;9;1;5;3;3;9;9;4;8;4;7;6;4;Game Developer
4;5;4;9;7;1;4;2;1;7;2;5;3;2;1;0;9;3;0;5;Computer Hardware Engineer
8;6;6;4;7;1;5;0;4;5;7;5;5;9;0;6;9;1;1;1;Embedded Systems Engineer
5;4;1;8;8;3;1;5;1;2;7;6;2;7;2;4;9;0;5;1;Software Engineer
0;4;5;4;9;9;2;6;6;1;8;5;7;1;7;2;1;3;7;6;IT Sales Professional
3;5;8;0;1;2;7;6;2;8;6;3;5;4;3;8;2;4;7;7;Web Developer
0;7;7;8;0;5;9;8;1;9;3;3;3;0;4;3;8;3;2;3;Network Engineer
0;1;6;4;5;1;8;4;1;5;7;5;6;9;5;5;4;5;5;3;Software Developer
9;6;7;0;1;6;3;9;5;4;9;9;2;8;9;0;4;5;2;0;IT Support Specialist
6;2;4;5;6;0;0;7;2;0;2;4;1;0;4;1;7;9;3;4;Computer Hardware Engineer
5;8;3;3;5;8;6;1;9;2;2;8;7;7;1;3;3;5;2;1;Digital Marketing Specialist
2;7;5;5;3;4;3;4;0;6;4;4;4;8;0;1;9;0;8;4;Network Administrator
8;8;6;0;4;7;8;3;9;2;8;4;6;7;2;9;2;3;0;5;Computer Network Architect
7;1;3;6;5;1;4;4;6;6;2;6;2;2;1;1;4;0;0;8;Cloud Architect
7;1;1;7;4;8;4;2;0;1;6;5;6;1;7;3;1;8;4;9;Software Tester
3;1;0;8;3;2;6;1;0;0;2;4;8;5;8;1;0;8;3;4;Systems Analyst
4;5;3;7;3;7;4;4;0;7;1;8;5;4;8;9;3;2;1;5;Cloud Architect
7;1;8;5;1;4;2;8;2;7;7;0;1;6;7;1;2;9;1;2;Cloud Architect
5;0;5;7;9;6;9;7;4;3;6;9;9;5;9;8;5;8;2;3;Network Engineer
5;8;4;6;6;4;7;9;5;8;7;6;7;3;1;4;1;6;5;9;Business Intelligence Analyst
9;4;3;5;2;9;2;3;3;7;4;0;6;8;3;3;3;0;7;4;Game Developer
7;6;6;4;4;3;8;1;2;4;1;9;5;9;2;6;0;1;8;9;Network Administrator
5;8;8;3;7;5;0;2;2;3;6;5;2;4;7;0;0;3;2;8;Systems Analyst
3;9;0;4;0;3;2;7;4;7;6;4;3;3;4;2;5;8;5;7;Quality Assurance Engineer
3;2;8;4;2;1;4;9;2;3;3;4;1;6;7;4;9;6;5;2;Database Administrator
6;9;4;3;8;9;1;1;5;1;5;4;6;6;0;1;6;4;6;6;Computer and Information Systems Manager
6;1;0;8;6;1;4;9;8;5;3;0;6;5;3;2;4;8;0;4;IT Project Manager
3;9;3;7;9;9;0;0;9;7;9;9;9;7;8;2;0;1;3;7;Technical Support Engineer
8;3;9;0;0;8;7;1;3;5;0;0;0;6;8;1;1;9;0;9;Software Engineer
2;2;9;3;9;0;4;4;2;2;0;3;3;4;0;2;8;8;4;7;UI/UX Designer
2;8;1;5;4;8;5;1;0;6;4;0;5;2;8;0;9;8;6;2;Cybersecurity Analyst
1;2;5;7;2;1;7;9;1;6;1;3;5;4;4;3;2;3;4;1;Web Developer
2;3;4;6;1;0;1;0;8;8;5;9;0;8;4;9;1;2;8;3;IT Support Specialist
6;4;7;2;7;3;1;8;4;2;6;1;0;7;9;1;0;0;5;2;Network Engineer
9;2;4;9;7;6;1;8;3;4;8;7;7;9;8;6;7;6;6;3;IT Consultant
6;1;3;8;0;6;5;3;3;3;2;6;8;6;1;0;0;3;0;6;Computer and Information Research Scientist
1;6;3;6;6;7;0;1;2;4;7;2;1;7;3;3;5;7;9;2;Software Tester
3;0;7;2;9;2;7;7;8;1;4;3;1;7;6;2;7;2;3;2;Mobile App Developer
8;1;8;1;5;0;3;0;8;9;5;7;6;8;5;5;7;6;8;6;IT Consultant
0;4;5;2;8;0;2;0;8;8;9;4;1;4;1;4;1;6;9;2;Embedded Systems Engineer
4;8;9;6;4;2;4;4;4;0;3;9;9;0;3;0;1;2;9;2;Cybersecurity Analyst
8;6;8;3;9;9;1;7;4;0;3;4;7;9;4;4;6;8;4;0;Artificial Intelligence Engineer
7;5;1;7;8;4;5;7;4;3;1;7;1;3;5;7;0;1;6;9;Mobile App Developer
8;9;2;4;2;6;1;5;3;2;5;0;9;2;3;1;2;9;4;7;Back End Developer
9;6;9;9;8;3;1;9;2;0;0;7;9;3;7;9;8;1;5;3;Computer Hardware Engineer
1;3;4;9;5;3;4;5;6;3;5;3;9;4;4;8;7;6;6;8;Data Scientist
8;6;4;3;9;6;1;4;5;9;9;8;2;9;7;0;0;7;9;8;Digital Marketing Specialist
4;7;7;2;4;4;6;8;0;3;8;1;8;9;0;8;9;5;8;2;DevOps Engineer
0;1;6;2;5;6;0;8;6;8;5;3;4;5;6;9;1;9;0;9;Embedded Systems Engineer
9;0;8;2;1;7;2;7;6;8;5;0;2;3;3;5;2;9;5;3;IT Project Manager
8;0;5;5;1;7;2;5;4;0;0;4;1;9;7;1;8;6;4;5;Technical Support Engineer
4;8;0;8;5;0;3;7;6;9;2;3;0;8;8;6;4;5;9;6;Full Stack Developer
0;7;6;4;5;9;4;5;5;0;0;8;5;9;4;2;1;6;5;4;Web Developer
7;3;6;3;6;2;2;6;2;3;7;1;3;9;9;3;7;0;0;0;Computer Programmer
1;5;7;5;6;3;5;3;2;1;2;3;8;9;7;6;9;0;6;9;Cybersecurity Analyst
5;3;6;9;1;4;4;2;0;7;3;1;8;4;4;5;8;6;7;9;Machine Learning Engineer
3;7;6;6;4;7;4;0;7;9;8;0;1;5;6;3;4;4;0;0;Computer Programmer
0;1;0;6;5;7;4;5;1;2;0;0;0;2;9;6;4;9;2;3;IT Project Manager
7;3;0;9;8;0;2;7;7;1;3;4;0;6;3;0;0;4;1;4;IT Consultant
7;3;1;9;9;3;9;2;3;8;0;7;7;6;1;9;0;3;8;8;Software Tester
9;9;3;7;3;7;2;3;5;3;7;2;3;8;6;1;1;1;5;3;Computer Programmer
7;9;8;7;4;3;0;9;2;3;6;8;3;3;0;7;4;4;7;4;IT Project Manager
9;6;9;8;6;3;5;0;5;2;4;4;6;5;0;0;0;2;7;2;Computer Systems Analyst
8;8;0;4;3;5;2;7;3;5;6;6;7;0;8;8;6;1;8;8;Computer and Information Research Scientist
6;3;6;1;8;6;4;7;1;7;7;2;5;6;9;9;8;8;1;6;Front End Developer
0;2;3;3;9;0;2;6;3;6;5;2;9;1;0;5;7;4;6;7;Technical Support Engineer
2;9;4;4;7;3;3;2;2;6;1;2;9;3;1;8;7;7;5;0;Technical Support Engineer
1;7;0;2;0;1;0;8;1;5;8;6;2;2;6;0;4;2;2;2;Network Administrator
4;9;0;1;9;1;5;7;2;3;5;9;3;3;5;0;0;4;0;5;Technical Writer
4;6;3;4;7;8;0;6;7;9;3;3;9;6;1;7;1;9;0;8;UI/UX Designer
9;4;0;7;7;0;4;1;7;8;7;5;3;7;3;4;9;3;9;2;Cybersecurity Analyst
1;3;0;2;6;7;0;3;2;7;0;4;6;6;8;2;3;9;3;8;Back End Developer
7;5;6;5;8;3;1;8;5;8;7;7;8;8;9;0;0;8;5;7;IT Project Manager
5;5;2;6;9;8;2;2;5;4;0;9;1;7;2;2;6;4;8;5;Technical Writer
5;6;3;7;9;6;6;1;7;1;7;0;0;8;0;5;5;1;8;9;Software Developer
7;4;5;6;0;2;3;5;8;9;2;0;2;1;7;3;2;1;9;5;Computer Programmer
9;0;2;4;9;7;2;3;7;3;9;2;8;3;2;3;6;7;2;5;Computer Systems Manager
0;3;4;0;0;2;7;3;1;3;4;1;0;3;8;4;7;1;6;7;Systems Analyst
7;5;9;6;9;4;1;2;0;6;1;8;8;0;8;6;0;5;9;8;Computer Programmer
5;4;0;8;3;1;0;2;9;0;1;8;3;7;3;7;4;4;1;6;Computer Hardware Engineer
5;6;5;7;1;5;5;3;9;6;3;2;0;2;9;0;4;3;4;1;Technical Writer
6;0;4;5;1;3;7;7;6;0;1;1;5;7;4;2;5;3;0;1;Software Engineer
3;0;8;4;4;3;2;4;9;4;5;4;0;8;4;5;6;8;2;1;Business Intelligence Analyst
7;6;0;5;5;6;5;4;4;0;2;7;9;3;6;5;2;8;3;4;Technical Support Engineer
8;3;9;5;8;6;1;2;1;2;1;3;1;1;0;2;2;9;6;3;Software Tester
8;5;4;8;5;4;3;5;3;4;8;1;3;9;9;9;0;8;2;0;Database Administrator
4;2;7;1;0;2;1;8;5;6;4;7;7;8;5;8;2;4;9;0;Network Engineer
9;7;3;1;0;5;4;7;3;8;3;0;9;6;0;7;3;7;5;0;Software Developer
2;9;3;5;6;6;1;6;9;2;4;4;7;9;6;2;5;7;2;3;Software Developer
3;5;8;1;3;3;2;3;8;6;5;9;1;7;1;4;8;0;8;1;Machine Learning Engineer
7;9;1;6;2;7;3;2;1;0;1;3;5;5;4;5;9;1;5;3;IT Consultant
0;5;7;9;5;2;9;0;9;2;0;3;2;8;7;6;9;7;8;4;Game Developer
3;1;4;1;7;7;8;5;0;1;8;7;7;9;9;3;0;0;2;7;Software Tester
7;1;1;6;3;5;6;6;5;6;0;2;1;0;1;7;8;8;8;5;Business Intelligence Analyst
6;4;8;7;2;0;2;2;1;3;1;0;9;8;1;6;8;6;4;7;Back End Developer
7;7;2;3;6;4;5;7;9;3;5;8;9;1;6;1;8;2;5;0;Full Stack Developer
2;3;1;7;8;9;8;2;3;2;6;8;6;0;0;7;2;2;1;1;Game Developer
9;8;2;3;4;7;2;0;7;3;0;5;6;9;8;3;9;8;9;2;Technical Writer
9;8;2;1;5;8;4;4;5;9;1;3;1;1;6;6;4;1;8;4;Front End Developer
3;1;3;2;0;5;4;5;1;6;8;5;9;1;8;6;1;3;4;8;Network Engineer
3;8;6;4;0;7;7;1;5;8;5;3;5;1;6;3;9;8;9;8;Research Scientist
2;0;0;7;0;0;6;8;6;8;7;4;6;4;1;5;3;9;6;4;Mobile App Developer
3;6;0;7;2;9;3;8;0;3;5;2;1;6;6;5;0;2;0;1;Game Developer
0;5;9;3;5;1;5;8;9;2;4;1;8;8;5;3;3;9;9;2;Computer Systems Analyst
6;5;0;4;0;5;7;6;1;6;9;6;6;7;4;8;8;1;5;3;Web Developer
5;6;3;5;3;9;4;2;6;8;8;8;0;4;5;6;8;8;7;8;Computer Hardware Engineer
1;3;6;5;1;2;3;0;5;1;4;4;2;8;6;4;9;2;5;5;Computer Programmer
3;0;0;3;8;9;8;9;5;4;1;1;3;2;0;9;8;0;7;5;IT Consultant
1;0;5;2;9;5;6;5;7;5;1;6;1;8;7;3;1;3;8;0;DevOps Engineer
7;9;1;4;3;6;1;8;4;1;6;6;6;5;1;2;6;0;8;5;Quality Assurance Engineer
2;4;2;7;4;4;9;3;1;9;1;9;9;1;3;3;4;6;1;2;Back End Developer
3;1;8;6;3;6;4;6;7;6;8;2;7;8;5;9;5;5;9;6;Back End Developer
4;7;2;7;4;8;9;2;8;0;7;9;2;3;5;3;7;9;5;4;Back End Developer
6;0;5;1;6;4;2;9;3;1;0;9;4;2;9;1;4;9;9;3;Software Developer
3;6;8;5;1;7;9;8;1;8;4;4;6;5;8;6;5;7;5;2;Network Administrator
4;8;7;2;1;0;3;0;9;3;4;7;7;9;6;7;0;5;2;6;Business Intelligence Analyst
3;3;5;7;4;5;1;6;2;9;3;2;1;4;7;8;1;4;8;4;Software Developer
9;2;5;1;7;0;2;4;2;9;7;7;6;6;0;7;9;0;3;6;Web Developer
4;7;0;4;2;7;8;5;7;2;3;5;0;4;2;1;4;0;8;9;Computer Systems Manager
3;3;7;1;9;0;6;8;2;2;4;8;8;5;0;1;3;3;6;5;UI/UX Designer
5;2;1;6;1;1;6;4;1;4;4;2;0;9;7;2;3;4;7;4;Cloud Architect
3;4;3;7;1;9;5;5;9;8;9;0;0;3;7;0;0;3;6;6;Software Developer
7;8;9;0;8;4;9;0;6;2;7;8;4;8;5;9;9;0;3;1;Business Intelligence Analyst
6;8;9;3;5;0;8;3;2;4;8;7;3;0;4;7;1;7;9;9;Data Scientist
7;2;6;4;8;4;5;4;9;3;7;9;7;0;9;7;2;4;3;6;Back End Developer
3;6;2;0;3;6;7;7;7;8;0;3;7;3;5;2;9;7;3;9;Full Stack Developer
4;2;1;0;4;4;8;9;4;4;4;9;8;8;9;4;5;7;1;5;Business Intelligence Analyst
5;4;2;9;9;0;3;5;1;9;1;9;5;5;4;8;1;9;1;9;Computer Network Architect
7;6;0;1;0;6;9;0;4;3;4;0;0;2;8;0;4;3;7;5;Computer Systems Analyst
8;7;0;4;6;9;5;4;0;2;3;1;1;4;8;7;8;8;9;2;Technical Writer
2;9;7;0;6;5;9;8;7;5;1;0;7;2;9;3;3;1;2;8;Software Tester
2;6;0;9;1;0;7;8;9;7;5;7;7;7;3;9;3;6;7;1;UI/UX Designer
9;9;6;1;0;6;9;4;6;7;5;8;4;0;1;1;7;6;7;4;Computer Hardware Engineer
0;0;7;1;8;9;4;7;2;5;2;0;3;9;0;4;0;8;2;4;UI/UX Designer
0;2;8;3;8;1;6;3;4;7;9;5;1;4;7;1;7;1;2;4;Quality Assurance Engineer
3;1;3;8;7;1;9;7;4;4;5;4;9;7;9;5;5;6;0;2;Computer Systems Manager
1;3;2;6;2;7;0;1;0;4;1;3;6;1;6;7;1;7;3;0;Research Scientist
0;8;5;9;2;8;9;9;7;5;9;5;4;4;2;2;5;5;3;4;Back End Developer
0;3;1;1;5;9;5;6;2;9;6;3;3;2;6;7;2;8;2;6;Computer Science Teacher
1;4;0;8;2;8;8;2;0;5;8;7;8;6;9;0;6;2;2;5;Cybersecurity Analyst
7;5;0;6;8;1;8;3;0;0;2;8;8;8;4;9;3;4;9;8;Computer Systems Manager
0;5;4;0;9;0;2;3;7;1;3;0;0;8;9;6;1;1;4;4;Software Developer
4;0;4;3;9;9;7;0;3;7;0;5;1;2;3;0;5;0;3;2;Research Scientist
2;1;9;3;2;6;2;9;5;5;5;5;1;9;5;6;9;5;9;4;Business Intelligence Analyst
1;2;7;8;4;7;2;5;1;0;7;5;1;6;2;2;6;6;4;5;Computer Network Architect
8;9;8;6;3;7;3;4;7;0;6;7;0;5;0;4;8;1;0;4;Research Scientist
5;1;7;6;6;0;6;6;7;4;5;0;0;6;8;0;4;4;7;2;IT Project Manager
7;5;0;1;5;4;5;5;5;2;1;5;6;6;8;1;7;9;9;5;DevOps Engineer
3;6;2;1;3;3;9;2;0;9;9;9;3;4;6;2;1;3;7;2;Systems Analyst
3;2;9;8;9;2;6;2;8;8;2;6;8;6;7;0;9;2;4;0;Quality Assurance Engineer
5;1;1;5;0;5;1;4;9;1;1;6;3;5;1;3;7;6;9;8;Computer Science Teacher
9;2;8;7;6;8;2;4;4;7;1;9;3;9;4;2;8;1;1;3;Back End Developer
9;9;7;2;5;6;2;0;3;6;2;6;9;7;7;0;9;2;7;8;Quality Assurance Engineer
1;8;8;5;3;9;3;2;6;8;0;4;7;6;2;6;3;5;6;3;Web Developer
9;6;5;9;1;9;0;6;8;5;9;2;9;6;9;5;4;1;8;4;Computer Network Architect
3;4;6;0;2;1;1;1;5;4;4;8;1;9;3;2;8;8;8;2;Back End Developer
3;5;6;8;3;2;7;3;6;8;3;0;8;8;1;9;7;7;4;1;Mobile App Developer
9;0;0;0;4;2;7;8;0;4;4;7;9;5;0;1;5;9;7;0;Quality Assurance Engineer
9;8;7;4;4;0;3;3;2;7;6;8;9;4;5;1;7;2;5;3;Software Tester
4;8;3;7;7;3;2;1;9;7;5;0;6;3;7;4;4;4;9;1;IT Support Specialist
2;1;3;5;0;7;2;8;4;0;4;8;5;2;1;0;5;8;2;9;Software Tester
9;5;9;6;6;4;7;2;5;7;8;1;5;6;6;6;2;0;3;2;Computer and Information Research Scientist
0;4;6;5;9;1;6;3;8;1;1;6;8;1;7;2;8;7;6;2;Technical Support Engineer
4;7;4;5;4;5;9;5;2;9;9;1;2;3;1;6;1;4;5;6;IT Consultant
2;0;6;5;1;9;9;5;8;7;8;7;0;8;7;4;0;2;6;2;Game Developer
0;3;7;0;5;4;7;5;2;9;5;9;1;8;6;7;6;9;9;1;Embedded Systems Engineer
9;7;3;5;1;5;1;2;3;6;1;5;4;5;7;6;5;5;5;0;UI/UX Designer
5;8;2;5;1;5;7;0;4;7;3;0;1;3;7;4;8;9;8;0;Game Developer
5;9;5;0;4;3;3;2;8;8;9;3;6;1;9;9;9;6;6;4;Machine Learning Engineer
8;9;9;7;9;8;6;5;3;6;8;2;5;5;1;9;7;4;9;6;Software Developer
4;3;6;3;7;7;7;7;2;5;0;3;8;7;8;6;1;5;1;5;Artificial Intelligence Engineer
5;0;1;1;6;2;9;7;3;2;2;4;7;0;4;5;6;3;6;3;Data Scientist
5;3;4;7;1;5;6;5;1;5;6;9;4;5;1;2;7;4;8;5;Machine Learning Engineer
1;9;7;0;1;9;8;6;4;8;1;7;8;8;2;3;9;9;7;5;Embedded Systems Engineer
7;6;9;0;5;5;3;0;6;1;2;2;6;4;3;3;1;0;3;7;Back End Developer
9;6;6;9;1;3;1;4;4;2;3;2;3;0;6;7;1;4;7;0;Web Developer
3;8;8;7;2;4;6;3;6;8;0;2;4;3;9;9;9;2;6;6;IT Sales Professional
6;9;8;4;9;7;0;3;7;5;7;6;1;8;1;8;3;6;9;0;Business Intelligence Analyst
3;8;8;9;5;1;0;9;6;2;6;3;5;9;7;8;9;7;3;3;Computer Network Architect
9;7;9;4;1;2;8;3;3;0;8;5;3;3;6;6;3;5;2;6;Business Intelligence Analyst
4;4;0;8;7;3;3;6;8;6;4;4;0;8;8;9;6;2;2;7;Game Developer
3;7;5;8;7;4;6;2;6;9;1;3;6;3;2;6;4;6;5;8;Quality Assurance Engineer
4;2;0;4;8;5;3;6;2;1;0;9;8;0;3;6;2;2;3;3;Digital Marketing Specialist
4;9;4;0;3;8;3;6;3;0;9;5;2;4;7;8;8;5;0;1;Cloud Architect
3;8;9;4;9;5;6;8;8;4;0;7;3;2;7;0;5;6;4;5;IT Sales Professional
1;1;9;7;0;7;5;0;0;9;9;3;2;5;3;1;2;2;9;6;Computer Network Architect
0;3;5;4;5;7;5;2;3;4;0;5;7;3;6;5;5;3;5;2;Software Developer
7;3;6;2;7;9;3;5;7;9;7;7;8;6;2;1;0;3;9;7;Computer Hardware Engineer
4;9;7;3;1;8;9;2;0;1;6;9;0;8;4;8;6;2;1;6;Computer and Information Research Scientist
8;6;8;3;3;6;6;3;5;9;1;6;2;4;3;4;6;0;2;3;Software Developer
7;4;2;9;9;2;6;2;1;1;8;7;4;4;0;5;6;8;5;1;Technical Support Engineer
1;1;6;6;1;5;6;4;1;1;7;8;1;9;1;4;7;9;9;8;Technical Support Engineer
5;4;3;9;7;9;3;3;3;2;9;4;0;0;6;8;8;3;8;2;Technical Support Engineer
1;1;7;0;6;6;1;2;2;5;7;5;2;4;9;1;6;1;4;1;Systems Analyst
2;8;9;5;8;9;1;7;5;5;6;1;3;1;9;5;5;9;5;8;Software Developer
5;8;4;3;5;6;9;8;3;2;3;5;6;0;1;3;8;7;0;1;Machine Learning Engineer
4;9;0;9;7;3;9;1;9;1;8;0;8;6;5;8;5;9;5;1;Technical Support Engineer
5;7;7;0;2;8;6;7;9;0;0;6;1;8;1;7;7;7;2;5;Cybersecurity Analyst
5;2;7;5;4;3;3;5;6;1;0;4;7;2;5;8;5;9;8;6;Software Developer
7;8;2;4;7;3;9;2;4;9;9;3;4;2;3;2;1;7;3;8;IT Consultant
3;0;1;3;4;3;5;1;1;0;6;0;7;9;9;7;6;2;5;5;Data Scientist
7;9;6;5;7;7;4;7;5;8;1;2;0;5;3;7;9;8;6;4;Research Scientist
4;1;0;7;0;2;0;0;0;1;9;9;7;2;9;6;7;6;8;9;Computer and Information Research Scientist
4;5;0;3;5;0;4;4;4;1;0;7;1;2;3;3;4;7;8;9;Cybersecurity Analyst
0;7;3;5;9;2;8;5;7;1;9;3;6;4;1;1;3;1;5;9;UI/UX Designer
4;2;8;2;6;6;2;1;3;4;5;5;9;8;2;1;0;2;4;1;Business Intelligence Analyst
6;2;7;4;7;0;8;1;3;4;0;6;9;0;8;1;7;2;1;5;Computer Science Teacher
4;6;0;0;1;8;4;2;5;3;6;0;9;7;7;7;8;3;3;3;Systems Analyst
5;5;2;3;4;5;1;9;8;9;7;8;4;1;1;9;4;2;1;9;Cloud Architect
3;7;9;0;6;5;3;6;9;6;8;3;3;3;0;9;1;5;5;3;Back End Developer
6;2;9;3;0;1;4;5;4;7;7;0;5;6;2;7;5;7;4;3;Software Developer
2;0;1;0;2;0;0;1;6;2;8;8;7;1;9;6;3;1;2;8;Back End Developer
4;9;0;4;0;2;0;1;1;2;5;5;7;8;9;1;7;6;4;6;Computer Systems Analyst
9;9;2;7;5;5;7;7;0;4;1;0;8;3;9;5;1;0;8;5;Computer and Information Systems Manager
6;6;6;3;2;1;6;5;3;2;6;2;8;6;3;8;7;5;9;0;IT Project Manager
3;4;9;9;1;7;2;5;0;2;8;7;1;7;2;7;8;6;2;6;Network Administrator
5;5;3;8;8;9;9;9;3;0;5;2;2;6;9;2;1;9;2;0;DevOps Engineer
6;6;8;7;8;0;2;9;2;3;6;9;4;1;3;9;8;4;6;5;Computer Programmer
7;3;7;1;1;0;9;3;5;0;7;7;2;6;7;0;9;8;8;1;Blockchain Developer
9;8;4;4;2;2;3;0;6;4;2;0;4;2;9;7;0;7;2;1;Research Scientist
9;8;4;7;0;4;2;6;8;0;0;6;9;3;2;0;1;2;6;4;Computer and Information Systems Manager
1;3;3;1;9;7;7;0;7;8;2;8;7;7;7;3;4;5;3;3;Software Engineer
7;8;1;3;8;7;4;0;8;0;4;3;7;6;6;6;5;0;3;4;Database Administrator
2;6;8;2;4;4;0;3;3;8;2;5;1;8;3;7;1;2;4;1;Computer and Information Research Scientist
9;8;0;8;6;6;1;0;5;0;5;8;7;6;7;4;4;8;5;6;IT Consultant
7;9;6;2;5;5;8;5;2;7;6;5;7;3;0;8;5;1;1;0;IT Consultant
5;0;0;2;3;1;2;1;1;9;5;9;2;1;6;7;6;1;8;5;Back End Developer
2;2;2;4;8;7;1;7;3;6;5;2;0;7;5;1;0;8;7;5;IT Sales Professional
2;3;9;4;5;2;9;9;9;0;6;1;1;0;2;4;7;1;6;2;IT Support Specialist
0;7;5;8;1;3;7;8;6;8;1;2;0;2;6;2;5;1;1;4;Systems Analyst
1;2;1;8;1;7;0;8;3;3;9;1;8;4;7;7;6;7;0;3;DevOps Engineer
6;9;2;4;9;6;2;2;6;5;4;0;1;3;5;8;3;4;4;2;Technical Writer
8;0;4;1;6;5;5;3;3;2;4;1;5;8;3;3;6;6;7;9;Systems Analyst
5;2;7;1;4;3;3;3;3;0;6;2;1;6;3;7;5;1;0;9;Machine Learning Engineer
6;9;5;3;4;1;4;8;3;9;8;7;3;5;3;7;2;5;2;8;Technical Support Engineer
1;4;7;8;1;0;4;4;1;4;5;2;9;8;4;6;9;1;6;5;Digital Marketing Specialist
9;4;4;7;1;2;8;9;6;8;8;1;3;2;5;8;1;8;5;4;Back End Developer
7;6;4;3;3;3;4;1;0;1;5;4;8;2;1;0;2;0;7;5;Quality Assurance Engineer
3;2;0;7;6;0;8;6;7;1;4;5;9;8;1;3;5;3;3;2;Front End Developer
6;7;5;2;0;9;1;7;2;6;7;1;8;1;2;2;2;6;5;4;Artificial Intelligence Engineer
3;7;7;4;6;8;5;9;4;3;3;5;0;5;7;0;4;5;5;9;Network Engineer
2;1;7;2;9;9;3;6;0;1;4;6;5;5;8;3;9;0;0;5;Software Developer
2;6;6;1;7;4;3;4;4;0;2;0;8;1;5;0;8;3;8;5;Computer Systems Manager
7;3;0;1;1;8;2;6;8;1;8;4;8;5;8;6;2;1;3;1;Technical Writer
3;6;9;4;2;8;8;5;5;8;5;8;2;3;6;9;4;8;2;9;Systems Analyst
2;1;5;6;9;1;9;4;2;3;2;1;1;8;3;6;2;0;2;4;Software Tester
8;2;6;4;9;9;8;0;0;4;9;9;9;3;5;1;0;3;3;3;Embedded Systems Engineer
5;6;6;5;8;8;2;2;6;0;0;1;9;9;4;9;1;4;5;8;Database Administrator
8;3;4;3;2;7;5;8;4;0;6;2;3;6;7;0;2;7;1;6;Software Engineer
2;0;5;3;6;1;2;4;8;4;8;4;1;3;1;3;3;7;5;8;Computer and Information Systems Manager
6;8;8;6;5;3;1;2;5;4;8;2;8;2;3;9;2;2;4;6;Machine Learning Engineer
1;2;1;6;5;7;8;1;2;7;3;5;5;1;2;0;0;8;0;2;Full Stack Developer
8;7;2;9;0;7;7;7;5;9;2;4;2;0;2;3;4;3;6;5;Data Scientist
7;0;4;7;2;4;4;0;0;0;8;2;8;6;8;4;5;6;5;1;IT Support Specialist
7;3;7;7;4;9;8;9;0;0;2;6;0;1;5;4;1;9;4;4;Data Scientist
8;2;0;1;7;4;7;6;0;0;8;6;8;6;2;9;5;4;8;4;Computer Hardware Engineer
3;5;8;2;0;5;3;8;1;5;6;0;3;6;2;4;3;7;6;1;UI/UX Designer
0;9;1;4;9;4;8;1;6;3;7;1;2;0;0;9;0;1;5;7;Computer Science Teacher
8;1;6;8;9;3;8;0;3;9;8;2;6;9;9;3;7;3;9;3;Cloud Architect
0;7;3;7;6;3;6;1;5;3;1;4;9;5;9;5;4;2;5;7;DevOps Engineer
1;1;3;4;7;5;0;0;0;7;9;5;1;3;9;6;6;1;6;5;IT Sales Professional
0;4;3;4;2;9;3;5;4;9;5;9;8;5;9;9;2;7;9;3;Systems Analyst
3;4;3;5;8;3;6;2;6;4;2;3;3;2;3;2;0;6;6;1;Embedded Systems Engineer
0;6;3;3;2;9;3;6;1;1;4;8;3;0;3;3;6;0;6;3;Back End Developer
7;8;6;6;4;5;7;8;2;4;1;6;6;8;2;3;5;2;2;2;Full Stack Developer
7;1;4;3;1;3;7;9;4;4;7;4;0;9;5;3;5;5;7;9;Technical Support Engineer
0;8;9;5;1;3;2;3;9;4;8;8;4;5;5;5;7;7;0;9;IT Project Manager
2;6;8;9;9;6;8;6;3;1;3;2;8;7;1;8;6;4;4;8;Technical Writer
4;1;0;4;6;4;8;1;7;4;4;9;9;3;2;5;5;8;3;2;Artificial Intelligence Engineer
6;1;3;4;3;9;7;2;0;7;4;2;8;7;9;0;5;0;4;5;Network Administrator
8;0;6;5;5;0;9;5;5;2;4;0;9;9;4;6;6;0;0;3;IT Sales Professional
5;3;1;8;2;3;2;4;7;0;6;8;0;4;9;3;3;1;4;0;UI/UX Designer
1;0;2;8;7;3;0;8;9;9;1;5;4;1;7;1;7;7;1;6;IT Consultant
6;7;0;4;0;6;1;3;9;5;6;5;9;0;1;5;3;8;1;0;Cybersecurity Analyst
1;6;4;6;0;3;8;5;9;8;6;0;7;3;1;5;4;8;4;3;Network Administrator
9;8;6;4;2;9;8;1;4;1;0;1;4;6;0;8;8;6;1;3;Full Stack Developer
3;9;9;3;2;5;7;3;5;9;0;5;9;3;3;5;0;6;0;0;Cybersecurity Analyst
3;5;6;7;4;7;2;2;7;9;8;9;0;3;4;9;3;6;8;7;Research Scientist
8;7;2;3;0;0;1;4;3;8;7;3;4;9;5;9;6;6;8;9;Database Administrator
1;4;2;6;5;7;7;4;8;5;3;9;4;6;4;5;0;4;9;7;Computer Network Architect
6;0;2;5;2;4;6;5;7;7;3;2;3;1;2;9;2;9;7;5;UI/UX Designer
1;9;3;8;6;5;6;9;0;7;0;2;7;5;6;4;6;9;2;7;Full Stack Developer
8;2;2;0;1;5;7;9;0;3;5;5;2;9;9;1;3;9;0;0;Systems Analyst
1;5;2;3;4;3;9;0;6;1;6;4;1;7;6;5;3;3;6;8;Front End Developer
0;6;3;6;3;8;5;4;5;1;6;5;0;6;6;9;2;0;5;3;Systems Analyst
2;2;6;4;7;8;9;2;2;3;8;7;8;5;9;3;4;4;6;1;Computer Systems Analyst
0;5;2;3;7;4;1;4;3;1;0;0;6;3;5;9;3;9;5;5;Mobile App Developer
6;2;9;4;0;7;0;5;5;1;6;0;1;8;4;5;2;1;3;4;Mobile App Developer
4;6;1;5;4;2;8;6;1;7;6;1;0;6;8;8;0;4;7;3;IT Consultant
7;6;6;9;4;9;7;2;9;1;3;8;3;0;6;6;3;5;1;4;DevOps Engineer
6;8;5;8;6;0;6;3;6;6;5;2;3;7;1;8;8;1;3;7;Computer Science Teacher
4;8;2;4;5;9;3;0;3;0;1;2;3;8;6;5;0;4;0;5;Cloud Architect
4;4;5;2;9;4;3;8;4;9;5;6;9;7;5;4;5;9;0;2;Software Developer
2;8;9;3;0;6;9;9;0;6;5;9;4;2;5;8;2;0;8;1;Database Administrator
3;7;5;3;7;6;6;3;2;3;6;1;2;2;6;2;4;8;0;1;Computer Hardware Engineer
2;6;3;4;1;4;1;8;5;9;7;8;6;0;2;3;5;6;1;1;Business Intelligence Analyst
1;5;1;1;9;6;5;8;8;1;9;8;2;7;8;0;4;6;4;7;Digital Marketing Specialist
1;9;6;2;3;3;6;8;8;8;8;6;6;6;7;0;2;8;0;8;Technical Writer
8;7;7;2;3;5;1;3;6;6;9;8;9;4;6;2;4;8;8;3;Computer Systems Manager
4;8;8;1;1;9;0;5;1;5;6;0;3;0;3;8;9;0;3;2;Software Tester
0;6;7;3;1;6;2;9;6;2;9;3;2;8;0;9;9;8;9;2;Front End Developer
8;1;3;6;9;0;6;7;3;5;8;8;9;7;0;4;9;7;3;1;IT Consultant
4;6;2;2;5;7;7;8;7;8;4;3;0;8;8;3;4;1;7;0;IT Support Specialist
6;2;2;8;8;0;9;7;4;5;6;1;5;1;4;3;4;9;9;2;Systems Analyst
4;4;3;7;7;8;9;1;2;0;2;1;5;4;6;2;8;3;9;4;Digital Marketing Specialist
9;9;3;4;2;3;4;0;7;2;9;8;7;2;3;1;5;1;6;5;Front End Developer
4;1;9;0;3;4;4;9;8;5;1;1;9;5;8;5;9;5;1;5;Technical Support Engineer
8;4;0;8;9;1;5;3;9;8;2;8;8;1;3;4;7;2;9;0;Research Scientist
7;5;7;7;2;9;9;3;3;4;7;2;0;0;6;5;0;9;7;8;Computer and Information Systems Manager
9;7;7;7;6;9;8;3;7;4;6;2;1;0;2;5;5;3;8;9;DevOps Engineer
6;3;1;6;7;5;6;0;9;4;5;9;9;2;5;7;0;0;0;1;Blockchain Developer
1;6;5;9;8;3;3;3;0;0;8;1;1;5;2;3;7;2;7;7;Technical Support Engineer
5;6;2;0;7;0;1;1;2;7;3;1;3;4;5;9;4;2;2;3;Digital Marketing Specialist
1;4;0;9;5;6;4;4;2;7;2;6;2;4;5;1;0;6;4;4;Business Intelligence Analyst
3;5;4;4;1;8;0;0;6;9;3;1;1;3;0;1;8;0;3;6;Network Engineer
1;6;4;0;5;1;7;7;0;0;3;5;3;1;3;6;2;8;6;7;Computer and Information Research Scientist
6;3;6;4;4;7;2;9;3;5;1;1;4;7;2;8;0;1;9;1;Technical Writer
9;2;6;3;9;3;9;4;4;8;7;9;9;0;4;9;2;0;9;8;UI/UX Designer
4;9;0;7;8;7;2;2;0;5;1;3;6;9;4;1;8;0;0;2;Technical Support Engineer
5;1;8;1;3;6;0;1;5;9;5;5;1;0;8;6;1;0;1;4;Computer Systems Analyst
2;7;4;2;1;3;9;2;4;1;3;0;2;8;1;2;7;6;0;1;Front End Developer
1;8;6;6;4;1;5;6;9;3;5;6;0;7;7;4;3;8;0;3;Network Administrator
9;7;5;0;8;3;9;9;3;0;0;0;3;3;1;9;3;0;0;0;Computer Science Teacher
8;4;4;1;5;0;2;5;3;6;2;7;3;1;6;3;8;7;1;8;Software Engineer
3;0;5;6;4;1;0;6;2;7;1;7;5;9;2;7;8;1;9;3;Game Developer
3;8;2;9;9;9;7;5;4;1;5;5;2;2;9;4;9;2;0;7;Front End Developer
2;6;0;0;5;1;0;0;4;3;2;4;3;4;9;2;1;3;4;8;UI/UX Designer
8;9;6;4;7;7;6;9;7;1;4;5;8;5;2;4;2;0;5;4;Software Engineer
3;1;7;4;5;4;4;4;2;6;1;2;0;1;8;3;1;1;2;5;Technical Writer
8;7;8;7;9;2;1;9;0;8;4;2;5;6;2;4;4;9;3;2;Computer and Information Systems Manager
2;4;5;3;4;3;6;0;2;6;1;8;4;4;1;4;2;7;1;3;Web Developer
3;7;2;3;6;2;1;3;6;9;8;6;8;2;2;9;5;1;2;5;Computer Programmer
2;7;3;8;6;1;7;4;6;3;4;5;8;8;9;0;5;9;0;8;Web Developer
5;9;6;3;0;6;1;0;3;9;4;9;4;1;8;5;6;2;4;8;Front End Developer
2;0;0;0;5;0;1;8;2;5;7;6;5;4;0;0;3;3;6;2;Cybersecurity Analyst
9;1;1;9;6;9;5;5;4;7;2;1;5;1;3;3;3;4;8;0;Computer Systems Manager
9;9;5;8;9;6;1;5;4;5;9;6;0;6;2;9;7;0;0;5;Computer Science Teacher
9;6;3;1;6;7;9;9;2;3;8;8;3;6;0;2;9;4;5;3;IT Project Manager
8;8;6;3;7;3;7;5;4;6;6;6;4;6;4;6;8;2;8;4;Blockchain Developer
9;8;6;5;9;8;9;1;1;8;8;8;8;9;3;7;6;8;6;0;Computer and Information Systems Manager
8;8;0;5;8;4;3;6;4;8;3;8;6;8;2;8;4;4;9;5;Software Tester
9;3;8;5;5;3;3;5;0;8;8;8;0;3;4;8;9;3;4;4;Computer Systems Manager
0;1;4;9;0;3;4;7;9;3;2;7;8;4;2;0;8;3;2;8;Software Tester
2;4;3;0;2;3;8;1;1;5;8;9;2;6;9;6;8;9;4;5;Quality Assurance Engineer
9;7;6;9;8;9;5;1;5;9;6;1;6;0;1;6;3;7;8;9;Game Developer
8;4;9;6;5;7;8;1;7;2;7;9;3;5;1;3;4;4;1;8;Research Scientist
5;5;2;4;5;7;0;6;9;8;5;3;9;5;9;2;2;9;1;4;IT Consultant
6;5;6;6;1;6;9;5;5;5;2;6;0;5;2;2;0;7;6;7;Web Developer
6;9;5;2;1;6;1;9;1;3;1;6;1;2;2;3;1;7;0;6;Machine Learning Engineer
8;0;4;1;3;4;7;9;3;7;5;8;0;2;9;4;8;4;2;7;IT Sales Professional
0;8;4;5;1;3;0;6;6;5;2;5;6;3;4;6;6;9;4;3;Network Administrator
1;6;2;6;8;1;3;8;3;6;0;9;0;6;7;1;1;3;4;2;UI/UX Designer
6;0;2;5;1;6;0;2;7;8;0;4;9;5;4;4;1;8;7;2;Cybersecurity Analyst
7;0;4;9;9;7;9;2;7;0;6;0;2;4;1;6;6;9;8;0;Software Tester
6;6;8;9;8;2;5;1;0;1;9;5;1;7;9;6;2;7;4;4;Computer Systems Analyst
7;5;4;3;3;5;4;6;6;3;5;6;6;1;1;7;8;4;4;7;Software Tester
8;1;4;3;1;5;7;0;0;0;2;2;2;5;1;3;1;3;1;1;Front End Developer
7;4;8;4;0;3;3;3;2;6;2;9;5;1;1;8;5;6;2;3;Computer Systems Analyst
2;7;5;0;7;1;3;3;6;0;7;5;6;2;4;4;8;2;7;2;Computer Science Teacher
4;1;1;3;4;4;0;3;7;1;8;9;6;1;1;2;3;6;4;2;Business Intelligence Analyst
8;6;7;8;2;0;2;7;5;4;5;4;0;5;9;2;8;5;8;8;Business Intelligence Analyst
2;4;4;2;6;6;1;5;6;7;3;7;7;5;7;0;3;3;1;7;Systems Analyst
7;8;4;5;9;4;6;7;4;4;8;1;1;4;1;2;8;2;0;3;IT Consultant
9;0;1;9;9;2;2;7;6;3;0;7;0;9;3;9;8;7;8;0;Computer Science Teacher
0;0;3;7;8;6;7;3;6;4;0;2;5;5;1;7;0;2;1;1;Web Developer
7;3;8;4;3;5;2;3;5;8;9;8;4;8;3;6;8;0;1;6;Artificial Intelligence Engineer
5;6;1;0;3;1;3;2;4;6;6;7;9;2;4;7;8;9;1;0;Quality Assurance Engineer
8;6;0;4;7;6;9;6;5;3;7;5;5;8;4;3;6;5;7;4;Software Tester
7;4;0;2;0;1;5;6;3;4;7;4;2;1;5;7;8;4;9;6;Blockchain Developer
2;5;3;4;4;0;5;0;5;2;5;3;9;0;3;0;4;4;6;8;Data Scientist
3;2;3;7;7;2;2;4;7;1;0;5;8;5;5;9;1;7;9;2;Computer Network Architect
7;9;7;9;2;3;5;4;4;3;5;9;6;9;4;4;6;3;9;2;Network Administrator
8;7;3;0;9;1;7;6;9;2;4;1;8;7;0;2;9;6;6;2;Systems Analyst
5;7;5;8;6;2;6;3;6;9;8;6;0;9;0;9;1;5;0;5;Systems Analyst
3;6;2;0;0;2;3;6;0;2;6;4;9;1;4;3;3;9;9;8;DevOps Engineer
4;0;1;1;3;5;0;5;5;3;4;8;4;3;6;6;0;5;4;8;Artificial Intelligence Engineer
3;3;9;4;7;8;5;3;3;3;5;8;1;6;6;0;4;2;2;7;Computer and Information Systems Manager
8;5;7;7;8;6;6;6;3;6;0;8;3;3;8;1;3;0;3;7;Blockchain Developer
3;9;9;6;5;5;7;7;1;9;8;6;2;1;8;6;1;8;9;3;Systems Analyst
6;5;7;0;9;6;6;2;7;7;1;7;2;5;4;6;5;0;4;8;Computer and Information Systems Manager
8;5;6;0;0;3;9;4;5;4;1;1;6;3;1;5;3;4;7;3;Blockchain Developer
7;3;4;6;4;5;0;4;8;8;8;3;7;4;1;8;0;4;0;2;Cybersecurity Analyst
4;0;0;7;7;0;3;1;1;1;7;6;4;1;6;5;7;7;7;8;Technical Writer
0;1;2;6;8;2;0;9;3;7;2;2;3;2;7;0;5;8;2;6;Front End Developer
2;3;6;4;1;6;5;2;1;3;5;6;6;6;3;9;8;1;6;6;Cybersecurity Analyst
7;5;1;1;8;9;5;1;3;6;6;0;6;8;9;2;0;8;8;0;Computer and Information Research Scientist
9;7;7;4;8;5;3;0;2;5;7;5;5;7;5;1;0;0;1;0;Computer Programmer
1;9;1;3;4;9;4;6;8;3;4;4;9;9;9;6;5;8;0;6;Computer Hardware Engineer
4;0;0;8;8;9;2;8;1;9;1;8;2;7;9;8;4;3;6;2;Business Intelligence Analyst
7;7;8;8;7;7;4;4;4;8;5;9;7;2;3;7;9;8;3;4;Quality Assurance Engineer
3;8;3;9;9;4;4;4;0;7;3;3;8;9;9;7;1;3;7;4;Software Engineer
6;5;6;9;6;6;8;8;8;4;6;7;0;2;9;3;9;9;3;8;Web Developer
7;9;5;0;8;0;0;9;5;3;4;8;5;6;0;2;8;6;9;8;Embedded Systems Engineer
8;2;5;1;3;7;0;9;0;1;9;0;0;8;8;4;3;8;9;2;Web Developer
2;9;7;8;3;9;7;3;8;6;3;3;4;5;5;1;4;6;0;5;Software Engineer
4;3;4;4;3;3;5;6;6;6;0;0;2;0;3;4;8;1;4;6;Systems Analyst
8;1;9;2;7;4;8;9;2;9;8;2;5;2;9;0;9;5;2;6;Computer and Information Systems Manager
5;3;0;0;4;9;1;1;3;8;5;4;3;2;0;9;3;8;8;1;UI/UX Designer
6;4;5;4;1;6;0;6;5;4;4;3;9;7;2;5;0;9;5;3;Quality Assurance Engineer
1;5;9;4;9;6;6;8;7;7;4;2;5;7;3;1;4;7;3;1;IT Consultant
2;5;7;8;8;7;3;1;0;3;5;5;2;6;5;3;1;2;0;2;Machine Learning Engineer
8;8;2;5;0;3;8;2;8;3;0;0;6;5;0;4;8;2;1;0;Software Developer
3;3;3;3;8;5;0;4;9;7;7;5;7;7;5;9;7;1;9;7;Database Administrator
5;8;4;5;6;7;6;4;9;6;9;7;5;7;6;8;7;7;1;6;Web Developer
8;7;9;2;5;5;9;0;5;0;4;6;3;4;0;4;3;9;9;8;Computer Hardware Engineer
5;2;8;4;2;3;1;0;2;4;2;8;1;3;2;0;2;3;6;9;Web Developer
4;7;3;0;0;2;2;4;3;2;4;9;5;1;9;1;1;1;7;0;DevOps Engineer
2;9;8;5;5;0;7;7;1;4;7;0;2;5;4;4;1;8;4;6;Software Developer
5;1;3;8;6;0;7;8;4;9;9;5;2;3;0;8;4;7;5;3;Database Administrator
8;2;7;1;9;6;2;5;4;8;5;0;3;3;7;4;5;9;7;8;IT Project Manager
0;4;4;3;8;7;8;1;4;4;5;5;6;8;7;2;7;3;6;1;Business Intelligence Analyst
5;2;3;1;6;0;4;2;6;2;5;2;5;0;9;5;1;3;1;3;Cybersecurity Analyst
0;4;0;2;4;3;4;2;8;3;2;1;5;1;6;7;8;6;1;9;DevOps Engineer
7;4;2;1;8;8;2;4;6;0;6;6;1;6;1;5;4;2;3;2;Computer Science Teacher
8;0;0;7;5;0;9;3;1;3;5;3;7;1;7;1;9;0;5;8;Network Administrator
8;6;0;9;1;4;7;6;7;9;5;1;9;9;1;5;9;0;7;0;Computer Hardware Engineer
9;8;6;7;2;2;2;0;3;6;3;3;3;0;2;2;9;3;2;9;Network Administrator
2;5;2;2;4;6;4;8;5;1;1;3;4;3;9;7;6;9;1;3;DevOps Engineer
0;2;0;9;4;2;8;4;7;3;1;4;3;0;1;5;2;3;5;5;Technical Writer
7;4;9;6;5;2;9;3;2;3;4;7;5;1;9;1;6;9;3;3;Computer Programmer
6;7;6;9;4;9;5;5;8;5;9;1;5;6;4;7;2;0;2;5;Game Developer
7;2;2;2;3;6;6;2;4;7;5;6;9;2;6;8;8;2;6;9;Technical Support Engineer
3;6;0;7;5;9;8;0;7;2;1;4;9;3;0;5;4;5;3;0;Back End Developer
3;0;5;6;1;8;1;3;2;4;7;2;4;8;3;7;9;6;3;1;Business Intelligence Analyst
0;5;9;7;2;8;9;3;5;8;1;9;4;5;8;3;1;2;3;5;Computer Programmer
3;3;5;5;2;8;1;9;1;1;9;2;5;7;8;4;4;1;5;0;Network Engineer
6;1;1;2;6;4;5;2;2;8;2;7;3;3;3;9;5;0;3;5;IT Project Manager
8;5;5;0;2;3;8;8;7;8;5;1;1;9;3;5;3;0;9;2;Software Tester
9;3;9;8;6;1;3;9;2;8;7;2;6;4;4;3;2;5;0;7;Technical Support Engineer
1;8;7;5;4;8;6;6;9;3;5;0;2;3;1;4;0;5;4;8;Cloud Architect
6;2;2;6;4;8;4;6;2;2;0;6;1;8;5;7;2;5;0;0;Artificial Intelligence Engineer
2;7;7;3;1;2;7;9;0;7;4;0;4;5;4;5;6;8;9;0;Cloud Architect
2;5;3;1;2;2;3;8;7;3;2;0;9;6;2;0;2;2;6;6;Technical Support Engineer
0;7;7;2;0;0;3;3;8;5;5;2;5;1;4;8;6;9;8;9;Business Intelligence Analyst
2;2;0;7;5;3;9;7;8;4;8;8;6;3;3;4;6;7;9;0;Game Developer
0;8;3;3;3;1;6;3;8;1;1;8;7;3;4;0;5;7;0;0;Cloud Architect
6;8;3;9;2;3;8;7;2;5;6;9;1;1;8;0;6;0;5;8;Network Engineer
3;2;0;1;9;3;7;9;6;9;0;3;3;5;8;3;5;5;6;6;Cybersecurity Analyst
2;8;0;2;4;2;5;2;3;8;1;2;0;0;0;7;9;2;7;5;Front End Developer
6;9;4;5;9;6;8;1;5;5;8;8;7;8;7;3;2;0;0;3;Computer and Information Systems Manager
0;8;2;0;9;0;6;6;0;3;4;2;8;6;6;1;1;9;1;9;Systems Analyst
2;4;3;3;5;1;1;0;1;1;8;4;1;0;7;7;7;8;5;0;DevOps Engineer
3;1;9;9;6;2;8;0;1;3;2;8;7;6;2;3;3;6;4;7;Back End Developer
7;3;8;8;4;1;4;0;0;2;6;5;4;6;9;6;1;1;7;5;Computer and Information Systems Manager
7;9;9;5;8;4;9;9;4;0;6;3;0;7;5;8;3;8;2;4;Cybersecurity Analyst
6;8;4;2;1;2;7;8;0;3;9;1;6;6;8;7;9;7;8;0;Full Stack Developer
7;8;5;6;8;3;3;7;8;7;7;3;5;5;1;8;5;8;9;7;Computer Programmer
7;1;7;6;2;0;0;2;1;0;0;1;8;4;5;5;5;7;9;5;Data Scientist
6;7;3;9;6;4;8;5;8;8;7;6;4;1;3;0;8;7;1;1;Digital Marketing Specialist
3;1;5;9;0;8;3;5;1;8;9;7;5;8;1;6;0;1;6;0;IT Project Manager
7;0;7;2;5;1;4;9;6;1;6;8;6;8;8;5;1;0;9;5;Cybersecurity Analyst
8;1;1;2;6;1;7;2;9;4;3;4;0;0;5;3;6;5;1;8;DevOps Engineer
3;1;4;2;0;6;7;2;8;0;7;9;2;2;9;1;1;9;8;3;Data Scientist
7;7;7;8;9;4;0;6;3;5;2;9;4;4;8;3;7;9;1;7;Database Administrator
1;6;6;3;5;1;1;8;9;8;7;9;5;5;4;2;4;3;2;2;Cloud Architect
7;4;7;8;5;3;8;5;6;9;8;2;0;5;6;4;1;6;3;6;Front End Developer
6;2;9;7;2;4;6;6;3;3;2;0;4;1;8;9;8;5;1;5;Technical Writer
7;4;3;7;1;9;3;4;5;7;3;1;5;0;4;1;3;4;1;2;Research Scientist
1;5;1;8;5;7;8;3;7;4;4;4;4;1;0;7;5;4;0;7;Software Tester
8;8;3;9;1;5;4;8;6;2;6;7;4;9;7;1;8;5;9;8;Computer and Information Systems Manager
6;8;6;0;7;0;6;1;4;2;9;8;3;6;7;6;9;3;7;0;Computer and Information Research Scientist
6;8;8;7;6;6;9;9;5;9;6;5;5;7;1;3;4;2;2;0;Computer Hardware Engineer
8;9;0;4;8;1;7;5;3;8;5;4;1;9;9;0;8;5;0;2;Back End Developer
0;7;5;2;1;0;9;0;6;0;0;3;4;3;0;3;9;1;6;4;Digital Marketing Specialist
4;1;8;0;0;2;3;4;0;5;9;3;9;4;9;6;5;1;3;0;Game Developer
4;2;1;1;3;3;9;1;5;1;1;6;1;3;6;7;8;5;0;3;Computer Hardware Engineer
9;5;6;1;9;8;1;2;4;3;4;7;7;8;1;8;0;1;5;9;Software Tester
7;6;1;3;0;5;7;1;0;3;7;0;1;4;7;9;8;6;6;7;Technical Writer
6;2;2;5;5;2;3;9;6;8;6;3;8;1;2;9;7;4;8;3;Cybersecurity Analyst
8;7;9;5;7;9;6;3;6;7;9;0;0;7;7;5;9;9;4;2;Computer Network Architect
3;0;3;6;2;7;8;4;4;4;9;4;2;4;9;0;8;4;6;6;IT Sales Professional
8;9;4;7;7;4;7;2;4;5;8;6;4;3;4;2;3;1;9;7;Cloud Architect
4;1;4;8;8;4;8;0;5;5;4;4;3;4;4;3;1;2;9;2;Computer Systems Manager
6;7;8;5;8;9;7;5;6;9;3;7;2;2;3;9;1;0;1;5;Embedded Systems Engineer
2;9;4;0;6;8;5;6;7;2;4;0;1;3;6;7;9;3;2;3;Data Scientist
0;4;8;5;1;3;5;5;2;7;9;1;2;5;9;8;1;3;4;8;Cybersecurity Analyst
7;9;9;8;8;6;4;1;4;7;9;5;4;5;4;3;8;0;3;7;Network Engineer
5;0;0;3;4;4;7;6;3;2;5;6;0;6;6;8;2;2;2;8;IT Sales Professional
6;3;3;5;4;4;1;0;2;2;2;4;9;7;6;9;8;3;6;3;Technical Writer
4;6;3;0;7;3;2;6;1;4;9;6;4;6;8;0;3;9;5;6;Computer Programmer
2;9;2;6;7;4;8;5;8;3;7;8;0;0;7;3;5;3;1;3;Software Tester
3;7;3;4;3;6;3;0;5;0;9;4;2;0;9;3;7;0;0;8;Database Administrator
6;1;1;0;5;0;0;9;7;7;2;2;8;6;0;6;6;7;8;3;IT Project Manager
3;3;3;3;7;8;2;3;3;0;9;0;1;0;7;6;8;9;3;4;Software Tester
0;5;1;7;0;3;0;4;7;8;3;1;8;2;1;0;4;4;3;9;Business Intelligence Analyst
6;3;5;7;7;9;3;2;8;0;1;3;0;2;0;9;1;3;6;8;Network Administrator
1;2;5;8;9;9;9;0;0;4;5;4;9;1;1;9;1;9;0;6;Computer Systems Analyst
7;5;6;5;2;1;2;1;0;8;0;7;6;5;7;3;8;5;7;5;Computer Network Architect
1;4;2;4;4;3;2;6;4;3;4;0;0;8;3;7;4;6;9;5;Blockchain Developer
8;2;4;5;3;3;8;3;2;7;3;9;1;7;1;7;1;5;8;8;Computer Network Architect
6;6;5;3;2;9;1;4;0;4;6;3;8;0;7;7;9;9;1;9;Game Developer
1;4;8;4;8;6;2;4;6;5;2;3;6;8;0;3;2;7;2;4;Software Engineer
5;5;8;5;3;6;8;0;2;8;1;7;9;6;9;1;7;7;2;0;Quality Assurance Engineer
5;7;2;5;7;8;3;9;3;5;7;6;6;6;3;5;4;4;1;3;IT Sales Professional
7;2;2;6;8;1;1;2;9;8;9;5;6;6;3;5;4;4;2;6;Blockchain Developer
5;3;8;0;7;0;5;5;1;7;9;8;8;5;9;4;5;5;3;3;Digital Marketing Specialist
3;1;3;3;1;0;9;1;3;9;2;8;8;9;5;4;9;8;4;8;Mobile App Developer
2;1;7;9;4;8;3;8;9;1;8;8;7;8;7;9;3;7;1;7;Network Engineer
1;4;0;4;8;9;1;3;4;1;7;7;7;0;6;7;1;5;8;7;Computer Programmer
7;4;1;1;9;3;3;6;3;6;0;9;8;6;6;8;2;9;2;4;Computer and Information Research Scientist
0;9;6;3;1;4;6;8;7;1;3;7;9;9;8;0;9;3;3;6;Software Tester
4;9;2;0;0;2;1;7;3;5;5;9;9;2;6;9;2;8;4;5;Network Administrator
7;5;9;4;7;2;3;9;9;0;6;0;5;6;9;9;1;1;4;1;Digital Marketing Specialist
8;3;3;4;2;5;7;9;0;5;2;0;5;8;1;7;6;5;5;2;Mobile App Developer
7;9;3;4;2;5;1;2;0;4;7;5;6;7;8;2;8;8;2;4;Computer and Information Systems Manager
7;6;3;0;3;9;5;9;5;1;9;7;1;6;8;7;1;0;5;3;Research Scientist
1;8;0;7;2;3;0;5;6;5;5;1;0;9;7;3;5;3;4;8;Mobile App Developer
6;2;6;1;9;9;2;5;7;4;1;8;2;5;9;7;3;0;0;4;Back End Developer
3;4;1;2;9;4;6;2;4;6;9;7;6;1;5;5;6;2;9;7;Computer Network Architect
3;0;4;5;3;4;1;6;6;7;2;1;1;9;1;5;7;6;0;7;DevOps Engineer
4;5;5;4;2;5;9;9;1;5;7;9;9;7;9;8;2;4;5;5;Computer and Information Systems Manager
8;0;5;5;3;1;6;6;3;8;1;6;2;3;9;7;1;8;1;6;Front End Developer
1;0;9;4;4;1;6;8;1;4;6;0;0;2;8;4;2;0;1;6;Mobile App Developer
3;0;9;8;9;3;0;3;9;6;2;1;7;9;6;0;5;2;0;7;Digital Marketing Specialist
4;8;5;0;5;8;3;2;9;3;3;6;7;3;5;3;9;3;4;1;Front End Developer
9;8;4;7;6;9;7;6;7;1;2;1;5;4;9;4;1;4;1;2;IT Support Specialist
8;2;0;7;4;8;5;2;3;7;9;1;4;9;0;9;7;7;2;7;IT Support Specialist
8;1;5;7;6;6;1;5;9;7;0;8;7;3;9;0;3;0;4;3;IT Sales Professional
6;7;1;2;5;3;8;2;8;5;2;6;9;0;6;2;8;6;9;9;Software Engineer
6;3;7;1;9;1;5;7;5;5;4;5;3;3;2;3;8;1;1;1;Mobile App Developer
6;7;2;1;0;0;3;0;6;2;2;8;6;7;5;4;4;7;8;4;Game Developer
7;9;8;6;3;0;2;6;9;0;2;5;6;2;8;0;9;3;1;8;Computer Programmer
1;1;4;9;6;7;5;4;7;8;8;5;9;9;1;2;7;3;7;4;DevOps Engineer
2;5;4;2;8;6;3;5;4;3;0;1;2;9;0;6;2;5;2;5;Digital Marketing Specialist
9;3;2;2;5;5;3;6;2;7;4;6;0;9;5;7;0;3;0;5;Network Administrator
7;3;0;9;5;7;2;8;9;7;4;3;4;1;9;7;6;3;5;8;IT Project Manager
0;3;2;4;4;2;3;6;2;1;3;7;2;1;0;9;6;9;2;9;Network Engineer
7;6;9;0;8;2;1;5;0;3;4;1;5;0;2;0;1;4;0;0;Web Developer
0;0;2;1;3;0;7;2;3;2;2;8;0;5;0;2;4;3;7;5;Systems Analyst
7;0;7;8;4;9;4;1;9;3;1;1;0;8;2;5;1;4;7;9;Computer Programmer
4;2;5;5;6;3;7;1;8;8;9;5;4;9;7;4;1;4;4;3;Computer Network Architect
9;2;5;9;8;3;8;6;4;2;1;8;6;4;6;4;8;3;7;5;Cloud Architect
3;1;3;0;9;7;1;1;9;5;4;3;6;2;9;4;1;1;3;0;Database Administrator
0;0;1;4;4;6;8;5;2;5;8;5;5;6;4;4;6;0;1;2;IT Project Manager
3;2;5;2;8;9;3;2;9;4;9;9;9;0;4;1;8;5;2;3;IT Support Specialist
3;0;1;7;9;6;7;7;6;9;2;6;9;3;6;4;1;7;2;1;Game Developer
9;2;9;3;8;6;6;5;6;8;2;5;7;5;6;3;0;9;0;9;IT Sales Professional
8;1;0;5;2;2;3;4;9;3;1;6;1;3;3;3;5;7;2;0;Network Engineer
6;3;0;4;3;2;1;0;1;0;1;9;8;6;3;8;4;2;5;1;Full Stack Developer
6;4;6;3;8;5;3;6;7;7;0;0;0;6;0;8;9;3;0;3;IT Consultant
1;6;9;2;9;7;7;8;1;1;6;0;0;5;5;8;1;6;7;5;Computer Network Architect
7;4;0;2;4;6;0;0;5;5;0;0;6;8;1;7;5;2;3;8;Cybersecurity Analyst
9;2;9;2;2;1;5;1;8;2;3;4;9;6;4;2;6;7;8;4;Technical Writer
8;6;6;7;9;0;5;8;7;5;1;8;5;6;2;7;0;4;4;1;Data Scientist
1;7;5;3;7;0;8;0;5;6;7;8;2;7;5;5;8;0;8;4;DevOps Engineer
9;9;7;1;8;7;0;4;1;7;6;3;5;8;7;5;8;2;4;5;Computer Hardware Engineer
1;0;5;7;7;3;8;9;0;4;7;3;4;7;3;3;8;7;1;4;Computer and Information Systems Manager
6;8;2;7;4;6;8;8;0;5;6;7;8;7;0;3;3;2;3;7;Technical Support Engineer
7;4;1;4;2;4;1;3;6;9;9;4;2;5;9;2;2;6;4;0;IT Project Manager
6;4;3;4;3;8;1;4;4;0;3;6;9;3;4;6;2;8;2;4;IT Support Specialist
3;3;6;1;4;0;5;5;9;9;4;6;4;8;6;2;4;3;2;9;Web Developer
0;3;0;4;7;5;5;5;4;3;8;5;8;1;9;7;5;4;5;1;Mobile App Developer
1;1;5;3;8;0;6;6;3;3;0;4;5;8;2;7;4;8;2;4;Game Developer
1;6;8;3;2;5;0;9;4;9;4;4;8;7;8;7;5;3;6;5;Cloud Architect
3;4;5;4;6;7;8;9;6;7;7;1;6;2;6;1;4;6;1;8;DevOps Engineer
9;6;1;0;9;2;5;8;4;5;5;3;6;1;3;4;1;1;9;8;Computer Science Teacher
7;4;7;6;7;6;6;2;3;7;9;7;5;3;5;3;0;6;3;6;Digital Marketing Specialist
9;6;5;9;7;2;5;7;0;7;2;0;9;6;7;7;6;7;2;9;Artificial Intelligence Engineer
5;7;0;3;7;1;3;6;8;3;6;8;3;3;5;3;5;6;0;8;Computer Systems Manager
8;6;4;3;2;5;5;5;6;0;1;6;3;5;8;6;3;8;4;5;Embedded Systems Engineer
3;6;1;8;5;5;3;0;8;9;7;4;9;7;7;1;5;1;5;4;Software Engineer
9;8;8;3;0;2;1;3;9;4;5;6;2;3;6;3;7;6;8;3;Front End Developer
9;4;4;8;8;1;5;0;1;7;2;6;8;9;6;4;9;6;7;1;Computer Hardware Engineer
1;7;0;5;2;2;2;0;7;7;4;4;0;9;5;3;0;7;8;6;Technical Support Engineer
0;4;4;5;9;4;7;2;2;5;9;8;6;9;9;7;0;8;2;5;Web Developer
0;1;2;1;3;5;3;0;0;4;6;7;8;0;6;0;4;3;3;6;Game Developer
4;9;3;3;8;4;8;9;1;0;3;9;6;0;1;7;8;2;2;9;IT Support Specialist
1;7;3;8;6;6;0;2;3;4;3;5;5;1;5;7;9;1;9;2;Full Stack Developer
7;2;5;3;4;6;3;8;0;2;1;8;1;0;5;2;2;3;7;0;Front End Developer
5;3;7;7;5;7;0;7;2;6;6;0;5;5;5;0;2;9;6;0;Software Developer
1;1;6;7;4;2;4;4;2;9;9;5;4;8;9;8;6;1;6;2;Cybersecurity Analyst
1;3;8;2;1;8;9;8;3;6;1;8;9;5;2;0;8;2;8;9;Blockchain Developer
5;0;7;2;8;0;7;3;9;1;8;9;2;7;5;5;9;1;4;3;Technical Support Engineer
2;6;0;9;7;4;0;3;6;6;5;0;9;8;8;9;8;7;5;6;UI/UX Designer
7;6;8;0;7;9;9;4;4;1;9;0;8;9;5;2;2;9;8;9;Network Administrator
0;9;3;8;2;1;4;4;7;1;1;7;0;7;3;8;5;4;1;1;Software Engineer
2;8;3;5;3;8;7;9;0;8;0;9;4;9;2;6;0;4;9;8;DevOps Engineer
5;7;4;7;8;0;6;2;1;9;7;2;0;6;4;3;2;9;8;9;Network Engineer
0;4;2;1;9;8;1;5;4;5;5;7;4;8;4;8;5;0;3;9;Quality Assurance Engineer
6;9;1;2;8;9;1;6;2;8;4;3;8;8;2;3;4;0;1;9;Digital Marketing Specialist
2;0;8;3;0;2;7;9;8;0;6;5;3;9;4;1;2;8;5;2;Computer Programmer
8;7;2;1;5;3;3;7;5;4;5;0;3;1;8;3;9;7;8;3;Computer and Information Research Scientist
3;8;8;9;4;1;7;0;0;0;7;6;1;5;1;4;8;1;0;7;IT Consultant
2;8;7;8;7;7;5;0;8;8;0;9;7;2;2;4;9;0;3;0;Data Scientist
3;4;9;0;1;8;8;4;3;9;0;4;5;8;5;1;9;0;9;1;Game Developer
1;5;6;9;9;6;9;6;6;6;7;0;6;2;7;7;0;3;1;6;Front End Developer
8;3;6;4;1;2;5;8;4;7;3;6;0;3;6;8;8;9;9;0;IT Sales Professional
8;3;0;9;6;9;4;4;2;6;7;4;0;2;9;0;3;2;4;6;Systems Analyst
0;0;7;0;3;9;0;2;8;4;1;9;5;0;8;6;9;5;3;0;Computer Network Architect
9;7;8;6;6;8;7;4;3;3;0;5;9;4;3;5;0;8;9;1;Embedded Systems Engineer
6;8;9;7;6;5;8;6;4;8;0;9;0;9;0;0;9;8;2;2;IT Consultant
5;6;4;4;0;1;7;2;9;9;9;8;2;1;0;8;3;2;4;4;Computer Network Architect
8;5;0;7;5;3;8;1;9;4;3;1;0;1;9;8;1;2;0;4;Systems Analyst
3;3;2;9;9;3;9;4;7;9;0;9;6;4;4;2;5;8;4;7;Digital Marketing Specialist
7;5;3;0;2;4;2;0;9;2;5;7;6;2;5;6;4;8;6;0;Software Tester
6;5;4;2;9;2;8;8;5;2;6;4;0;7;7;6;0;9;8;2;Network Engineer
4;2;0;0;4;1;3;9;7;7;4;9;3;0;9;6;1;7;6;5;Full Stack Developer
7;8;7;0;5;8;9;6;8;0;5;8;0;8;1;5;6;1;3;5;Full Stack Developer
5;3;4;0;9;3;4;4;6;8;6;9;6;1;3;5;1;4;5;1;Computer Science Teacher
7;8;1;3;4;3;4;6;6;5;2;6;3;6;6;4;7;3;4;5;Computer Hardware Engineer
6;4;0;0;5;6;2;7;4;2;6;5;5;3;9;3;6;5;5;9;Software Tester
6;2;6;3;3;8;7;3;2;2;4;7;4;1;1;5;3;2;5;8;Research Scientist
2;4;4;9;2;0;8;4;6;3;9;9;2;6;2;4;5;7;0;3;Front End Developer
3;2;0;0;1;6;6;9;9;5;1;1;0;9;9;4;1;1;7;3;Business Intelligence Analyst
0;6;3;3;7;5;3;2;4;3;8;1;9;5;3;6;0;6;7;2;Systems Analyst
6;4;4;1;7;7;3;5;9;3;1;7;6;4;2;9;2;1;7;0;Embedded Systems Engineer
5;4;3;6;7;9;4;9;1;0;0;5;1;4;5;6;9;1;9;3;DevOps Engineer
2;1;7;5;0;0;6;1;6;1;8;0;7;3;7;7;0;1;6;2;Artificial Intelligence Engineer
2;3;6;9;9;4;9;5;8;1;9;2;6;8;2;9;2;6;9;8;Computer Systems Analyst
4;7;5;7;7;0;9;2;3;3;0;1;0;4;6;9;3;6;0;4;Software Developer
8;0;7;9;6;6;8;7;6;1;9;2;5;3;4;8;3;2;2;8;Full Stack Developer
0;5;4;2;4;5;2;1;6;1;2;5;1;8;0;1;2;4;1;9;Machine Learning Engineer
6;2;4;4;5;3;8;0;6;8;4;6;0;2;1;7;1;8;1;5;Software Developer
7;4;0;1;0;5;2;6;3;3;7;2;8;9;6;7;0;3;5;1;Software Tester
8;0;8;8;2;4;3;4;9;8;7;1;1;9;2;1;2;2;3;4;Database Administrator
9;8;1;3;2;9;3;9;9;3;5;0;7;7;0;6;9;9;8;0;IT Sales Professional
0;3;8;9;4;4;3;9;6;7;2;8;1;4;5;6;7;2;6;6;Research Scientist
3;8;9;7;4;5;1;3;6;1;4;0;6;1;5;8;4;0;8;3;Computer Systems Manager
0;7;8;5;2;2;7;9;7;1;6;7;5;6;9;2;0;5;7;6;UI/UX Designer
1;2;4;2;3;9;5;8;5;7;4;7;3;7;9;6;9;8;2;4;IT Consultant
1;2;5;4;0;9;9;1;9;6;0;2;7;7;8;0;7;2;0;2;DevOps Engineer
4;9;8;2;4;7;5;2;1;0;7;4;7;2;5;6;2;2;5;5;Database Administrator
6;6;8;1;7;8;8;4;8;2;4;3;5;6;6;6;7;9;4;5;Data Scientist
3;0;5;2;5;4;8;5;2;9;3;3;0;5;7;6;5;1;5;3;Blockchain Developer
2;1;5;7;7;0;5;2;8;4;4;1;6;2;0;8;6;2;5;1;Artificial Intelligence Engineer
8;2;3;4;5;9;7;2;0;8;9;9;9;1;8;4;6;5;0;3;Full Stack Developer
6;2;9;7;8;0;1;6;9;4;6;0;0;0;9;7;5;1;1;0;UI/UX Designer
5;9;2;0;1;8;2;7;6;7;1;0;2;0;0;0;1;2;8;4;Embedded Systems Engineer
9;0;6;0;6;4;4;1;8;7;7;3;4;4;0;1;6;2;4;1;Web Developer
8;5;7;8;6;5;0;5;4;6;9;8;1;4;4;2;9;9;8;1;Front End Developer
7;2;0;8;0;3;0;3;2;2;9;2;3;8;6;5;9;0;1;2;IT Sales Professional
0;8;4;1;7;1;0;9;2;0;1;5;4;7;8;1;7;2;8;5;Game Developer
9;4;5;3;7;6;4;3;7;1;4;5;4;1;6;7;7;1;8;8;Mobile App Developer
4;3;9;2;7;1;7;3;1;0;9;2;2;1;1;3;7;7;6;6;UI/UX Designer
8;2;8;6;0;7;9;2;7;2;7;7;7;1;9;4;6;8;6;7;UI/UX Designer
9;0;0;1;9;6;0;5;7;4;2;0;7;9;7;0;4;3;9;4;UI/UX Designer
0;1;7;7;6;0;8;3;3;6;6;8;2;5;2;3;7;1;0;3;Embedded Systems Engineer
1;3;0;8;2;7;4;2;9;5;3;4;6;9;3;3;7;8;2;5;IT Support Specialist
6;2;6;8;7;0;8;7;7;0;2;3;0;9;8;1;5;7;0;6;Business Intelligence Analyst
9;2;3;8;6;2;2;3;4;8;5;3;9;2;4;0;8;5;9;1;Computer Systems Manager
6;1;6;1;2;7;9;3;6;8;9;6;4;4;9;6;6;7;4;5;Computer and Information Systems Manager
9;9;9;6;6;5;3;7;3;3;1;6;2;2;1;0;3;6;8;3;Systems Analyst
0;0;9;6;2;4;5;7;3;3;9;2;0;4;0;3;1;5;8;3;Blockchain Developer
1;5;7;0;4;2;2;8;1;1;8;8;0;3;0;7;9;6;1;2;UI/UX Designer
6;9;2;1;4;1;6;9;8;4;0;7;9;6;8;8;8;8;7;1;Back End Developer
6;6;8;2;3;2;7;8;4;0;0;4;9;4;8;8;9;0;5;6;Technical Writer
1;9;0;4;7;4;7;6;4;4;3;8;0;9;3;2;6;8;1;6;Data Scientist
3;5;1;9;9;5;8;7;6;2;6;7;6;9;8;6;4;3;2;6;Software Developer
5;7;3;2;7;2;2;8;9;5;3;2;0;4;5;1;9;6;4;7;UI/UX Designer
8;0;8;4;8;7;0;4;8;5;3;9;5;6;8;2;8;7;0;5;Web Developer
4;4;0;8;0;3;4;0;7;1;5;4;9;9;7;2;0;6;2;5;Research Scientist
3;5;7;2;5;3;8;3;4;4;1;7;9;9;2;8;0;7;9;3;Artificial Intelligence Engineer
8;6;6;9;9;4;5;8;3;5;8;6;7;8;7;3;1;2;0;9;Artificial Intelligence Engineer
5;1;1;2;2;8;7;5;7;8;6;2;9;6;4;0;2;4;0;2;Game Developer
6;3;0;4;8;3;7;5;0;2;2;9;7;9;9;2;8;4;0;2;Software Developer
1;3;7;8;4;3;4;6;8;2;0;0;0;7;3;3;0;4;0;5;Computer and Information Systems Manager
4;5;2;7;1;8;3;3;8;1;0;8;8;8;6;8;6;6;3;0;UI/UX Designer
1;7;9;3;1;4;9;3;5;1;6;1;9;4;4;7;0;4;5;0;Database Administrator
8;1;1;6;5;7;4;6;6;9;6;8;3;8;8;1;4;5;4;5;Web Developer
1;7;6;4;5;1;5;3;7;0;4;5;1;2;8;8;0;0;7;3;Game Developer
5;1;2;8;9;2;9;2;2;0;5;2;7;9;6;7;4;0;7;7;Cybersecurity Analyst
2;7;3;5;5;0;0;5;0;9;3;1;4;0;7;3;5;7;2;9;Digital Marketing Specialist
1;9;2;2;5;2;9;4;4;1;0;6;4;5;6;9;9;1;2;0;Technical Support Engineer
6;5;3;4;2;9;6;5;7;6;2;3;8;6;0;6;0;0;1;6;IT Consultant
5;9;7;9;3;9;2;0;3;0;6;8;4;1;7;9;0;1;0;4;Cybersecurity Analyst
6;7;9;7;4;7;9;6;5;0;8;4;7;7;7;9;9;1;2;9;Quality Assurance Engineer
0;2;1;4;1;5;6;6;6;6;1;4;5;3;8;8;7;2;4;1;Technical Support Engineer
0;4;1;2;4;5;7;1;0;6;2;5;4;2;6;3;8;1;8;4;IT Support Specialist
2;9;8;1;0;0;8;0;3;7;0;9;9;5;3;1;2;6;9;6;Computer Network Architect
0;4;3;6;4;9;9;0;0;7;9;6;1;9;3;4;9;0;5;1;Digital Marketing Specialist
0;8;5;3;8;8;5;3;1;4;9;7;6;7;4;8;3;5;2;5;IT Sales Professional
8;0;7;0;6;4;5;0;5;5;9;0;2;2;4;9;9;1;5;8;Quality Assurance Engineer
8;7;8;9;2;5;2;2;4;7;1;9;7;3;8;6;5;7;1;3;Quality Assurance Engineer
8;0;6;7;4;9;6;7;1;8;9;7;7;8;5;3;1;5;1;5;Technical Support Engineer
5;8;9;5;4;6;1;1;8;4;3;6;6;7;8;2;5;2;5;9;Web Developer
0;1;0;9;8;0;0;8;2;8;5;6;9;5;5;6;2;0;5;8;Software Tester
0;0;3;6;7;1;7;6;8;4;7;4;7;0;5;6;7;7;5;6;Software Developer
7;3;8;6;1;9;6;8;3;1;2;6;5;7;5;9;6;5;8;5;Research Scientist
9;5;8;0;9;6;5;3;2;4;0;9;9;7;2;9;8;3;6;5;Software Developer
7;1;6;0;9;1;2;1;9;5;2;4;3;8;1;8;6;6;9;8;Database Administrator
4;1;9;7;9;8;6;3;6;7;5;2;3;8;4;3;3;9;1;6;Software Developer
3;9;2;5;9;7;9;4;7;1;3;0;2;1;9;7;1;5;8;3;Quality Assurance Engineer
2;7;6;0;7;2;7;8;8;0;7;7;3;0;1;7;0;8;9;1;IT Support Specialist
5;1;1;5;0;5;6;6;3;1;8;9;1;0;1;3;3;9;6;6;Computer and Information Systems Manager
5;8;1;3;3;4;3;2;2;1;2;0;7;1;0;1;0;3;7;9;Quality Assurance Engineer
9;1;2;0;6;5;6;2;2;5;9;6;9;1;5;8;2;7;9;9;IT Support Specialist
8;0;2;8;2;7;0;1;2;9;7;4;5;9;2;9;7;1;6;5;Game Developer
4;4;2;7;5;3;2;1;7;2;2;9;1;6;4;8;1;9;7;7;Technical Support Engineer
1;8;0;7;5;9;8;8;1;4;4;0;3;4;9;7;9;8;3;7;Computer Network Architect
8;2;9;7;0;9;6;5;8;5;2;1;6;8;6;3;6;8;4;3;Embedded Systems Engineer
8;2;2;6;0;8;8;2;8;7;0;6;4;2;0;2;7;9;0;7;Computer Network Architect
8;8;1;8;5;5;9;8;5;8;0;4;6;0;7;6;6;8;4;2;Web Developer
0;8;1;4;3;1;6;3;4;7;3;3;4;6;2;0;2;6;7;0;Back End Developer
4;7;5;5;4;6;9;9;5;5;0;1;9;3;3;4;0;8;1;2;IT Project Manager
7;5;7;6;1;1;6;0;2;6;8;7;4;7;8;0;4;7;2;7;Cybersecurity Analyst
5;9;1;0;5;1;1;2;6;5;0;8;8;1;1;4;0;2;8;9;Quality Assurance Engineer
0;8;0;1;9;5;8;0;4;2;6;5;0;0;7;0;3;2;5;9;Computer Network Architect
9;2;8;6;1;4;2;3;5;3;8;3;0;9;3;2;2;5;9;1;Front End Developer
8;0;5;2;0;2;4;4;9;4;0;7;8;7;3;9;2;0;0;5;IT Project Manager
8;2;5;7;0;8;1;8;1;4;4;5;9;2;1;8;4;2;1;1;IT Support Specialist
3;3;0;9;6;1;9;6;2;9;6;2;5;4;5;6;8;8;2;6;IT Consultant
0;7;8;4;4;7;2;3;9;2;8;4;7;6;3;7;9;3;3;7;Computer Systems Manager
9;1;5;6;0;0;9;3;8;4;0;4;9;1;9;0;8;9;2;8;IT Support Specialist
7;0;5;4;2;0;3;7;0;7;9;8;3;0;0;9;9;9;3;3;Computer and Information Systems Manager
2;2;1;7;0;2;1;5;3;0;6;5;0;7;3;1;8;9;1;7;Data Scientist
4;3;4;0;2;9;9;8;6;2;5;5;4;1;4;2;2;2;1;1;Business Intelligence Analyst
3;5;9;9;7;0;7;6;5;2;3;9;0;4;1;4;1;9;5;4;Data Scientist
1;8;2;2;9;0;2;8;4;3;6;9;8;8;2;6;6;9;7;3;Computer Science Teacher
9;6;9;6;5;9;0;5;9;0;0;6;4;4;9;9;2;8;5;7;Computer Science Teacher
0;3;0;8;8;7;2;9;0;0;0;5;7;0;9;0;5;7;1;4;Computer Network Architect
6;0;4;6;4;4;4;1;9;5;3;7;3;9;3;4;7;6;2;1;Computer Hardware Engineer
3;8;7;7;1;2;1;9;5;2;4;4;2;4;1;8;4;0;3;9;Computer Network Architect
4;8;4;7;9;5;1;9;2;3;1;5;9;1;9;2;5;4;6;3;Computer Science Teacher
3;9;1;2;2;1;0;7;1;9;3;5;1;9;1;1;3;9;4;0;Computer and Information Systems Manager
2;3;3;2;0;1;7;3;0;9;3;4;2;4;6;2;7;9;3;0;Computer and Information Systems Manager
0;7;5;7;4;9;6;4;7;3;3;2;1;0;5;0;8;0;8;5;Mobile App Developer
3;6;0;2;5;2;6;8;1;1;3;4;7;1;1;4;0;9;5;3;Quality Assurance Engineer
5;9;2;4;4;7;5;8;7;4;5;8;6;5;5;6;4;4;4;3;Computer Hardware Engineer
4;7;2;9;4;6;5;0;2;3;4;5;5;8;1;9;6;8;0;2;Game Developer
4;6;9;5;2;6;1;2;1;9;5;8;2;4;2;9;0;7;8;5;Software Engineer
0;8;5;8;1;4;7;0;4;5;1;5;1;9;3;9;7;7;1;9;Cybersecurity Analyst
8;9;8;6;0;4;8;3;6;4;3;9;5;8;1;7;2;3;9;0;Computer Programmer
8;6;0;4;8;3;3;1;0;3;4;9;6;8;1;2;5;2;2;8;Blockchain Developer
2;4;0;6;8;6;2;1;0;9;8;4;0;9;2;3;9;4;3;5;DevOps Engineer
2;4;8;2;0;2;4;6;2;2;9;1;8;2;9;0;2;0;8;7;Cybersecurity Analyst
0;8;7;2;6;7;4;6;3;4;1;9;3;5;4;1;0;6;2;4;Blockchain Developer
2;1;5;6;7;8;8;1;9;1;0;5;7;3;1;9;7;4;1;6;Network Administrator
3;4;3;6;6;8;7;7;9;7;1;2;5;6;7;5;1;7;7;1;Computer Systems Manager
0;2;8;8;6;1;3;2;6;2;0;5;9;4;3;2;0;8;5;9;Network Administrator
6;5;9;0;2;9;8;8;3;0;1;5;1;3;5;5;5;2;5;9;Software Developer
0;0;1;0;4;1;0;1;6;6;3;7;1;5;5;9;4;1;8;6;Embedded Systems Engineer
5;2;0;3;6;5;3;6;3;2;9;9;8;7;6;8;1;8;3;5;Digital Marketing Specialist
6;2;0;2;2;9;3;5;3;0;9;0;7;2;4;2;7;8;8;3;Quality Assurance Engineer
7;4;9;4;8;4;5;6;7;6;4;3;8;9;9;5;5;3;7;3;Computer and Information Systems Manager
3;8;7;9;8;7;5;9;6;9;8;4;8;0;2;6;6;9;2;3;IT Consultant
1;1;3;8;4;7;6;1;3;2;8;6;9;1;7;3;4;5;2;6;UI/UX Designer
5;0;0;4;3;1;7;0;3;3;2;3;5;5;1;4;5;5;9;8;Network Administrator
0;9;6;8;5;4;8;2;6;9;5;3;2;1;0;5;2;4;1;7;Computer Hardware Engineer
0;4;6;4;6;2;7;1;9;2;2;3;4;6;8;9;1;7;3;4;IT Sales Professional
9;3;7;8;0;9;4;8;3;5;6;2;5;0;4;8;3;4;1;6;Software Engineer
3;4;8;0;3;4;9;5;0;4;7;6;9;1;1;2;0;6;1;9;Network Engineer
7;5;7;6;9;8;0;4;8;2;7;2;1;4;1;2;8;5;0;5;Computer Science Teacher
2;5;1;5;1;2;9;8;3;2;8;4;1;6;3;4;2;7;8;3;Digital Marketing Specialist
2;3;2;3;8;3;6;1;0;8;7;8;3;3;5;1;0;7;8;2;DevOps Engineer
4;7;4;8;3;4;1;6;1;2;8;5;3;3;1;9;0;8;3;3;Back End Developer
0;4;4;9;0;1;4;1;1;7;3;8;6;4;0;0;4;2;1;2;Computer and Information Research Scientist
5;4;7;2;7;5;4;9;5;6;7;1;8;9;2;5;7;0;7;4;Technical Support Engineer
0;9;5;6;7;1;4;2;7;3;0;8;4;5;2;6;3;9;1;0;Research Scientist
1;3;3;9;4;2;5;3;3;2;2;9;6;4;4;3;5;6;8;4;Software Tester
2;2;7;6;9;6;6;5;5;5;6;5;5;3;6;9;6;2;3;1;Computer Science Teacher
7;1;6;6;1;7;3;8;5;4;2;7;2;8;1;5;6;7;4;2;IT Support Specialist
3;9;2;2;9;0;6;4;0;9;8;4;7;3;8;5;4;6;4;8;Computer Network Architect
6;0;3;6;7;1;3;1;8;6;5;3;4;9;5;3;6;4;5;6;Full Stack Developer
9;0;8;5;6;3;5;1;6;0;4;3;5;3;6;5;9;5;5;9;Systems Analyst
7;6;1;9;3;2;2;5;2;6;1;6;2;5;5;1;1;1;1;7;Software Engineer
3;6;2;2;3;0;1;4;7;9;6;1;9;0;0;2;4;1;7;9;IT Support Specialist
3;0;9;2;9;0;6;9;3;5;3;8;8;9;3;1;9;5;9;9;Technical Support Engineer
6;2;6;2;0;7;5;8;6;8;3;1;5;4;0;4;3;5;2;8;Quality Assurance Engineer
2;8;6;0;7;3;9;4;2;9;6;2;3;1;1;8;0;8;4;3;Computer Hardware Engineer
2;5;2;8;4;9;0;7;7;6;6;1;3;4;1;2;7;1;2;9;IT Project Manager
7;4;8;1;6;1;1;4;4;1;7;2;7;9;7;9;0;5;0;3;Computer and Information Systems Manager
5;2;2;2;3;6;2;1;8;3;1;5;8;9;1;6;3;6;3;5;Network Administrator
3;0;3;4;2;2;8;4;5;0;6;0;2;8;9;8;8;9;9;7;UI/UX Designer
4;2;8;2;4;1;2;1;8;7;7;5;7;4;2;8;8;5;4;4;Network Engineer
7;5;0;8;4;9;5;3;8;8;9;5;1;6;5;9;9;6;9;7;Digital Marketing Specialist
0;4;7;2;0;4;4;3;7;5;5;7;6;7;0;0;9;5;6;1;Computer Systems Manager
4;2;2;4;3;7;7;5;8;7;2;8;9;8;0;6;2;3;4;1;Computer Systems Manager
8;9;4;4;4;3;8;5;2;5;6;8;7;5;1;3;7;3;5;7;Computer Network Architect
8;1;9;2;9;0;6;8;9;3;8;5;6;4;8;6;8;5;9;1;Computer Hardware Engineer
2;7;8;5;3;4;2;8;7;9;0;0;1;5;4;0;6;1;5;0;Software Tester
4;0;6;0;6;2;0;1;6;0;3;1;8;7;1;4;2;1;8;3;Cloud Architect
6;9;3;0;6;0;6;4;3;2;5;3;4;3;5;6;7;0;5;4;Front End Developer
0;3;9;6;0;7;8;0;3;4;2;6;4;2;8;6;6;4;7;8;Back End Developer
9;5;1;1;1;1;7;3;5;0;2;8;4;3;0;2;4;0;3;0;Business Intelligence Analyst
7;3;0;3;7;7;0;3;1;2;9;0;5;8;6;2;9;1;1;6;Systems Analyst
6;2;5;2;3;7;2;3;1;4;6;3;7;0;1;4;7;7;7;9;Cybersecurity Analyst
9;7;9;5;1;6;6;9;8;0;1;7;6;0;1;6;9;3;6;2;Cybersecurity Analyst
5;6;2;7;8;0;0;4;8;8;2;8;8;6;4;4;6;1;2;5;Computer Science Teacher
0;8;4;5;6;7;4;1;6;1;3;7;4;0;7;4;2;0;3;4;Software Tester
4;7;9;9;2;6;5;2;2;0;4;6;9;4;5;5;8;2;5;2;Computer Programmer
2;5;9;6;8;5;8;9;7;7;8;0;3;1;8;5;6;1;0;5;Data Scientist
2;9;7;0;0;1;5;7;7;9;1;4;7;4;1;5;8;7;2;2;Technical Support Engineer
0;9;4;3;1;8;8;9;1;7;6;6;8;5;5;9;0;5;0;8;Software Developer
9;6;1;8;2;6;5;7;8;5;1;3;6;9;5;5;3;0;9;9;Computer and Information Systems Manager
4;4;1;8;5;7;4;7;5;7;3;8;1;1;5;8;8;3;1;9;Technical Writer
2;3;3;2;7;1;2;0;7;6;3;0;0;9;7;7;0;7;3;5;IT Support Specialist
1;3;1;4;6;6;4;1;9;8;3;5;6;3;7;0;6;9;1;0;Cloud Architect
1;4;9;1;6;8;6;4;0;3;7;8;2;7;7;1;8;4;2;4;IT Support Specialist
3;5;9;3;8;2;7;5;1;1;3;8;1;1;9;9;3;7;2;3;Machine Learning Engineer
5;7;7;5;4;8;5;0;9;7;8;4;8;8;0;6;9;2;7;2;Database Administrator
6;8;0;4;1;6;5;5;0;6;6;2;4;5;1;6;5;4;2;8;Software Tester
3;7;4;1;0;3;6;9;8;8;5;7;1;6;1;3;9;2;1;5;Data Scientist
2;3;0;9;0;7;3;6;4;6;4;8;5;8;6;7;0;3;8;4;IT Consultant
3;1;3;1;5;3;1;3;0;0;3;7;5;7;0;1;2;5;5;3;Mobile App Developer
8;7;4;7;1;3;1;4;1;6;2;3;3;3;3;6;2;8;8;4;Computer Systems Manager
4;9;3;9;9;4;1;8;9;4;6;8;0;5;3;3;8;0;8;0;IT Support Specialist
8;0;5;6;2;3;2;5;1;6;1;1;1;2;5;5;6;3;5;7;Cloud Architect
1;1;3;6;7;8;4;7;7;5;3;1;3;7;7;4;4;1;5;9;Business Intelligence Analyst
8;0;0;6;4;2;3;8;4;8;8;9;7;1;3;6;6;3;5;0;Research Scientist
4;0;2;5;9;5;0;4;1;3;3;9;6;8;0;1;8;5;4;8;Cloud Architect
4;8;5;9;6;5;1;0;3;5;3;2;4;9;6;9;8;8;9;3;Data Scientist
4;1;5;6;9;0;8;5;3;2;4;2;9;5;3;6;3;2;2;9;Business Intelligence Analyst
8;8;9;5;3;0;8;6;2;3;9;8;8;0;0;4;3;1;1;3;Web Developer
1;4;7;5;5;6;3;3;9;2;2;4;8;7;8;0;5;1;3;3;Research Scientist
4;0;6;7;7;7;4;3;2;6;3;9;7;2;5;4;3;6;3;7;UI/UX Designer
1;1;7;0;7;0;1;3;5;1;2;4;0;9;1;9;4;8;8;3;Cybersecurity Analyst
6;5;7;2;3;9;6;3;6;1;5;3;8;4;3;5;1;5;4;9;Database Administrator
5;4;3;3;0;9;2;3;1;7;0;3;2;1;9;8;4;2;0;2;Front End Developer
9;0;1;2;2;2;4;8;4;1;1;4;8;6;6;2;8;7;9;7;Network Engineer
2;3;5;3;9;6;3;9;0;5;7;0;8;3;6;7;8;0;1;8;Software Engineer
6;1;3;9;9;0;0;3;3;8;2;3;1;8;1;6;5;6;9;4;Blockchain Developer
1;1;4;5;9;6;4;3;1;6;9;9;2;6;5;1;6;4;7;0;Blockchain Developer
4;7;4;6;7;1;7;5;2;9;2;0;0;1;4;8;7;7;9;9;IT Sales Professional
3;8;2;3;5;9;7;4;3;2;1;0;1;4;5;8;5;8;0;5;Back End Developer
2;3;6;5;3;2;0;0;3;1;0;6;7;9;0;3;4;3;9;6;Computer Systems Analyst
7;0;3;4;3;2;4;0;8;6;4;5;3;0;2;0;8;6;2;5;Software Developer
9;2;7;1;2;6;8;8;3;5;9;3;7;5;3;4;0;7;5;7;Full Stack Developer
1;2;1;0;8;2;7;7;7;1;4;5;7;4;7;3;4;8;4;5;Network Engineer
2;7;8;1;8;5;4;4;0;3;9;1;3;4;4;4;1;8;3;6;Full Stack Developer
1;0;0;2;4;5;0;2;9;2;5;7;5;9;9;6;7;2;2;0;Technical Writer
8;9;6;0;0;4;4;4;9;8;4;3;2;3;6;5;9;6;6;4;Software Engineer
1;4;8;1;0;1;0;7;0;2;1;6;5;7;8;1;8;0;8;4;Computer Science Teacher
3;2;7;2;1;2;3;0;2;1;3;6;3;7;1;1;1;4;1;2;Computer Science Teacher
6;7;8;7;3;1;2;9;5;0;2;3;4;0;8;0;1;0;5;5;Quality Assurance Engineer
6;1;8;5;6;7;6;7;7;0;2;2;3;7;9;2;7;9;3;2;Back End Developer
1;6;1;9;1;8;9;5;3;8;7;5;9;9;4;8;7;8;4;8;Data Scientist
8;8;8;2;4;3;4;6;2;1;3;9;5;0;2;8;8;3;6;9;IT Support Specialist
0;3;4;4;7;3;3;1;1;9;1;2;7;3;9;5;6;5;1;6;Back End Developer
5;2;7;0;6;4;9;0;8;6;3;5;4;6;8;7;3;1;0;6;Artificial Intelligence Engineer
3;5;9;3;0;8;0;5;3;8;2;1;2;7;9;0;6;6;8;6;IT Support Specialist
7;4;3;3;9;5;5;3;9;1;9;0;7;1;0;1;2;3;3;6;Systems Analyst
7;5;6;3;9;5;9;1;8;5;2;3;2;7;5;5;9;6;6;4;Web Developer
6;9;1;1;0;7;8;7;5;5;2;2;4;1;0;5;8;2;7;6;Computer Science Teacher
7;5;7;1;1;4;0;4;4;3;9;2;0;9;7;4;1;2;9;6;DevOps Engineer
4;9;0;0;7;5;5;8;7;2;2;7;2;9;7;8;5;1;5;5;Quality Assurance Engineer
6;0;1;8;3;1;8;5;0;1;9;6;0;7;0;4;6;0;7;9;DevOps Engineer
0;1;4;8;8;4;2;3;7;2;8;1;4;3;3;8;1;4;1;4;Computer and Information Systems Manager
1;1;1;5;5;5;1;1;4;3;5;0;1;1;3;4;9;7;3;1;DevOps Engineer
8;9;4;1;1;4;1;4;2;2;9;3;3;1;9;0;4;9;1;6;Cloud Architect
5;7;6;9;0;7;7;8;5;3;3;4;1;7;1;7;0;0;2;4;Back End Developer
9;8;5;4;3;4;2;7;6;5;5;5;5;8;2;5;5;2;9;8;Machine Learning Engineer
2;8;8;5;6;0;9;6;3;7;0;1;1;0;5;5;0;8;8;1;Research Scientist
2;3;1;5;6;2;4;4;9;4;2;4;3;3;1;7;5;7;2;4;IT Sales Professional
9;0;5;5;7;4;1;6;4;5;8;6;4;7;0;0;7;4;6;9;Cybersecurity Analyst
6;1;7;9;2;2;4;6;0;9;0;0;8;4;3;0;4;3;6;8;Computer Network Architect
7;6;9;8;9;3;0;2;3;3;9;0;6;9;2;0;6;6;2;1;Digital Marketing Specialist
4;8;6;4;2;6;6;9;4;9;3;6;8;4;4;2;6;6;5;8;Research Scientist
3;2;8;0;4;1;1;5;5;6;7;6;4;9;8;2;0;6;6;8;Computer Programmer
7;9;4;3;3;5;4;0;6;5;8;1;8;6;9;1;0;0;9;6;Systems Analyst
8;8;8;5;8;3;3;0;1;5;2;2;1;4;7;8;0;0;6;5;UI/UX Designer
2;4;3;6;2;8;0;0;8;8;2;4;9;2;3;6;2;8;2;5;UI/UX Designer
7;4;2;9;6;6;0;2;6;3;9;3;6;3;8;0;3;1;7;8;Mobile App Developer
3;3;5;9;2;8;6;2;3;0;3;7;6;1;4;5;1;2;1;7;Computer Systems Manager
3;0;0;5;2;3;1;9;6;2;4;8;8;0;9;6;9;5;8;4;Cybersecurity Analyst
0;7;6;7;6;3;2;8;0;5;7;0;6;5;3;9;5;2;0;0;Cloud Architect
2;5;5;5;6;4;7;0;1;3;9;2;7;6;2;8;0;9;7;1;Computer Programmer
8;0;3;6;3;0;5;4;9;6;5;3;3;7;9;4;4;5;1;7;Embedded Systems Engineer
2;7;0;3;4;4;6;6;6;3;9;7;9;7;2;4;8;5;8;6;Cybersecurity Analyst
6;2;0;1;7;7;6;9;6;6;8;3;3;1;4;5;8;6;0;7;Software Developer
1;9;8;9;3;1;9;5;6;6;2;7;2;5;4;9;1;7;6;5;Back End Developer
8;3;6;5;9;4;8;0;8;4;3;9;0;1;6;1;4;8;8;3;Digital Marketing Specialist
7;7;1;9;2;8;2;1;3;5;6;8;0;3;4;2;0;9;7;2;Research Scientist
1;5;1;3;8;3;0;0;7;1;0;5;3;5;3;4;4;8;8;1;Machine Learning Engineer
2;4;0;3;7;9;7;3;8;9;1;3;8;7;3;7;8;4;2;6;Database Administrator
1;9;7;6;8;0;1;1;4;3;6;9;6;7;7;0;6;6;6;3;Artificial Intelligence Engineer
4;5;2;0;8;2;2;2;6;2;3;5;1;4;6;2;5;3;5;3;Computer Programmer
3;1;2;7;1;0;4;8;1;7;6;6;3;2;9;6;1;3;0;9;Artificial Intelligence Engineer
3;4;6;0;9;8;3;4;0;4;6;3;2;1;0;5;5;1;5;6;Quality Assurance Engineer
3;2;7;9;2;2;6;0;2;7;7;4;3;4;0;0;5;3;2;9;Network Engineer
0;2;8;8;1;2;1;5;7;0;1;8;9;4;3;9;1;6;7;9;Software Engineer
3;2;1;3;3;7;8;8;4;0;7;8;0;1;6;2;5;3;0;0;Network Administrator
0;6;2;8;3;6;6;6;6;3;9;3;7;0;6;8;4;3;8;0;Technical Support Engineer
5;6;4;1;2;2;3;8;9;3;7;0;6;2;6;5;1;1;6;7;Software Tester
7;9;3;5;2;2;0;3;3;6;0;3;8;7;0;0;2;9;6;4;Computer Network Architect
6;7;3;3;1;6;5;6;1;2;9;8;6;4;9;5;5;1;6;8;Computer Programmer
0;3;6;9;1;9;5;5;4;7;2;1;1;3;1;8;6;3;4;3;Front End Developer
7;5;5;9;5;2;2;7;1;4;5;8;7;2;0;2;2;0;2;7;Network Engineer
3;3;9;0;9;2;4;3;8;4;8;3;5;0;0;4;5;4;0;5;Systems Analyst
8;1;3;2;7;5;6;1;0;6;1;7;4;9;3;2;0;7;6;2;Network Administrator
6;7;6;4;1;4;5;7;0;3;9;1;8;7;2;1;8;6;7;6;DevOps Engineer
2;3;4;6;2;2;2;3;5;3;8;2;3;7;7;3;7;3;9;7;Machine Learning Engineer
2;8;0;7;7;3;3;8;6;5;3;2;7;9;7;9;9;1;9;4;Digital Marketing Specialist
3;0;2;1;5;4;7;3;1;5;2;4;8;6;2;7;4;6;7;5;Computer Hardware Engineer
9;2;0;4;6;6;2;7;0;6;1;8;3;4;3;3;6;3;5;2;Computer and Information Systems Manager
6;1;7;9;9;0;8;3;1;6;5;0;1;6;4;1;9;6;5;3;Computer and Information Systems Manager
5;4;9;1;9;0;4;8;8;7;2;9;2;6;1;7;3;7;3;5;Computer Systems Manager
1;8;6;3;0;2;8;4;1;8;1;5;2;1;9;3;6;7;2;0;Computer Network Architect
1;8;2;8;7;3;1;4;0;1;6;2;6;4;6;2;7;2;7;0;Research Scientist
8;9;5;3;0;8;2;3;3;6;4;2;7;1;2;1;3;4;1;8;Computer Systems Manager
6;1;7;7;7;3;3;7;7;3;7;2;3;0;3;0;3;8;1;7;Computer Systems Analyst
3;3;4;2;2;3;9;2;6;7;9;4;9;5;6;2;1;4;8;0;Digital Marketing Specialist
2;0;6;9;9;0;6;1;6;6;8;5;5;1;1;2;7;3;2;6;IT Sales Professional
6;7;7;6;4;0;2;0;1;5;9;4;0;2;4;1;2;5;2;7;Database Administrator
5;7;2;8;9;4;9;6;5;3;3;5;9;3;1;0;4;4;7;4;Research Scientist
6;9;3;0;8;6;7;3;7;7;2;5;4;9;1;6;0;4;4;3;Systems Analyst
4;1;9;3;3;7;2;7;4;6;9;6;0;5;3;9;6;2;6;7;IT Sales Professional
0;0;5;5;7;8;1;0;4;2;0;2;2;6;5;8;1;3;6;6;Systems Analyst
7;6;1;0;3;9;9;2;0;3;9;7;6;8;0;8;3;5;2;7;IT Project Manager
8;9;0;9;9;6;1;6;3;0;1;0;1;0;5;3;2;7;1;7;Computer Science Teacher
8;7;2;5;2;1;7;3;6;5;7;7;3;1;5;0;0;0;7;9;Quality Assurance Engineer
3;2;4;7;1;4;9;7;5;3;1;0;2;1;4;0;0;7;1;2;Front End Developer
7;1;3;6;8;2;0;8;1;1;1;0;7;2;7;7;0;8;8;3;Research Scientist
4;3;5;7;5;1;9;7;6;3;8;0;6;6;8;7;7;6;0;0;Web Developer
4;4;4;9;6;1;5;2;1;4;2;1;1;6;3;4;0;3;9;7;Network Engineer
9;2;8;2;6;6;4;6;2;8;2;7;2;2;6;5;0;5;8;2;Computer Network Architect
7;8;9;6;2;4;0;4;2;5;2;6;1;6;7;2;1;8;2;1;Network Administrator
6;5;1;6;7;2;9;7;7;1;4;3;4;5;4;7;4;7;8;2;DevOps Engineer
7;0;2;3;0;4;7;5;0;7;1;7;4;4;3;8;7;5;5;2;IT Consultant
7;9;2;6;4;0;6;6;0;0;6;4;1;3;2;0;1;2;0;6;Computer Hardware Engineer
8;5;5;1;9;6;9;1;5;2;9;9;5;6;4;2;9;5;7;0;Technical Writer
0;4;5;8;4;0;6;2;1;1;8;5;4;0;9;5;5;4;9;0;Web Developer
4;1;5;1;1;5;2;4;6;1;5;6;6;3;7;2;1;6;9;6;Web Developer
5;5;8;5;0;5;1;9;5;0;3;6;2;1;1;0;5;1;8;8;Computer Network Architect
5;0;2;9;4;2;4;3;5;1;7;1;2;2;3;4;3;5;7;2;DevOps Engineer
1;3;9;7;0;8;7;5;9;8;4;8;1;7;2;6;6;2;2;4;Quality Assurance Engineer
6;5;2;5;2;0;3;7;0;3;9;3;1;8;6;0;9;6;6;7;IT Project Manager
2;9;0;1;8;0;6;3;2;4;7;2;4;7;9;5;9;1;8;5;Full Stack Developer
4;6;2;9;8;6;0;3;5;4;6;2;4;3;5;9;1;7;7;4;Mobile App Developer
5;2;3;0;3;8;8;6;4;6;5;7;3;0;5;8;9;7;1;7;Front End Developer
1;7;0;1;0;7;1;7;4;1;6;7;0;4;5;2;2;4;7;1;Machine Learning Engineer
0;1;4;2;5;7;1;9;2;7;0;3;8;9;6;8;6;4;7;9;Database Administrator
8;1;2;0;1;3;4;3;8;2;3;9;9;7;9;9;4;7;4;4;Software Engineer
9;4;8;4;8;4;3;3;4;8;4;3;8;8;6;4;5;8;0;8;Artificial Intelligence Engineer
7;9;8;0;8;3;4;0;8;9;3;5;5;4;4;3;2;9;0;6;Computer Network Architect
3;2;5;9;7;1;0;7;1;9;6;1;4;7;7;8;2;5;6;6;Artificial Intelligence Engineer
7;1;4;4;4;6;6;6;3;3;9;3;9;9;4;1;7;2;0;6;Systems Analyst
6;2;6;7;6;2;1;0;9;0;8;3;4;4;7;1;7;0;3;7;Machine Learning Engineer
1;4;2;8;8;1;6;2;7;7;6;9;9;7;5;9;3;5;0;3;Computer Systems Analyst
5;3;2;3;9;2;3;3;4;6;0;7;6;7;3;0;5;9;2;7;Game Developer
6;2;2;3;7;8;1;5;5;9;2;4;9;4;9;1;0;2;8;3;Software Engineer
1;7;6;0;3;0;2;8;9;2;3;4;6;6;7;2;6;4;9;7;Mobile App Developer
4;1;7;1;8;0;3;1;8;0;2;5;4;0;6;8;5;1;2;0;Digital Marketing Specialist
7;5;4;6;5;6;0;9;0;0;5;4;1;0;3;7;3;7;3;6;Computer and Information Research Scientist
4;7;2;9;5;4;1;2;6;4;9;9;8;5;4;5;9;5;9;2;Game Developer
2;1;9;1;9;4;5;9;0;7;8;7;4;6;9;0;9;0;9;9;Computer Network Architect
4;2;2;6;7;9;0;5;7;7;7;2;2;6;5;1;1;6;9;8;UI/UX Designer
9;4;2;6;8;8;4;9;9;2;2;8;0;6;2;8;3;2;0;1;Mobile App Developer
7;4;8;5;2;1;4;3;5;5;1;1;7;0;2;8;2;1;0;8;Machine Learning Engineer
4;8;6;6;2;8;1;7;4;5;8;8;5;3;8;7;0;5;5;4;Full Stack Developer
5;8;4;0;4;7;3;7;8;2;3;3;8;3;3;2;6;8;2;5;UI/UX Designer
8;8;7;9;7;1;6;6;3;5;9;3;7;3;7;4;3;0;7;9;Cloud Architect
7;2;2;1;9;1;5;9;2;2;8;5;3;8;7;9;3;9;6;5;IT Project Manager
6;0;8;9;5;0;4;8;9;7;6;1;0;0;8;4;2;3;9;1;Cybersecurity Analyst
0;1;6;0;4;8;2;5;6;8;1;3;3;8;9;8;1;6;4;1;Mobile App Developer
8;5;6;6;1;8;1;0;7;8;8;2;2;2;0;9;4;6;3;8;Systems Analyst
7;1;2;1;1;0;8;6;1;7;8;2;9;5;9;9;6;0;5;7;UI/UX Designer
3;6;2;9;1;1;7;4;9;4;5;9;8;7;1;7;1;0;1;6;Computer Programmer
6;2;3;9;7;4;0;5;4;5;9;7;6;1;9;3;6;4;0;5;Business Intelligence Analyst
7;4;8;1;5;0;7;3;9;7;1;8;3;4;2;3;7;7;0;0;IT Consultant
1;4;3;0;7;0;1;7;1;0;6;7;1;9;7;9;2;0;0;7;Technical Support Engineer
4;1;9;0;0;6;9;9;1;4;2;7;8;2;4;3;6;5;4;6;Business Intelligence Analyst
3;2;1;0;7;6;9;9;6;8;3;4;3;2;9;3;6;8;7;6;Computer Hardware Engineer
3;8;2;6;4;2;4;0;2;2;4;5;6;9;9;8;8;6;5;5;IT Consultant
5;5;1;2;0;3;0;1;5;4;5;8;0;7;2;8;8;1;4;8;UI/UX Designer
4;0;6;7;1;8;6;1;1;6;8;1;5;2;0;2;5;1;2;0;Software Tester
7;3;7;6;0;7;3;8;8;8;9;2;8;9;8;2;5;5;7;5;Software Engineer
1;5;6;0;8;8;8;7;2;0;7;8;3;1;5;0;7;6;5;9;Network Engineer
4;0;8;8;1;8;6;9;2;6;6;5;1;2;8;1;9;0;7;1;Cloud Architect
7;3;0;0;6;5;0;0;4;2;6;8;3;9;7;4;4;2;7;2;Systems Analyst
0;1;8;0;8;7;8;6;2;3;7;5;0;5;6;2;3;7;6;3;Web Developer
4;3;9;1;8;7;4;6;3;7;6;6;7;3;3;2;6;8;4;4;Computer Network Architect
1;8;3;8;8;0;6;1;2;6;1;1;8;0;4;9;9;7;3;2;Artificial Intelligence Engineer
3;6;4;0;1;7;2;7;7;1;1;2;0;5;0;1;3;4;0;4;Computer Systems Manager
3;8;2;6;9;2;9;3;2;6;0;4;6;5;7;3;1;5;3;0;Web Developer
8;0;1;6;5;9;8;6;9;3;6;0;0;0;9;7;2;6;4;7;Game Developer
5;6;1;4;1;4;5;3;3;2;6;3;9;2;2;5;4;8;9;4;DevOps Engineer
0;9;0;5;5;6;6;2;4;0;8;4;3;3;6;9;7;3;1;4;Network Administrator
4;4;7;8;4;1;5;4;7;5;9;6;4;9;9;8;4;9;2;9;Cloud Architect
3;4;5;6;2;9;9;2;7;9;1;8;3;2;1;4;3;8;4;7;Computer Hardware Engineer
5;3;5;7;6;0;8;5;0;9;6;7;8;9;1;2;7;5;5;1;Game Developer
2;4;7;3;7;6;2;9;7;7;6;4;8;6;8;7;2;1;1;2;Software Engineer
6;5;3;6;7;7;4;1;1;7;2;6;7;4;6;4;0;1;8;0;Computer Hardware Engineer
4;4;9;6;6;5;7;7;5;2;0;8;5;5;3;8;6;3;0;7;Quality Assurance Engineer
0;6;3;1;6;0;8;4;9;6;7;4;6;8;7;2;1;5;9;2;Quality Assurance Engineer
7;6;3;1;9;6;7;0;9;4;4;6;1;3;0;9;3;2;2;5;IT Sales Professional
4;8;3;4;9;1;5;0;5;6;6;7;4;6;1;1;1;3;5;9;Game Developer
5;0;2;6;6;2;9;4;3;4;9;7;0;5;8;8;4;7;4;8;Full Stack Developer
1;3;7;0;9;6;4;6;5;2;2;7;8;0;0;9;9;1;3;8;Data Scientist
1;8;3;8;7;0;0;2;3;8;5;0;7;5;7;4;5;6;4;4;Machine Learning Engineer
5;0;2;1;6;7;3;1;9;7;9;6;0;2;3;7;3;1;9;0;IT Sales Professional
5;0;3;4;5;0;6;6;7;4;1;1;9;9;7;4;7;9;6;9;Software Tester
4;6;3;7;4;3;2;1;5;8;4;8;2;4;0;7;7;6;8;4;Research Scientist
9;4;8;3;2;9;6;0;5;9;2;3;5;6;2;5;2;2;4;2;Artificial Intelligence Engineer
0;5;2;8;0;7;0;2;7;4;8;2;4;3;2;0;4;8;0;7;Network Engineer
5;6;3;0;3;5;6;0;2;6;1;0;9;5;4;0;2;5;7;6;Artificial Intelligence Engineer
4;0;9;7;2;2;5;9;4;5;2;4;1;0;3;9;2;7;6;8;Cybersecurity Analyst
1;2;7;8;0;6;6;5;3;0;3;9;0;1;6;0;3;2;0;4;Web Developer
3;0;6;1;9;7;5;7;1;5;7;9;9;7;3;7;0;0;2;1;Back End Developer
5;6;8;5;1;7;0;9;3;2;3;2;7;6;9;4;7;5;7;5;IT Project Manager
3;7;3;7;8;6;4;5;9;6;3;4;5;8;0;7;3;9;6;2;Computer Network Architect
2;0;2;5;0;4;0;1;6;8;0;8;0;5;3;2;8;7;7;6;Machine Learning Engineer
3;0;3;3;3;2;0;2;5;9;6;0;0;0;3;0;4;1;5;5;Data Scientist
5;2;5;0;5;7;5;6;1;2;1;4;2;6;8;4;3;1;5;9;Software Tester
2;9;8;5;2;6;7;9;6;1;2;8;9;0;7;4;4;8;0;4;IT Project Manager
0;7;3;9;9;4;9;5;8;3;7;9;7;6;2;8;8;5;1;0;Data Scientist
6;7;1;2;6;9;5;8;7;7;8;1;3;8;3;5;6;5;2;8;Computer Programmer
0;7;9;8;0;7;7;9;6;4;5;3;6;7;0;5;2;2;5;2;Embedded Systems Engineer
9;3;4;9;0;9;8;7;6;0;8;5;3;9;2;2;2;8;4;8;Software Tester
2;3;9;2;3;8;8;5;6;0;5;7;7;1;2;7;1;6;1;6;Full Stack Developer
5;6;2;7;8;1;8;5;1;1;4;5;5;7;1;7;2;5;1;4;Game Developer
3;2;8;8;1;7;1;0;8;3;3;4;6;2;5;7;6;6;4;2;Web Developer
5;0;3;1;3;5;9;9;9;3;9;8;4;1;9;6;1;4;8;9;Computer Programmer
8;2;5;2;9;0;7;8;7;5;8;9;1;0;3;9;8;9;8;1;IT Consultant
1;3;6;3;6;1;4;8;0;8;5;6;8;8;3;3;4;3;7;3;Technical Writer
6;9;9;7;8;6;8;7;1;0;0;5;8;4;5;8;8;1;0;1;Computer Systems Manager
7;8;2;8;1;7;5;4;4;1;6;3;7;8;8;1;6;5;8;2;Front End Developer
3;6;4;6;1;6;6;3;0;7;2;3;6;9;3;4;9;7;9;2;Computer Systems Analyst
3;9;5;3;8;9;3;7;2;4;6;8;7;1;8;3;4;6;1;9;Network Engineer
4;4;4;6;0;2;8;9;7;5;6;7;8;6;7;0;7;9;8;1;Mobile App Developer
9;8;0;8;2;4;4;5;6;0;9;2;2;6;0;5;2;9;8;3;IT Project Manager
8;5;2;3;7;7;7;2;2;2;4;9;6;8;2;0;0;9;7;6;Web Developer
9;9;3;4;3;0;7;0;9;1;9;5;6;2;1;7;4;9;2;1;Data Scientist
0;4;2;3;3;5;6;5;7;5;5;9;4;7;2;0;7;3;0;1;IT Consultant
0;9;7;8;2;3;3;8;4;6;4;3;7;7;7;5;4;9;6;9;Software Developer
6;8;1;1;1;0;4;9;4;7;5;0;0;1;5;3;8;5;8;9;Technical Writer
7;0;5;2;1;6;5;3;3;6;2;3;3;1;5;0;8;4;0;3;Back End Developer
7;9;9;1;8;9;6;4;7;1;4;2;0;6;5;6;5;9;0;7;Artificial Intelligence Engineer
3;3;5;2;1;0;5;9;8;3;8;6;7;9;1;2;2;9;2;3;Embedded Systems Engineer
7;0;1;3;0;7;1;3;5;4;8;2;5;0;4;0;6;0;3;1;Computer Programmer
0;9;9;3;2;6;8;6;6;9;4;0;9;4;2;8;1;9;2;0;Software Engineer
0;8;1;6;7;7;7;0;7;7;5;4;7;8;4;7;4;9;6;3;Systems Analyst
1;3;4;5;3;7;0;0;0;2;9;9;1;7;2;5;5;9;5;5;IT Support Specialist
1;0;9;7;5;6;1;5;3;5;3;4;6;2;7;8;2;5;1;1;Machine Learning Engineer
5;0;2;8;1;6;3;2;5;3;2;0;0;9;8;5;0;8;3;0;Software Developer
7;6;9;2;7;6;1;9;7;7;7;0;2;5;3;6;6;6;9;8;Computer Systems Manager
8;4;9;3;1;7;9;0;7;7;4;4;9;7;5;3;8;3;7;9;IT Consultant
2;3;4;1;6;4;2;8;7;8;1;2;9;3;0;8;6;4;3;2;DevOps Engineer
5;3;0;0;8;1;3;4;1;2;3;2;4;3;8;6;0;3;8;1;IT Project Manager
6;5;2;0;5;4;3;0;7;0;5;3;6;5;0;1;7;4;8;2;IT Support Specialist
9;5;6;1;7;7;9;2;9;7;5;5;3;7;6;5;3;5;7;2;Network Engineer
7;1;6;7;3;4;3;7;3;8;0;9;4;1;9;3;5;8;4;9;Research Scientist
6;0;2;1;1;7;7;4;3;9;5;1;4;0;6;9;6;9;1;9;UI/UX Designer
4;7;9;3;2;5;6;8;4;0;1;6;7;3;1;4;8;6;6;3;Digital Marketing Specialist
2;6;9;5;9;9;0;7;6;6;7;7;9;9;1;4;4;8;1;8;Computer and Information Research Scientist
4;6;4;0;3;8;0;8;6;0;6;3;4;6;2;0;3;6;0;1;Back End Developer
1;6;7;5;6;5;6;6;4;1;5;3;1;1;6;2;9;9;5;9;Computer Systems Manager
0;5;4;7;9;1;4;5;5;5;9;9;9;2;6;7;8;0;0;0;UI/UX Designer
7;9;2;9;0;1;8;9;1;4;2;0;3;0;5;4;4;7;7;6;Computer Programmer
8;6;2;4;1;0;0;9;0;6;5;6;8;8;5;6;1;4;3;5;UI/UX Designer
7;4;1;0;0;7;9;1;2;3;8;5;6;2;4;1;3;7;1;9;Systems Analyst
1;7;0;9;7;8;2;5;9;2;4;7;9;0;8;7;6;5;6;8;Artificial Intelligence Engineer
7;4;2;1;5;9;5;3;2;5;0;1;3;7;4;1;3;8;6;0;Cloud Architect
8;4;5;8;5;4;7;2;0;4;4;4;6;2;4;7;9;4;1;4;Computer Systems Analyst
4;0;9;3;6;8;8;5;3;3;5;9;5;9;4;2;3;6;7;6;Computer Network Architect
7;0;8;6;6;4;1;3;3;5;1;0;5;7;2;9;8;1;9;5;Digital Marketing Specialist
3;2;4;0;5;6;3;6;3;2;0;4;3;0;6;7;5;2;0;5;Computer and Information Research Scientist
1;2;5;2;0;8;6;2;7;7;6;1;9;6;9;7;3;5;0;6;Front End Developer
0;6;5;3;7;9;6;0;7;6;7;1;6;6;4;8;7;3;4;5;Embedded Systems Engineer
2;8;0;0;9;8;6;3;8;8;0;3;1;6;0;3;0;8;5;8;Data Scientist
8;3;3;9;0;3;8;4;7;5;0;5;5;2;4;6;3;7;6;4;Business Intelligence Analyst
0;7;5;7;9;7;0;9;7;3;5;7;8;2;4;8;3;1;9;0;Data Scientist
2;1;0;1;8;7;7;6;3;2;3;6;7;7;3;4;5;7;2;4;Blockchain Developer
1;5;6;6;6;8;7;5;1;2;7;3;3;8;7;9;6;9;4;0;Computer and Information Research Scientist
3;6;9;7;6;6;2;5;1;1;2;9;5;6;1;0;5;7;4;9;Business Intelligence Analyst
2;3;9;8;9;3;9;3;0;6;7;7;4;9;8;3;8;2;5;2;Blockchain Developer
2;9;7;5;9;7;9;5;6;5;0;8;5;0;9;6;1;3;9;2;Technical Support Engineer
5;1;0;9;4;9;9;7;9;4;6;0;0;8;5;6;5;0;9;7;Quality Assurance Engineer
6;9;9;9;8;5;0;0;2;0;0;8;6;2;6;5;6;3;3;7;Software Tester
7;1;7;9;5;9;9;9;0;1;0;2;3;8;4;7;8;5;8;3;Technical Writer
8;6;4;0;1;3;7;8;3;3;3;1;4;1;9;4;7;4;8;5;Computer Network Architect
1;0;9;5;9;0;7;7;6;9;5;4;2;3;5;9;0;3;6;7;IT Sales Professional
1;7;3;4;9;2;4;4;1;4;2;1;1;2;4;7;4;9;3;3;IT Consultant
6;3;4;1;3;6;4;2;5;7;8;6;4;1;7;3;5;8;8;3;Back End Developer
4;3;0;0;9;3;6;8;3;6;3;1;4;4;2;2;9;5;3;2;Quality Assurance Engineer
5;0;9;4;9;2;6;1;2;9;3;2;3;8;5;7;4;0;8;6;UI/UX Designer
2;1;1;7;4;4;2;0;1;5;1;2;0;3;2;0;0;3;1;3;UI/UX Designer
2;9;4;0;9;6;7;9;8;3;1;9;7;3;2;8;6;6;1;2;Cybersecurity Analyst
4;8;5;5;8;4;2;4;2;3;5;8;9;5;6;4;8;0;7;1;Software Tester
4;1;6;0;0;4;6;7;1;8;1;2;1;5;3;6;8;9;6;2;Web Developer
2;7;1;1;5;1;7;3;0;5;3;5;3;3;6;7;1;8;8;8;Computer Systems Manager
9;9;1;2;7;4;1;9;8;1;7;8;3;6;9;9;5;4;9;2;Systems Analyst
7;7;1;5;2;4;0;6;4;6;0;7;7;0;3;4;4;6;7;0;Software Engineer
4;7;1;0;8;3;7;9;3;1;5;7;7;1;2;8;0;1;5;6;Computer Systems Analyst
7;2;8;7;6;1;9;2;6;3;8;6;6;9;8;2;5;3;2;0;Artificial Intelligence Engineer
8;3;1;4;3;3;5;5;8;1;7;6;6;5;7;7;1;9;4;6;Front End Developer
5;4;6;0;3;5;5;9;2;4;6;9;9;1;2;4;4;2;5;5;Machine Learning Engineer
0;2;0;0;5;4;3;4;5;6;8;3;8;9;0;1;4;6;2;9;Digital Marketing Specialist
6;2;7;0;6;0;9;8;8;4;9;0;6;7;8;1;8;3;4;8;IT Sales Professional
2;6;4;5;7;8;6;4;2;2;4;9;2;7;3;5;7;6;5;8;Cloud Architect
2;0;7;0;8;4;5;0;1;5;9;4;8;7;9;7;6;9;5;8;Database Administrator
7;0;3;2;9;0;1;0;7;6;3;1;4;6;6;2;0;3;7;4;UI/UX Designer
7;3;6;1;2;4;1;6;9;3;0;5;6;0;9;2;6;5;4;2;Front End Developer
1;0;8;2;8;0;0;6;5;2;1;0;9;0;1;7;0;8;9;5;Cloud Architect
9;5;2;7;2;1;0;0;3;1;1;1;1;1;6;5;9;8;3;9;Technical Support Engineer
5;3;8;2;9;7;2;5;2;8;0;4;8;6;0;2;7;6;8;6;Front End Developer
5;4;1;6;3;2;6;2;2;6;5;4;0;0;7;4;4;8;9;2;IT Sales Professional
8;1;8;4;3;8;4;3;8;1;9;8;6;9;5;5;4;3;4;1;DevOps Engineer
6;8;6;9;0;8;2;9;3;5;0;5;9;3;0;1;0;1;8;1;Data Scientist
4;9;2;2;1;7;2;2;7;9;1;6;5;4;8;6;5;4;2;2;Computer and Information Systems Manager
4;5;3;0;9;3;9;0;6;3;9;0;2;4;0;5;4;2;5;3;Blockchain Developer
8;2;0;1;3;3;9;7;6;3;7;1;0;1;7;6;8;9;4;3;IT Support Specialist
4;2;5;9;7;9;4;7;9;0;0;5;9;3;4;3;6;9;5;7;Network Administrator
4;2;7;1;1;2;2;1;4;3;5;9;4;0;2;3;1;9;3;1;Cybersecurity Analyst
9;0;8;1;3;1;8;6;4;1;7;5;4;3;3;5;1;2;3;6;Research Scientist
8;0;0;7;0;0;6;5;2;7;5;7;3;7;1;5;9;1;9;0;Business Intelligence Analyst
2;7;1;6;8;9;8;3;6;3;3;3;6;1;5;9;6;2;9;6;Systems Analyst
8;2;9;7;5;0;5;8;0;9;1;3;0;5;4;6;9;7;2;6;Computer Programmer
5;5;3;0;3;3;3;8;4;0;6;4;5;4;0;9;8;7;9;8;Blockchain Developer
8;6;0;8;9;9;0;8;0;1;3;5;1;5;6;4;4;7;3;9;Digital Marketing Specialist
2;3;5;5;1;8;1;1;3;7;8;8;2;3;8;4;0;6;3;0;Game Developer
7;3;1;7;2;3;8;9;4;0;8;0;0;2;7;1;1;7;0;2;Blockchain Developer
4;7;7;5;0;5;9;4;6;3;6;1;0;1;7;1;1;9;2;4;Database Administrator
0;8;6;2;7;7;0;9;1;5;5;5;5;2;2;2;3;3;9;7;Web Developer
6;9;5;1;1;3;6;5;5;6;3;8;6;1;3;5;5;8;3;6;Computer Programmer
5;2;4;1;0;6;5;6;1;9;1;4;6;1;5;6;5;5;1;3;IT Project Manager
8;2;7;6;9;0;8;3;2;5;3;7;4;1;8;2;2;7;9;5;Technical Writer
7;8;8;9;9;5;9;0;7;3;3;5;5;5;5;0;9;1;0;5;Computer Science Teacher
3;4;1;3;2;7;7;6;8;9;2;6;1;8;2;4;6;9;2;4;Machine Learning Engineer
8;9;6;8;7;0;0;9;9;8;2;8;6;3;2;9;9;4;8;9;Technical Support Engineer
3;7;4;9;7;5;1;7;8;3;8;0;7;6;6;6;1;1;9;7;Cybersecurity Analyst
3;4;6;7;9;2;4;6;3;0;6;6;7;7;3;7;5;2;3;7;UI/UX Designer
0;8;4;3;8;0;3;4;6;0;4;3;2;9;0;6;1;2;8;8;DevOps Engineer
4;4;9;6;1;2;3;8;9;5;3;9;6;5;8;7;6;8;7;9;Computer Science Teacher
6;0;4;7;3;8;9;5;3;3;2;7;3;1;8;3;3;9;0;8;Quality Assurance Engineer
3;7;6;4;6;4;5;5;8;0;8;5;5;9;5;8;5;9;3;7;IT Consultant
3;7;8;0;0;8;2;6;0;4;5;7;3;4;8;1;6;9;5;8;UI/UX Designer
9;4;9;9;2;0;0;8;1;4;3;6;1;8;5;8;5;5;9;3;Technical Writer
6;5;5;6;0;5;5;1;2;7;7;3;7;4;2;9;3;6;5;2;Network Administrator
7;6;1;8;8;7;7;2;0;5;0;3;3;0;1;8;4;6;4;1;IT Consultant
5;3;9;2;7;7;4;7;5;8;4;5;8;9;8;0;1;8;0;6;Web Developer
5;5;0;0;9;3;6;9;0;4;2;2;1;6;6;6;5;6;1;2;Technical Writer
7;0;5;9;9;4;9;2;2;0;6;1;4;7;4;7;6;0;9;2;Cloud Architect
4;9;1;2;0;6;8;2;2;2;5;3;6;7;9;2;4;8;8;7;Computer Network Architect
0;9;8;8;3;3;4;5;0;7;4;7;5;6;8;3;8;5;7;2;Data Scientist
8;6;7;7;0;5;6;4;8;0;0;5;9;3;0;9;1;8;9;3;Blockchain Developer
0;6;3;5;8;6;0;4;4;6;0;1;8;0;3;0;3;6;8;9;Computer Systems Manager
1;8;8;7;3;9;4;8;9;0;7;3;9;0;4;7;2;5;1;8;Digital Marketing Specialist
0;8;7;4;5;9;2;5;1;3;1;6;5;7;2;3;5;3;9;7;IT Consultant
5;0;9;9;8;6;3;5;9;7;1;0;8;3;2;3;7;9;8;0;Database Administrator
0;9;5;5;1;1;9;4;5;6;4;2;3;4;6;9;9;5;3;9;Database Administrator
2;1;4;7;6;0;9;6;5;6;2;6;7;3;8;1;5;0;3;9;Software Engineer
7;3;8;4;5;0;2;8;1;5;5;1;6;0;3;4;0;1;2;7;Quality Assurance Engineer
2;2;6;8;4;9;5;4;2;5;6;2;4;7;9;6;8;4;7;5;UI/UX Designer
3;8;3;6;9;8;5;7;0;4;0;5;6;9;6;2;4;8;3;1;Game Developer
9;9;9;5;3;2;1;6;0;2;1;2;1;1;5;1;1;9;7;5;Web Developer
5;0;1;1;7;1;8;4;8;8;4;1;8;7;9;4;5;1;1;9;IT Support Specialist
3;1;6;8;7;1;3;6;0;7;7;2;6;2;0;1;1;7;0;5;Full Stack Developer
2;8;1;1;2;2;7;7;3;4;1;0;7;4;2;5;4;0;5;9;Computer and Information Research Scientist
6;0;6;7;7;9;4;5;7;6;2;4;4;7;1;3;8;2;5;2;IT Project Manager
6;6;6;1;4;7;6;2;5;1;7;2;8;8;2;3;1;4;7;1;Mobile App Developer
9;0;2;5;9;6;8;6;8;6;2;0;3;8;4;2;4;6;1;4;Front End Developer
0;0;0;8;7;0;7;4;2;3;5;2;1;7;1;0;6;3;8;9;UI/UX Designer
2;2;9;0;5;2;3;9;4;1;7;4;2;9;4;0;4;5;1;5;Computer Programmer
4;2;4;9;8;5;8;6;2;8;7;1;7;7;0;3;4;4;2;2;Computer and Information Systems Manager
0;3;1;9;4;4;4;1;5;5;7;9;9;5;9;6;3;0;3;9;Business Intelligence Analyst
1;9;0;4;3;8;3;8;1;0;9;0;0;1;6;8;6;1;1;5;Software Developer
8;6;2;3;3;6;3;4;5;0;8;9;5;7;0;9;4;9;5;7;Business Intelligence Analyst
8;0;5;3;0;7;4;6;8;6;5;8;5;8;5;4;1;8;8;7;IT Project Manager
4;2;3;7;4;8;6;7;4;0;3;3;8;0;0;2;7;9;8;0;Artificial Intelligence Engineer
2;9;4;3;4;9;3;4;5;5;7;5;5;8;5;6;2;6;3;7;Business Intelligence Analyst
8;0;2;6;3;9;0;1;8;4;9;4;0;9;0;9;1;0;0;4;Computer Network Architect
2;2;7;3;0;7;4;1;2;5;2;1;0;3;4;4;8;1;8;3;Computer Hardware Engineer
1;0;5;1;7;5;5;3;8;6;1;8;9;2;0;8;0;9;5;6;Computer Science Teacher
7;5;0;1;1;8;8;6;4;0;0;9;9;4;0;3;0;2;3;8;Full Stack Developer
8;8;0;5;8;3;5;6;4;8;0;1;8;0;9;7;7;7;0;2;Technical Support Engineer
7;7;5;8;9;2;9;6;7;3;9;5;7;9;5;8;3;8;6;1;Technical Writer
7;4;0;1;3;5;8;2;2;2;4;2;6;8;9;5;2;8;1;8;UI/UX Designer
7;3;3;4;9;8;1;3;0;5;1;9;8;2;2;8;5;9;2;9;Research Scientist
3;0;8;8;0;9;2;5;0;1;4;4;0;2;2;2;4;0;1;1;Network Engineer
8;8;7;5;4;9;2;7;8;4;6;2;0;2;0;5;3;8;3;6;Business Intelligence Analyst
7;3;7;8;2;4;2;8;7;7;5;6;8;1;8;8;0;3;4;6;Data Scientist
1;7;4;3;5;6;5;0;8;1;0;3;6;5;3;0;8;1;6;9;Computer Science Teacher
7;8;7;9;1;9;7;5;5;2;6;2;3;4;7;0;4;0;3;1;Technical Support Engineer
3;8;0;5;3;5;8;4;0;1;6;7;3;8;2;1;1;0;2;3;Software Tester
2;4;8;1;9;1;8;3;8;7;2;9;6;2;6;3;0;7;4;2;IT Sales Professional
6;1;5;1;1;8;1;5;9;8;8;6;7;5;0;0;3;1;1;1;Computer Programmer
2;9;5;9;1;5;2;4;9;2;7;5;9;5;3;1;6;0;5;5;Systems Analyst
9;6;4;6;9;8;4;5;7;3;9;9;8;5;5;9;5;7;6;7;Quality Assurance Engineer
3;7;6;0;0;9;3;2;7;1;9;4;4;0;8;2;6;3;7;9;Computer Network Architect
4;8;6;2;3;4;8;0;4;7;5;5;2;8;2;2;6;6;3;2;Network Engineer
9;3;0;5;6;5;9;5;7;1;1;4;4;6;2;5;4;3;9;8;Full Stack Developer
8;3;9;1;2;0;0;1;0;5;5;7;1;7;0;3;5;7;1;3;UI/UX Designer
2;5;4;2;9;7;1;5;7;0;3;5;7;7;8;6;5;0;2;9;Full Stack Developer
3;6;7;1;1;8;4;8;0;5;0;8;8;5;4;7;5;7;5;0;Software Developer
3;3;3;8;1;1;9;4;4;1;0;4;5;1;5;1;5;6;8;8;IT Project Manager
3;6;2;8;4;3;0;9;1;8;8;7;1;9;9;8;2;1;1;1;Digital Marketing Specialist
2;5;8;6;5;8;4;7;3;6;1;2;3;2;1;1;4;1;1;0;Machine Learning Engineer
2;2;4;4;9;9;2;2;6;1;5;3;3;9;3;5;4;3;0;2;Research Scientist
1;4;2;2;3;0;7;6;5;9;8;7;4;3;2;3;6;7;1;0;Artificial Intelligence Engineer
7;5;4;3;9;7;2;1;0;9;9;5;9;0;2;3;6;5;7;9;Embedded Systems Engineer
4;4;9;0;6;2;2;0;9;8;2;5;3;1;3;3;4;0;0;0;Computer and Information Research Scientist
8;9;3;9;0;6;9;7;4;0;2;6;0;5;6;2;7;6;3;8;IT Consultant
1;1;3;4;6;5;3;8;8;8;4;4;8;7;9;4;1;6;9;4;Web Developer
5;2;4;4;1;8;9;2;7;9;5;3;4;8;5;2;9;9;2;4;Computer Systems Manager
0;4;4;4;9;1;6;2;2;4;7;2;0;7;0;2;7;9;5;4;Digital Marketing Specialist
1;0;9;3;7;7;8;6;2;2;9;0;0;4;5;8;8;3;7;9;IT Project Manager
1;3;6;4;1;4;6;0;8;5;5;0;5;8;9;5;8;2;5;3;Computer Systems Analyst
9;4;7;9;2;6;4;7;0;7;7;9;1;3;4;5;5;7;7;3;Artificial Intelligence Engineer
2;8;3;5;2;6;2;3;0;1;0;4;6;4;0;8;0;6;4;8;Embedded Systems Engineer
2;3;0;9;5;4;6;9;9;7;0;5;8;3;9;3;6;5;0;2;Systems Analyst
6;7;6;4;7;5;1;2;8;0;9;3;4;0;1;4;8;5;2;9;Machine Learning Engineer
2;1;9;7;1;2;8;3;8;1;8;2;4;1;8;7;7;1;4;6;IT Consultant
3;2;1;0;7;2;3;1;0;1;5;0;5;2;4;1;9;7;6;9;Back End Developer
1;3;2;2;7;8;4;0;9;3;0;8;9;6;5;4;2;8;0;3;Computer Systems Analyst
0;3;7;8;5;3;5;8;6;5;1;9;0;0;4;6;6;6;1;7;Cloud Architect
8;0;8;9;2;0;3;2;3;7;2;5;5;3;4;2;0;6;1;2;Software Engineer
2;6;7;8;6;6;7;5;3;4;6;7;3;8;2;5;5;3;2;7;Computer Network Architect
6;5;5;1;7;3;0;5;4;3;8;2;8;3;2;4;1;0;6;2;Computer Science Teacher
8;4;6;4;2;7;7;2;9;8;7;9;5;1;0;2;7;1;8;0;Full Stack Developer
7;3;9;7;4;0;0;1;8;4;0;7;3;8;6;9;9;0;6;4;Technical Support Engineer
0;3;6;8;1;2;2;8;7;9;0;7;5;0;9;9;6;5;2;2;Computer Network Architect
3;3;9;3;1;9;5;4;5;1;2;8;7;8;4;2;9;1;8;9;Cybersecurity Analyst
2;6;0;5;0;6;8;3;8;2;0;4;5;5;8;9;4;5;8;8;Full Stack Developer
1;9;7;0;0;5;6;3;6;7;4;5;5;2;2;7;9;0;4;2;DevOps Engineer
5;4;5;5;5;2;8;4;2;9;7;4;3;6;4;6;3;1;6;0;IT Project Manager
1;0;4;9;6;4;2;9;8;3;0;9;9;4;0;4;9;9;1;4;Back End Developer
3;9;7;6;7;6;5;5;3;2;2;9;0;1;9;7;2;7;1;5;Computer and Information Research Scientist
3;9;1;6;0;3;8;9;2;1;7;9;6;6;0;6;7;8;1;0;Web Developer
0;3;8;1;5;6;3;1;8;5;0;0;3;8;1;0;3;5;9;8;IT Consultant
7;4;6;5;1;6;1;4;2;6;1;2;1;6;4;1;2;9;2;1;Game Developer
6;7;5;5;1;2;1;4;7;4;2;1;7;6;3;5;0;3;1;3;Computer Systems Analyst
7;1;8;5;4;8;8;5;7;2;5;6;7;8;7;8;8;8;4;5;Data Scientist
0;9;3;4;2;0;8;2;5;8;3;9;6;4;5;3;1;9;7;0;Game Developer
5;4;3;7;4;3;7;3;3;7;5;5;9;4;1;6;3;6;6;6;Full Stack Developer
5;5;2;7;5;9;6;1;6;7;8;7;5;9;2;0;1;6;6;2;DevOps Engineer
6;2;3;5;0;3;0;1;6;6;4;7;0;2;6;7;3;8;1;8;Network Engineer
3;3;6;1;3;0;5;0;2;9;9;7;9;8;8;0;3;4;8;5;Business Intelligence Analyst
3;8;8;8;3;8;7;4;6;9;5;3;7;0;2;0;2;8;4;5;Computer Science Teacher
7;4;8;1;9;4;6;1;3;5;9;9;7;1;4;1;4;6;0;8;Computer Hardware Engineer
6;7;6;3;2;4;4;9;7;9;2;1;9;2;8;0;8;0;0;5;Embedded Systems Engineer
3;8;9;0;6;8;4;9;2;7;0;9;9;2;3;6;9;1;4;8;Computer Systems Analyst
1;6;8;0;5;5;0;6;6;6;6;2;5;7;4;0;2;0;2;6;Machine Learning Engineer
0;9;5;5;8;5;0;3;1;4;2;6;2;3;5;6;0;3;4;5;Game Developer
5;7;2;3;0;0;9;6;2;6;4;7;0;5;8;3;0;9;0;5;Network Engineer
1;5;3;2;7;2;7;4;2;1;0;5;4;8;3;8;5;6;9;9;Computer Systems Manager
2;4;2;6;1;7;8;5;4;0;0;5;5;0;2;8;8;1;1;3;Cybersecurity Analyst
0;9;7;9;8;0;4;2;2;6;3;8;5;8;4;4;9;3;8;5;Computer Hardware Engineer
6;0;6;5;9;2;6;2;3;4;1;9;3;0;9;5;6;5;8;6;Computer Science Teacher
1;9;6;2;8;0;9;5;8;3;1;6;2;4;2;8;6;4;2;3;Database Administrator
6;7;9;9;2;1;7;1;5;2;6;9;2;9;4;6;2;3;1;5;Computer and Information Research Scientist
2;2;6;2;0;8;4;3;3;5;3;2;1;1;8;9;3;6;0;2;Computer Network Architect
3;7;9;7;5;6;8;7;9;6;8;2;4;9;0;5;8;3;4;8;Cybersecurity Analyst
1;9;2;2;3;7;1;2;3;7;0;5;3;9;5;1;6;8;9;6;IT Support Specialist
0;8;8;7;0;5;0;7;1;0;1;4;7;8;0;5;3;8;5;7;Systems Analyst
6;5;0;5;8;3;2;3;6;3;7;0;9;7;6;5;2;7;6;6;Computer and Information Research Scientist
7;2;3;0;6;4;3;5;2;9;9;7;2;3;6;4;1;1;3;4;Technical Writer
8;4;4;8;2;0;6;2;6;9;4;2;8;6;0;8;2;1;2;3;Front End Developer
5;5;5;1;4;3;4;6;8;7;1;2;4;6;5;5;5;5;8;5;Business Intelligence Analyst
3;4;4;4;1;5;6;4;3;0;2;0;5;5;3;0;7;7;7;6;Research Scientist
1;5;9;8;5;8;8;1;3;8;8;7;5;2;1;4;7;0;9;7;Database Administrator
6;9;7;8;9;0;0;7;5;0;9;3;2;0;2;7;2;6;5;6;Machine Learning Engineer
0;1;5;7;7;2;2;2;8;4;8;2;1;2;0;0;4;8;8;3;Full Stack Developer
5;4;6;7;5;3;4;9;4;3;4;9;9;6;0;7;5;6;6;3;DevOps Engineer
6;9;4;4;8;4;5;2;0;1;3;9;9;1;4;7;1;7;0;2;Cloud Architect
0;3;6;5;1;1;6;7;2;5;3;0;6;5;8;1;4;5;6;1;Computer Systems Manager
1;8;5;0;7;5;4;9;2;9;7;0;2;5;2;3;6;9;2;2;Embedded Systems Engineer
6;6;9;3;0;5;5;7;5;8;4;2;0;9;8;7;4;5;6;9;Blockchain Developer
7;4;8;3;1;7;2;5;0;0;6;1;9;9;2;6;4;5;3;5;Technical Writer
9;5;1;5;8;1;9;8;7;1;1;1;5;7;0;2;2;3;4;9;Artificial Intelligence Engineer
1;8;3;4;3;6;6;8;7;9;7;9;4;1;5;0;7;0;3;1;Cybersecurity Analyst
1;5;8;8;3;9;2;3;7;9;6;3;1;8;8;5;9;4;7;4;Game Developer
2;9;6;0;2;0;6;4;1;0;3;6;9;1;1;7;1;2;8;1;Embedded Systems Engineer
7;8;5;6;7;8;5;5;8;1;5;6;1;3;2;9;6;9;5;6;Full Stack Developer
6;0;9;3;3;1;2;0;1;6;5;4;2;2;9;4;4;2;9;4;UI/UX Designer
8;8;2;6;6;3;1;0;5;8;5;1;7;0;3;5;2;4;0;8;Game Developer
5;8;1;4;1;1;5;8;9;5;5;0;2;8;7;5;3;3;1;9;Front End Developer
0;9;5;8;3;5;7;3;1;2;9;7;4;0;2;8;8;3;8;6;Computer Systems Analyst
5;2;6;0;9;3;2;3;7;6;7;8;5;8;4;4;1;0;4;4;Technical Support Engineer
8;2;7;4;1;4;9;9;9;7;6;5;5;5;5;4;8;3;3;4;Machine Learning Engineer
8;2;9;0;6;5;0;6;6;2;9;9;9;9;6;3;6;0;4;1;Software Tester
8;4;5;3;2;5;9;5;8;7;7;4;5;2;7;4;9;4;9;1;Computer and Information Research Scientist
0;8;8;0;5;2;0;3;8;4;4;9;5;5;3;3;1;2;6;5;Computer Programmer
6;3;9;1;7;0;4;8;0;2;6;0;9;2;8;7;3;1;6;0;Computer and Information Research Scientist
3;8;6;2;0;2;6;4;5;0;2;1;7;6;2;1;4;1;5;9;Computer Hardware Engineer
7;2;2;7;7;5;9;6;3;0;1;4;0;9;4;4;0;2;2;0;Artificial Intelligence Engineer
6;1;1;5;1;1;8;5;5;1;0;7;8;4;8;5;6;1;1;9;Front End Developer
7;5;0;1;0;0;5;3;3;4;9;7;1;8;0;1;3;5;9;5;Database Administrator
1;8;0;1;1;9;4;7;4;8;1;7;7;8;6;2;6;9;5;9;Back End Developer
6;1;0;2;4;4;7;5;8;3;0;2;7;6;3;5;1;5;3;1;Software Developer
9;6;0;2;5;3;9;2;2;1;4;5;6;5;6;8;6;7;8;1;Blockchain Developer
9;4;1;2;8;4;3;8;5;8;5;2;7;6;7;7;7;0;9;1;DevOps Engineer
1;2;8;1;1;7;9;6;3;3;5;3;2;3;6;9;3;1;1;3;DevOps Engineer
1;7;7;8;4;5;4;8;4;6;7;1;4;1;1;1;3;2;9;3;Game Developer
2;8;0;6;3;3;4;7;8;7;1;2;0;9;4;8;7;3;7;6;Systems Analyst
8;1;7;5;2;3;1;8;3;6;0;4;0;6;2;6;3;7;3;8;UI/UX Designer
8;1;7;9;6;7;6;9;8;4;8;8;2;7;6;3;4;2;7;2;Technical Writer
0;1;2;2;6;2;0;1;4;5;6;0;1;2;2;1;1;2;5;6;Web Developer
6;2;2;0;5;8;6;5;5;6;9;7;6;7;2;7;3;8;1;1;IT Sales Professional
0;8;1;8;0;4;0;3;3;8;5;0;7;2;1;2;6;9;4;2;Blockchain Developer
5;6;2;1;8;4;4;8;9;2;1;5;0;1;3;7;5;6;0;3;Database Administrator
1;9;8;0;4;1;5;1;5;7;8;7;4;3;1;1;8;6;3;7;Digital Marketing Specialist
0;9;1;8;2;8;5;5;7;5;7;9;1;0;1;6;4;0;3;7;UI/UX Designer
9;7;3;6;0;2;7;8;4;3;8;9;4;3;3;7;4;2;3;1;Data Scientist
5;0;7;7;5;5;0;6;8;3;9;1;5;4;5;3;2;4;0;1;Database Administrator
8;2;3;3;5;1;4;2;5;9;5;9;8;5;8;5;9;4;5;1;IT Sales Professional
1;9;3;3;6;2;2;4;5;3;6;0;7;3;7;7;2;0;2;4;Systems Analyst
6;2;2;6;2;1;3;7;6;2;3;6;8;6;3;2;2;3;0;2;Business Intelligence Analyst
9;8;9;1;9;5;6;4;5;3;8;8;1;4;9;1;1;7;5;9;IT Consultant
9;6;9;6;6;1;9;9;5;9;1;6;8;8;6;1;2;2;0;4;Computer Hardware Engineer
6;5;9;8;8;7;2;5;2;8;6;3;7;1;8;9;0;1;7;2;Software Engineer
0;2;4;8;1;9;7;3;1;8;2;9;4;1;3;5;4;6;9;5;Computer Science Teacher
1;6;9;4;1;3;6;1;9;1;5;0;3;5;2;1;3;7;3;1;Research Scientist
6;6;5;2;8;3;0;6;3;0;5;9;6;3;9;7;0;1;1;9;IT Project Manager
2;4;1;7;1;5;0;8;4;1;0;5;7;2;5;0;1;1;6;8;Cybersecurity Analyst
0;1;3;6;5;3;1;2;1;7;0;6;6;8;7;5;9;9;5;7;Computer and Information Systems Manager
5;7;5;1;1;4;9;6;6;3;0;1;4;6;0;0;0;9;7;1;Computer Science Teacher
9;7;6;8;0;8;1;9;8;4;7;2;2;4;9;9;8;9;2;7;Software Developer
6;6;9;4;4;4;4;9;8;6;0;2;1;7;2;4;2;7;6;5;Computer Network Architect
6;6;8;8;9;9;0;9;0;9;7;8;2;8;4;3;5;5;2;7;Computer and Information Research Scientist
3;5;0;5;2;4;1;1;6;8;1;9;0;6;3;7;9;5;6;1;Artificial Intelligence Engineer
0;5;3;9;9;7;6;5;0;7;6;0;4;7;1;4;9;5;2;1;IT Sales Professional
9;0;0;4;9;0;7;6;4;8;1;7;9;6;0;9;2;3;7;8;UI/UX Designer
0;6;7;6;6;8;6;3;9;8;4;6;3;5;9;3;5;0;4;8;DevOps Engineer
8;9;1;3;9;6;7;9;7;3;2;0;8;4;5;1;4;1;5;9;Web Developer
6;4;8;3;6;1;6;2;7;2;9;7;1;6;6;4;8;8;5;3;Systems Analyst
2;3;3;5;5;0;8;8;4;8;8;2;5;8;1;7;5;8;0;3;Cybersecurity Analyst
2;7;7;5;7;7;9;0;9;6;8;1;3;3;7;5;3;6;4;9;Computer Hardware Engineer
9;8;3;3;3;1;3;1;6;6;4;2;0;3;8;0;2;7;6;5;DevOps Engineer
6;1;2;7;3;3;0;1;2;7;4;5;4;3;5;5;8;6;7;6;Software Developer
5;8;0;2;5;0;8;8;7;2;2;9;5;8;0;3;7;0;8;5;Embedded Systems Engineer
1;0;8;8;0;6;7;5;1;0;3;7;5;7;6;4;5;0;6;4;Technical Support Engineer
1;6;5;8;7;8;5;8;1;8;2;6;3;6;2;6;2;1;4;3;UI/UX Designer
5;6;7;4;2;3;5;2;1;3;6;4;8;8;1;5;4;1;5;1;Digital Marketing Specialist
9;3;0;7;8;8;5;6;5;5;6;5;9;1;7;0;6;0;9;9;Computer Systems Manager
0;3;4;4;8;1;7;3;8;6;0;9;9;8;9;8;3;0;1;6;DevOps Engineer
1;7;8;4;6;4;5;8;5;3;6;6;5;4;1;0;9;9;3;6;IT Support Specialist
2;7;1;9;5;6;6;8;5;3;7;7;0;4;5;9;2;0;1;2;IT Support Specialist
0;8;9;5;1;9;8;6;1;0;7;2;7;9;7;7;2;4;3;7;Network Administrator
2;5;6;0;2;9;0;0;2;7;2;0;7;4;6;0;3;8;4;1;Technical Support Engineer
2;3;7;0;1;9;1;4;6;6;2;0;2;3;8;0;5;8;9;8;Software Developer
8;3;1;9;5;9;6;7;4;8;7;4;3;7;0;4;2;1;8;5;Quality Assurance Engineer
2;8;2;7;1;1;9;0;7;6;8;1;8;8;0;9;3;4;9;2;Research Scientist
6;8;5;7;0;8;7;4;3;1;4;1;7;4;5;6;9;0;5;0;Artificial Intelligence Engineer
5;8;1;7;5;0;9;8;2;5;0;7;8;8;0;0;5;0;2;4;Cybersecurity Analyst
3;5;1;3;1;8;4;7;8;5;7;3;8;2;5;4;5;8;9;1;Mobile App Developer
3;3;8;5;4;5;8;5;9;6;8;1;0;3;8;8;6;6;4;6;Cybersecurity Analyst
9;0;3;5;3;8;9;4;3;1;7;5;7;4;2;8;0;8;7;6;Quality Assurance Engineer
2;9;5;4;7;2;0;0;1;6;2;3;8;5;9;5;8;2;9;9;Computer Systems Manager
9;8;4;2;1;6;3;5;1;0;9;0;5;8;3;8;5;6;0;1;Digital Marketing Specialist
5;1;0;8;6;8;8;7;4;0;3;4;2;7;8;3;6;6;0;8;Computer Programmer
3;0;9;1;8;3;1;3;4;4;9;0;0;7;9;7;7;3;2;7;Computer and Information Systems Manager
0;2;6;3;9;3;6;0;3;4;6;6;0;1;9;0;8;1;9;1;Computer Science Teacher
4;0;7;4;3;6;0;9;9;2;8;0;6;6;3;7;0;1;2;7;Mobile App Developer
9;8;3;1;0;8;9;1;5;0;2;7;1;2;0;7;7;9;5;9;Computer and Information Research Scientist
5;4;6;8;3;9;4;0;5;4;9;9;6;2;2;5;9;0;1;9;Mobile App Developer
1;3;9;8;5;4;0;5;7;9;2;5;4;1;2;4;1;0;7;4;Computer Science Teacher
2;4;1;3;8;4;6;5;3;9;8;8;5;8;1;7;2;2;3;4;Cloud Architect
0;8;8;8;8;7;9;3;3;2;0;3;9;9;3;4;9;1;6;2;Computer Science Teacher
4;4;3;1;2;5;2;7;0;6;1;8;5;0;6;3;3;8;0;5;Artificial Intelligence Engineer
3;5;7;3;5;5;1;6;2;8;8;4;1;0;1;1;6;4;4;8;IT Project Manager
3;5;0;8;2;7;6;1;1;5;0;1;3;9;1;6;4;1;7;5;Front End Developer
1;8;0;9;8;0;8;9;9;0;2;1;5;6;1;0;1;0;6;2;Software Engineer
6;2;3;0;8;9;8;7;9;8;0;0;0;6;5;6;8;2;8;9;Software Tester
6;6;9;9;8;8;9;5;4;8;1;8;3;1;6;7;2;1;6;0;Web Developer
8;7;3;9;6;8;8;5;7;3;9;3;6;4;1;3;3;1;9;2;Web Developer
3;1;5;8;4;3;0;0;7;8;4;3;3;9;5;1;4;4;0;6;Computer Systems Manager
2;5;4;7;1;8;3;7;3;6;6;2;1;5;4;4;8;5;6;8;Quality Assurance Engineer
7;5;0;8;2;5;3;8;2;8;0;3;9;3;8;8;6;4;2;1;Cloud Architect
5;5;4;1;3;0;7;9;0;1;1;5;1;8;6;9;3;5;8;0;Digital Marketing Specialist
2;1;5;8;2;8;5;4;6;1;4;1;8;2;7;5;8;8;1;7;Cloud Architect
3;8;9;8;5;2;0;2;7;1;6;5;3;4;8;3;4;8;2;4;Computer Systems Manager
3;6;0;8;3;2;1;3;1;0;4;0;3;8;5;2;8;4;7;6;DevOps Engineer
7;9;9;4;5;0;6;5;3;8;5;8;3;7;8;3;0;5;3;1;Digital Marketing Specialist
8;9;4;5;2;9;4;2;0;8;4;3;7;6;2;9;5;1;5;2;Computer and Information Systems Manager
9;7;4;2;4;9;2;8;5;7;3;3;6;1;3;4;7;1;7;8;Machine Learning Engineer
3;7;9;2;7;8;8;5;8;7;4;3;7;3;6;2;6;9;7;6;Artificial Intelligence Engineer
9;2;4;3;2;8;5;2;7;3;1;0;9;9;2;4;4;4;6;7;Web Developer
8;0;7;7;5;2;4;9;3;0;9;9;3;0;9;6;1;6;8;7;Game Developer
2;3;7;0;5;5;9;1;7;5;0;8;2;3;6;2;8;3;3;4;Software Developer
4;3;0;7;6;2;6;0;1;7;6;5;7;0;2;3;7;9;2;1;Back End Developer
9;6;8;4;0;1;3;6;7;3;5;7;9;6;8;4;4;5;7;2;Business Intelligence Analyst
4;6;1;1;4;6;1;2;1;7;6;9;9;6;2;5;3;7;9;0;Web Developer
8;8;9;1;3;4;1;4;3;5;1;9;0;6;0;8;8;1;9;5;Cybersecurity Analyst
6;7;3;8;5;1;4;2;9;1;1;5;5;7;6;5;4;3;2;0;IT Consultant
4;4;5;4;7;6;1;5;3;5;3;9;5;3;6;6;7;1;7;2;Web Developer
0;4;6;6;1;7;7;8;1;6;3;7;5;8;7;2;1;7;4;1;Computer Systems Manager
7;8;8;3;6;8;7;7;5;1;3;1;4;5;9;4;7;8;1;0;Front End Developer
8;3;2;5;9;2;1;5;8;2;5;6;9;6;1;0;7;8;3;7;Back End Developer
1;0;7;4;6;9;1;0;9;0;1;9;2;1;6;2;9;4;1;7;Digital Marketing Specialist
5;4;9;8;9;5;3;7;7;5;5;4;2;2;3;9;6;0;5;3;Mobile App Developer
2;0;2;3;1;9;0;0;5;1;0;7;5;7;9;1;5;9;3;8;Embedded Systems Engineer
2;8;5;5;9;5;0;6;4;2;3;4;7;9;9;3;2;9;1;3;Computer Programmer
9;0;0;2;5;4;4;5;4;4;5;6;0;6;0;6;0;1;1;9;IT Sales Professional
4;6;9;3;6;9;9;6;7;0;0;7;4;0;1;7;6;9;1;8;Front End Developer
4;3;8;0;7;8;3;1;5;2;9;0;4;1;3;2;8;3;7;1;DevOps Engineer
9;9;1;7;2;6;7;1;6;6;9;6;3;8;1;8;6;8;4;3;Technical Writer
1;4;7;4;0;3;1;6;2;4;4;2;0;1;7;4;6;5;0;4;Computer Hardware Engineer
3;7;1;6;7;8;0;3;2;8;6;7;2;2;2;8;5;1;0;6;Front End Developer
5;4;1;4;3;4;4;3;6;6;5;3;1;3;4;3;1;7;3;4;Data Scientist
3;8;3;3;9;1;3;5;5;8;9;6;7;7;1;8;4;0;5;3;IT Support Specialist
1;1;9;4;6;1;8;4;5;0;7;6;2;1;1;3;1;1;6;1;Network Administrator
2;9;4;4;1;0;3;3;1;6;5;5;4;1;0;6;7;7;3;7;Technical Writer
4;7;7;6;7;3;7;1;0;3;7;0;6;8;8;4;7;1;2;0;Digital Marketing Specialist
5;2;1;4;2;6;6;8;2;0;3;9;5;9;7;8;1;4;8;7;Computer and Information Research Scientist
7;7;1;5;7;4;6;4;2;1;8;4;7;8;4;5;6;2;8;6;IT Sales Professional
6;4;5;2;1;2;9;5;3;2;4;3;2;7;9;8;5;8;8;9;Game Developer
5;0;1;7;7;8;9;4;5;0;5;6;6;0;4;3;4;3;8;2;Back End Developer
9;9;2;7;5;4;8;3;9;3;1;1;6;1;7;1;3;8;8;7;Data Scientist
1;9;0;4;5;2;3;9;6;9;4;1;1;1;8;4;4;8;7;0;Computer Systems Analyst
4;2;2;2;5;3;7;1;0;6;8;6;4;9;8;0;0;8;9;5;Research Scientist
2;4;1;2;9;0;6;7;1;4;4;3;6;9;2;4;4;8;0;0;Full Stack Developer
0;8;1;3;7;8;2;5;2;9;4;7;9;3;0;1;9;2;2;3;Full Stack Developer
6;1;2;7;4;5;7;6;1;2;1;9;2;3;3;4;7;8;2;5;Computer and Information Systems Manager
8;1;2;1;7;1;1;5;6;7;3;0;6;7;9;0;6;9;8;9;Software Engineer
2;4;1;5;0;0;5;6;4;3;6;9;1;7;4;9;4;0;5;0;UI/UX Designer
6;3;5;9;8;4;5;2;2;8;0;5;2;5;6;4;7;0;4;2;Computer and Information Systems Manager
4;2;7;6;0;4;9;8;5;8;4;6;3;7;7;1;3;6;7;1;Systems Analyst
5;0;7;6;6;4;3;1;0;9;6;4;4;7;6;3;7;6;8;2;Technical Writer
2;0;2;6;4;0;2;3;9;4;2;7;5;9;9;4;2;9;0;1;Software Developer
5;5;3;1;9;4;0;7;0;3;6;8;0;4;4;8;1;4;4;7;Database Administrator
2;5;4;3;2;8;7;5;7;5;9;4;4;7;0;7;8;3;6;2;Technical Writer
2;1;5;2;6;3;9;7;0;9;4;4;1;1;0;6;5;5;4;6;Game Developer
0;4;8;3;5;2;1;5;0;2;5;9;6;5;0;2;0;1;6;8;Cloud Architect
9;5;9;3;8;6;6;0;3;3;6;1;0;3;1;4;8;8;1;9;Quality Assurance Engineer
5;7;1;2;4;8;3;0;7;0;8;8;5;8;7;4;4;8;7;9;Network Engineer
2;2;8;5;5;7;4;1;7;4;5;6;0;4;6;5;3;0;4;7;Mobile App Developer
2;3;1;6;0;1;7;3;8;7;8;5;6;3;1;1;6;4;2;8;Database Administrator
1;4;0;7;0;1;1;1;8;4;2;5;0;9;3;8;5;3;2;6;Digital Marketing Specialist
5;1;5;0;7;0;0;9;6;1;7;4;4;9;1;7;0;0;4;6;Computer Network Architect
3;6;3;7;3;1;2;4;5;2;7;2;4;8;7;1;1;8;2;5;Software Developer
2;7;3;1;8;1;8;7;3;6;8;5;5;5;8;3;7;8;1;7;Cybersecurity Analyst
8;5;5;5;7;4;2;2;7;9;6;7;8;1;4;7;6;6;2;5;Back End Developer
9;1;3;5;3;9;5;8;2;3;1;3;8;8;8;9;0;4;7;8;Game Developer
5;5;3;4;9;6;2;7;1;9;9;0;0;3;5;8;3;5;3;1;Computer Science Teacher
3;6;8;0;0;6;6;4;6;4;3;0;5;1;0;9;4;4;8;7;Game Developer
1;6;5;8;6;0;4;9;9;3;4;2;1;3;5;7;7;3;3;2;Front End Developer
6;3;5;6;5;5;0;4;0;2;4;5;3;0;3;1;6;6;6;9;Quality Assurance Engineer
9;6;3;9;2;8;2;7;9;2;6;2;3;5;1;5;2;1;1;6;Technical Writer
8;0;0;1;3;3;4;0;1;3;8;4;1;6;2;6;4;2;0;5;Computer and Information Systems Manager
2;7;1;3;4;0;8;2;4;8;0;2;0;4;0;4;2;4;4;5;Software Tester
9;1;4;0;9;7;2;9;3;3;9;3;2;7;1;9;6;9;7;5;Back End Developer
7;8;1;4;1;5;6;7;4;4;7;1;6;9;5;8;6;3;2;9;Technical Writer
9;1;0;6;8;3;9;5;3;3;1;9;7;1;0;1;6;2;2;5;Computer Science Teacher
4;9;5;2;6;3;5;2;2;4;6;5;7;6;9;7;8;7;5;1;Data Scientist
3;8;7;5;1;1;3;2;8;6;2;8;8;3;0;2;8;0;0;0;IT Support Specialist
9;6;8;0;9;5;7;2;6;2;5;1;9;8;8;3;7;4;4;3;IT Support Specialist
8;0;1;0;8;3;9;1;6;3;5;5;4;4;2;0;1;8;3;5;Network Engineer
7;2;5;6;9;5;8;0;9;5;1;9;4;2;9;3;9;7;0;3;Computer Programmer
6;8;4;0;2;1;7;1;6;2;1;3;9;4;0;6;5;2;9;1;Cybersecurity Analyst
7;3;9;0;6;4;2;9;1;3;5;2;9;4;4;0;4;0;3;0;Systems Analyst
8;2;5;7;8;0;9;0;4;5;0;7;8;2;6;1;0;8;8;9;Data Scientist
4;2;6;3;6;0;2;2;9;9;2;8;9;2;7;7;0;7;3;6;Digital Marketing Specialist
6;1;0;7;8;1;5;7;3;1;1;3;1;6;6;8;1;3;2;1;UI/UX Designer
5;2;9;8;0;7;5;0;9;4;1;1;0;7;1;8;2;9;1;7;Machine Learning Engineer
2;1;2;7;6;1;8;1;7;5;8;5;6;3;3;6;0;7;1;8;UI/UX Designer
1;6;0;7;7;8;7;2;1;0;0;0;8;2;4;5;5;0;1;8;Research Scientist
7;9;0;2;2;3;8;4;6;6;7;2;5;7;5;9;3;3;2;5;Blockchain Developer
1;8;7;0;7;6;2;0;1;8;3;1;2;9;6;0;6;0;9;9;Research Scientist
4;7;1;7;9;5;8;6;2;1;6;3;6;1;0;1;6;6;4;0;Software Engineer
8;2;7;2;7;7;5;8;9;2;4;6;4;6;9;3;8;1;7;0;Computer Hardware Engineer
8;7;5;3;1;2;0;8;4;6;1;2;0;7;6;3;9;2;6;0;Digital Marketing Specialist
7;9;9;6;8;8;7;6;8;3;3;5;3;1;6;8;1;0;9;2;Data Scientist
5;2;3;8;1;4;3;7;7;3;5;3;6;5;3;2;6;6;3;5;DevOps Engineer
1;0;6;5;2;1;4;2;4;5;2;8;5;0;9;0;8;9;3;8;Software Tester
3;1;5;3;0;0;8;8;4;5;2;5;5;2;2;7;7;9;2;1;DevOps Engineer
1;1;1;8;2;2;3;8;9;1;6;8;6;6;0;8;2;8;3;1;Quality Assurance Engineer
6;9;1;7;0;4;8;8;7;2;2;8;5;1;9;7;9;8;8;5;IT Consultant
8;9;3;7;9;4;4;6;9;4;9;2;4;1;0;0;3;4;8;9;Game Developer
5;5;5;9;2;7;4;7;2;3;0;4;5;9;2;9;3;1;1;0;Computer Network Architect
9;1;3;5;4;3;0;8;5;0;9;2;1;9;9;9;9;6;6;4;Digital Marketing Specialist
9;3;6;2;8;4;1;8;1;2;8;3;1;3;2;5;7;9;2;4;Full Stack Developer
2;1;7;6;3;1;8;7;2;8;2;2;2;0;8;6;9;5;7;2;DevOps Engineer
7;9;7;4;4;1;4;2;0;0;3;7;4;6;7;7;3;2;8;7;Front End Developer
2;2;6;2;5;7;4;8;3;2;3;0;2;7;1;4;5;1;9;0;Software Engineer
3;8;1;2;5;0;2;8;7;2;4;5;3;8;5;8;8;8;7;7;Research Scientist
2;0;3;7;9;9;7;9;4;3;2;3;7;8;6;0;2;0;9;2;Computer Systems Analyst
8;2;9;7;8;3;4;8;0;9;5;1;6;4;4;9;1;6;8;3;Mobile App Developer
1;9;5;1;5;2;4;6;7;7;8;3;6;8;6;3;8;7;9;0;Software Tester
1;1;9;3;2;0;0;9;4;3;4;5;0;2;7;0;7;9;9;8;Computer Science Teacher
0;6;4;8;7;4;9;5;1;2;5;8;2;8;0;0;4;6;9;2;Quality Assurance Engineer
9;1;6;2;2;9;3;6;0;6;2;4;3;8;7;6;4;3;0;1;Embedded Systems Engineer
8;1;6;4;4;3;8;8;5;3;8;2;5;6;4;0;6;9;9;6;Computer and Information Systems Manager
4;8;6;1;9;0;2;9;5;5;6;6;9;3;6;9;4;9;2;4;Mobile App Developer
5;7;0;0;5;2;1;0;3;2;2;4;8;8;7;9;5;3;9;2;Cloud Architect
3;0;5;7;5;8;7;0;5;7;0;1;1;9;5;2;1;3;4;0;Business Intelligence Analyst
2;5;9;5;2;5;1;0;6;5;6;6;5;1;5;8;9;1;7;3;Research Scientist
9;8;6;1;2;5;1;5;5;5;2;0;0;8;1;1;3;8;0;8;Data Scientist
3;9;4;2;1;7;9;2;5;3;2;9;5;1;9;0;8;2;6;4;Network Administrator
0;0;0;4;1;5;8;3;3;1;1;3;2;8;9;2;6;9;3;3;Cybersecurity Analyst
9;2;4;0;7;8;5;0;3;4;8;2;1;0;9;9;1;9;5;8;Software Engineer
6;2;7;1;4;4;5;4;4;1;0;8;2;9;6;4;5;5;7;3;Network Administrator
4;3;7;4;5;8;0;3;7;6;7;0;6;3;2;6;0;8;5;6;IT Support Specialist
8;6;5;5;3;2;9;8;5;8;9;4;8;1;6;9;7;0;2;7;IT Project Manager
8;1;7;8;1;7;3;1;8;0;7;3;7;6;8;5;6;1;8;4;DevOps Engineer
8;3;7;7;0;3;2;2;1;0;1;0;1;5;5;0;1;9;1;0;Machine Learning Engineer
2;4;2;8;5;3;5;5;4;0;0;3;1;9;6;1;7;9;1;0;Cloud Architect
1;3;0;6;0;7;0;3;5;9;3;2;4;4;6;9;4;6;0;9;Computer Systems Manager
5;0;5;6;0;1;0;3;4;7;2;0;9;3;3;3;0;0;0;8;Artificial Intelligence Engineer
4;0;1;2;9;6;5;0;9;9;7;6;0;0;9;0;8;8;3;5;Business Intelligence Analyst
3;3;0;6;3;1;2;9;1;2;1;2;9;1;3;8;3;1;0;3;Data Scientist
9;2;1;1;8;2;1;2;8;7;9;0;2;3;7;3;0;0;9;1;Quality Assurance Engineer
5;8;6;1;4;4;2;2;9;9;9;9;0;4;1;2;7;9;6;5;Digital Marketing Specialist
1;7;4;6;7;4;0;0;2;0;6;7;9;8;8;9;6;6;8;2;Digital Marketing Specialist
4;9;5;0;9;5;0;0;5;1;6;3;3;8;7;5;3;5;8;0;Game Developer
0;9;4;9;5;3;3;0;9;0;8;2;9;7;8;6;6;7;8;9;Cloud Architect
8;8;0;9;9;0;0;6;0;2;5;6;7;2;0;0;5;3;6;2;Computer Programmer
3;4;6;1;9;9;3;3;0;6;1;7;8;2;4;6;7;1;4;2;IT Project Manager
7;5;9;5;5;1;4;7;5;2;7;6;8;5;0;8;7;4;0;0;Computer and Information Systems Manager
3;6;9;5;0;5;9;9;5;4;2;0;3;9;7;0;5;5;1;2;Business Intelligence Analyst
8;6;0;0;0;9;4;2;6;9;6;2;8;1;8;8;9;8;1;8;IT Project Manager
7;9;2;8;6;0;4;9;6;6;8;5;0;1;9;3;0;1;0;5;Blockchain Developer
8;3;0;4;4;1;7;8;6;7;8;9;4;7;0;6;4;1;6;9;Computer Systems Analyst
0;2;3;4;6;3;6;7;7;0;9;2;8;3;1;3;2;6;4;3;Quality Assurance Engineer
4;2;4;7;6;2;6;8;5;5;0;1;5;1;6;3;9;0;2;7;Computer and Information Research Scientist
7;3;3;0;1;5;2;4;2;9;6;3;1;5;3;7;9;4;8;2;Business Intelligence Analyst
6;7;5;2;4;5;9;8;1;6;5;0;4;3;4;0;3;4;0;5;Systems Analyst
6;5;8;1;5;7;7;6;4;6;9;0;4;9;3;0;0;8;5;1;Back End Developer
1;1;5;5;7;2;0;2;9;0;1;9;4;2;5;5;6;8;3;2;Technical Support Engineer
9;6;1;4;5;0;3;0;7;7;2;2;0;2;2;3;3;9;3;3;Cybersecurity Analyst
8;4;9;9;3;3;4;3;9;4;1;2;5;1;7;2;3;2;3;7;Software Engineer
0;2;7;9;0;0;3;2;6;7;6;7;2;4;3;4;2;6;3;8;Technical Support Engineer
0;3;3;1;9;3;9;9;8;4;3;1;0;3;9;8;0;6;9;2;UI/UX Designer
9;7;4;9;0;3;1;4;0;7;7;8;0;8;3;5;8;1;6;7;Cloud Architect
4;7;9;5;5;9;4;7;5;1;3;3;1;3;8;3;9;9;9;5;Software Engineer
4;8;6;5;7;7;8;6;5;6;8;0;4;5;8;7;9;3;8;1;Cybersecurity Analyst
0;0;3;6;9;9;1;7;8;0;9;8;0;7;8;6;8;7;5;4;Network Engineer
4;0;4;4;2;7;5;2;3;6;0;8;5;3;0;4;1;9;0;4;Blockchain Developer
3;2;5;0;5;2;8;5;3;0;7;6;2;2;5;9;1;6;9;5;Computer and Information Systems Manager
7;6;6;6;3;8;7;6;4;7;9;0;0;8;9;5;6;2;1;5;IT Project Manager
6;0;9;2;8;3;5;4;8;0;9;3;3;6;8;3;4;8;7;0;Embedded Systems Engineer
9;6;8;1;0;4;2;9;7;3;8;0;2;6;1;1;8;5;2;4;Network Administrator
8;6;6;6;3;8;6;1;4;4;5;7;3;1;3;2;5;0;1;9;Business Intelligence Analyst
2;7;8;2;0;9;3;2;1;1;5;4;4;1;7;8;7;2;2;7;Artificial Intelligence Engineer
3;1;4;4;1;2;8;9;5;3;7;1;2;9;9;1;8;8;6;4;Computer Systems Analyst
9;6;7;1;3;8;1;3;4;5;0;6;5;6;6;2;9;0;8;2;Software Tester
7;6;8;3;1;9;5;6;3;3;1;0;3;0;1;3;6;0;7;5;Embedded Systems Engineer
0;0;7;1;9;7;7;8;3;0;7;9;1;7;2;9;1;7;4;3;Digital Marketing Specialist
2;3;9;1;9;7;2;8;2;6;2;3;6;8;4;8;7;8;9;3;Front End Developer
0;4;3;8;9;6;5;2;2;5;1;3;0;7;9;2;7;8;2;9;Cloud Architect
8;5;5;6;6;9;8;6;3;3;2;7;8;5;2;0;2;1;5;2;Computer and Information Research Scientist
1;8;6;5;1;9;9;9;4;1;5;9;1;1;0;0;8;4;7;4;Software Engineer
7;2;5;8;7;3;4;2;8;0;4;8;5;7;4;3;4;2;0;2;Systems Analyst
6;1;4;7;5;4;7;2;9;3;6;6;0;0;1;3;8;0;9;7;Computer Programmer
5;8;1;6;3;8;4;7;4;0;5;5;4;7;6;3;8;4;4;6;IT Support Specialist
1;0;1;5;1;9;1;6;8;6;8;6;8;2;3;3;6;4;2;8;Machine Learning Engineer
6;9;0;2;0;0;8;0;7;4;0;5;9;9;3;8;5;1;4;0;Computer Network Architect
3;3;9;1;4;7;0;4;3;7;1;5;6;0;2;3;0;4;2;9;Quality Assurance Engineer
9;3;3;8;7;5;2;9;3;0;6;6;2;6;1;3;6;9;7;4;Technical Support Engineer
0;3;2;9;0;1;9;2;9;5;9;4;4;3;8;7;6;9;8;9;IT Project Manager
8;0;2;4;6;5;2;6;9;8;7;4;0;7;7;4;6;5;0;7;Blockchain Developer
9;7;4;6;7;6;3;2;4;9;2;5;3;1;8;8;7;2;0;0;Computer Programmer
2;4;2;8;5;8;7;2;5;5;9;2;4;1;4;1;9;6;7;7;Database Administrator
7;1;9;0;2;9;3;8;8;9;6;1;3;6;0;0;1;8;8;3;Software Engineer
3;5;9;4;9;4;6;1;7;6;8;2;3;6;5;3;2;8;2;6;UI/UX Designer
0;2;7;5;0;7;7;8;1;4;3;2;3;1;2;0;5;5;3;4;Computer and Information Systems Manager
6;7;1;6;3;8;2;7;7;0;4;4;2;1;0;3;7;2;2;8;Machine Learning Engineer
7;0;0;8;3;0;3;4;7;8;9;1;6;2;4;5;9;6;4;6;Computer Programmer
5;3;8;4;5;3;7;9;4;4;8;5;4;8;8;9;2;0;5;8;Quality Assurance Engineer
5;9;8;0;6;8;4;9;2;7;1;2;7;9;9;2;4;2;3;0;Software Engineer
4;2;7;1;5;8;5;4;6;0;5;3;7;1;2;8;6;6;8;0;Computer Systems Manager
1;7;6;5;8;6;5;7;8;9;1;5;6;0;2;1;4;3;9;9;Back End Developer
4;6;0;1;9;7;4;8;2;5;3;5;3;9;3;0;5;2;8;2;Quality Assurance Engineer
4;2;0;6;7;4;1;5;5;2;1;4;5;0;6;4;2;2;4;0;Cybersecurity Analyst
7;8;0;6;7;9;3;6;8;6;5;1;2;4;3;3;9;3;8;1;Computer Systems Manager
8;1;2;7;7;2;6;5;3;8;9;3;4;6;7;8;6;2;2;4;Research Scientist
9;2;4;6;8;9;3;5;6;6;9;8;3;1;6;9;4;1;5;9;Technical Writer
7;0;5;0;4;9;7;0;2;7;9;9;8;4;3;2;7;8;1;2;Software Developer
2;3;5;8;8;9;2;8;0;9;3;5;5;8;4;5;7;6;4;3;Software Engineer
7;9;3;6;8;8;6;8;3;6;8;2;2;6;3;3;0;3;5;8;IT Project Manager
7;5;3;2;4;6;7;9;2;9;8;0;9;6;1;0;5;8;8;0;Artificial Intelligence Engineer
3;1;6;8;0;2;9;8;1;1;6;9;3;1;2;0;3;5;2;4;UI/UX Designer
6;2;5;7;3;7;8;0;2;1;3;7;6;1;9;5;3;2;9;6;Software Engineer
2;9;5;3;7;9;5;7;0;0;8;6;5;2;6;7;1;8;5;7;Cloud Architect
2;4;1;1;9;0;6;5;0;9;8;2;3;2;8;7;7;5;0;4;Computer and Information Systems Manager
0;6;1;6;4;8;4;1;6;0;9;7;7;5;9;7;8;3;7;9;Computer Hardware Engineer
6;0;7;5;9;9;3;4;7;6;2;8;7;1;8;4;3;6;4;5;Computer Systems Manager
5;5;5;5;2;1;3;2;5;1;9;8;1;8;5;0;4;8;3;8;UI/UX Designer
7;8;7;9;3;9;7;8;3;6;2;7;0;7;4;0;3;7;7;1;Network Administrator
3;6;0;1;4;4;6;5;1;8;8;5;6;9;4;8;4;6;5;3;Data Scientist
6;8;2;7;2;0;9;5;1;1;7;9;0;3;7;9;3;8;2;4;Quality Assurance Engineer
9;6;5;9;7;9;8;2;2;1;5;6;6;8;8;6;4;1;3;9;Computer Programmer
6;7;5;9;6;4;6;1;3;1;4;6;0;9;4;0;7;8;7;9;Computer Network Architect
8;3;2;4;9;5;7;2;4;0;3;1;2;8;7;5;8;2;6;4;Computer Science Teacher
8;7;8;6;8;9;0;0;6;7;3;9;9;1;2;9;3;3;0;4;Computer Network Architect
3;8;3;9;0;7;1;4;5;6;7;1;5;6;9;2;7;1;6;7;Network Administrator
8;2;8;8;4;5;5;0;3;3;8;8;8;1;4;9;1;8;1;6;Computer and Information Systems Manager
9;6;9;9;5;5;0;4;0;3;2;2;5;8;3;1;8;0;7;9;Technical Support Engineer
2;9;7;2;0;6;3;3;9;7;0;4;9;7;2;0;1;2;4;9;Full Stack Developer
2;0;1;2;0;5;1;2;2;1;2;9;2;6;3;8;6;7;0;7;Computer Network Architect
7;6;0;6;8;4;7;1;2;0;0;1;9;0;5;1;8;8;2;7;Network Administrator
9;0;9;5;0;1;6;5;9;2;2;5;5;1;2;9;0;3;6;2;DevOps Engineer
1;9;5;2;7;3;8;1;2;9;5;4;9;9;3;2;7;2;8;9;Full Stack Developer
8;6;8;8;0;6;3;8;2;1;0;1;2;7;2;0;4;5;1;3;Database Administrator
4;3;9;2;5;8;2;4;9;2;4;2;8;4;2;0;2;5;3;6;Blockchain Developer
3;0;9;2;9;7;4;6;9;2;1;1;3;1;4;8;3;7;9;8;IT Project Manager
9;6;0;9;1;6;5;0;2;3;8;3;9;8;4;4;4;7;2;8;Front End Developer
6;1;4;0;5;9;3;9;2;9;4;5;4;8;3;5;5;3;6;0;Systems Analyst
4;0;2;6;1;6;9;1;4;8;1;1;2;1;6;9;9;7;6;7;IT Sales Professional
4;3;9;5;7;6;9;0;3;8;7;2;1;7;7;7;3;3;5;3;Cybersecurity Analyst
5;8;0;1;5;2;5;5;1;7;3;2;4;4;7;0;8;2;1;6;Computer Programmer
4;4;7;6;3;0;3;4;3;8;0;7;3;7;8;2;2;1;4;6;Software Engineer
3;2;2;3;5;0;4;6;1;5;5;7;5;6;7;0;9;3;4;9;IT Project Manager
8;0;0;2;3;8;7;3;3;9;2;5;5;2;2;7;2;7;4;5;Computer Science Teacher
1;8;1;2;8;9;6;5;9;7;2;0;1;4;0;8;1;1;4;9;IT Sales Professional
3;1;1;6;2;4;2;9;6;3;0;4;9;1;6;6;5;2;5;5;Embedded Systems Engineer
8;0;1;1;8;6;4;6;6;6;6;8;4;8;0;1;8;5;0;5;Mobile App Developer
5;9;5;1;6;1;7;2;1;6;4;4;9;4;7;9;1;6;4;7;Database Administrator
4;3;5;5;6;4;6;3;1;7;0;9;8;0;4;6;1;9;0;1;Computer Hardware Engineer
5;9;3;5;4;1;7;6;0;2;8;2;9;8;4;5;3;1;6;0;Computer Science Teacher
6;4;5;8;2;1;5;2;6;4;6;4;3;5;2;1;5;2;6;0;Quality Assurance Engineer
6;0;1;1;6;3;1;1;1;0;9;8;2;7;3;5;5;6;4;2;DevOps Engineer
0;6;1;0;3;0;5;2;1;7;0;5;2;1;8;0;5;3;4;3;Computer Systems Manager
4;2;8;6;6;8;6;2;8;8;9;4;6;9;7;9;3;6;6;6;Cloud Architect
4;4;7;2;2;2;5;8;7;5;4;7;1;6;8;2;3;9;2;9;Systems Analyst
0;6;6;7;7;8;2;9;5;0;7;1;4;8;0;3;9;6;6;2;Cloud Architect
0;1;5;2;3;1;6;4;9;9;8;7;6;3;6;4;6;4;4;2;Computer and Information Research Scientist
7;9;6;3;4;1;9;4;9;5;1;4;8;4;5;3;5;1;9;4;Computer Network Architect
2;2;6;4;0;9;8;6;0;8;2;9;9;3;7;1;0;9;3;2;Cloud Architect
9;7;3;8;5;7;3;4;9;9;1;1;4;0;4;7;2;7;7;7;Quality Assurance Engineer
1;0;3;3;1;8;2;6;0;2;8;8;1;6;8;3;2;4;8;8;Network Administrator
2;4;8;0;8;9;9;0;2;2;8;2;8;9;7;4;1;0;7;6;Cybersecurity Analyst
4;0;8;1;7;8;4;2;0;8;9;6;9;9;9;2;0;6;8;4;Computer Hardware Engineer
3;5;6;5;3;7;9;4;0;0;0;4;3;6;8;8;3;1;8;6;DevOps Engineer
6;9;3;6;8;3;3;6;8;1;4;6;7;9;6;4;8;9;8;2;Computer Programmer
7;5;3;2;2;3;4;4;7;3;4;7;8;7;1;3;5;8;4;4;Software Tester
8;7;3;2;2;6;9;4;8;5;8;8;1;2;2;4;1;9;4;2;Computer Programmer
6;7;7;2;7;8;1;6;0;8;7;1;0;5;3;0;0;2;6;5;IT Consultant
2;6;8;3;5;5;2;8;0;0;1;4;6;2;7;9;7;7;3;6;Business Intelligence Analyst
8;2;0;1;7;6;8;6;8;3;7;6;3;3;6;6;7;0;0;9;Computer Programmer
9;2;9;5;7;9;7;8;6;6;3;6;6;1;0;3;1;0;0;6;Digital Marketing Specialist
8;8;1;3;5;1;3;9;9;1;9;6;3;5;4;2;8;5;1;7;Technical Support Engineer
7;2;1;9;0;4;6;3;3;4;1;5;2;0;3;9;1;6;7;6;Computer Systems Manager
8;0;8;5;0;6;5;0;4;8;0;4;7;4;1;3;9;1;1;2;Computer Programmer
8;8;1;7;3;3;1;7;0;8;8;2;5;4;4;5;7;7;2;7;Computer Network Architect
2;4;9;3;1;3;2;2;9;5;8;3;1;4;2;0;6;8;5;6;Computer Science Teacher
4;8;6;3;0;0;4;8;3;3;5;8;3;2;1;3;7;0;1;2;Computer Systems Manager
8;6;1;5;0;7;3;2;8;4;9;5;8;5;6;6;1;5;0;1;Computer Systems Manager
5;5;0;9;7;8;9;0;4;0;2;5;2;6;9;4;5;3;4;6;Computer and Information Systems Manager
9;0;7;4;3;9;9;0;9;2;7;2;0;5;2;2;8;4;1;8;Database Administrator
1;8;3;6;9;9;3;3;4;1;1;6;4;8;7;4;9;0;3;2;Cloud Architect
2;4;9;3;6;3;7;2;5;0;3;7;4;3;7;8;5;6;7;1;Business Intelligence Analyst
4;8;9;6;3;6;3;1;9;9;7;5;6;3;4;1;5;1;1;0;Computer and Information Research Scientist
0;5;4;3;4;8;8;3;2;1;8;8;6;1;8;5;6;9;7;5;Computer and Information Research Scientist
3;4;9;6;1;9;3;0;8;6;2;6;4;2;0;0;6;7;5;0;Computer Systems Analyst
1;5;2;4;6;9;0;7;9;9;1;2;9;1;5;3;6;9;2;0;Computer Science Teacher
4;3;5;7;1;9;7;5;2;1;3;2;3;7;8;9;8;6;0;1;Cybersecurity Analyst
3;7;1;5;9;4;0;3;7;4;6;2;3;0;9;6;3;8;1;2;Software Developer
7;8;8;3;9;5;9;9;6;4;8;1;0;3;5;7;9;7;6;2;Full Stack Developer
5;2;9;8;3;6;1;3;8;1;8;3;7;6;5;6;2;7;6;6;Full Stack Developer
6;0;0;4;1;5;6;9;6;1;0;2;8;9;7;3;1;3;1;9;Data Scientist
6;5;1;1;9;3;2;7;2;3;8;9;4;8;8;4;3;3;9;6;Network Engineer
7;6;6;4;2;9;7;6;1;3;6;0;4;4;0;1;3;8;5;0;Mobile App Developer
1;9;1;5;9;1;0;5;2;7;5;1;7;1;2;3;4;4;2;5;Digital Marketing Specialist
9;9;0;9;6;7;2;4;7;8;5;3;5;0;7;5;4;0;1;6;Software Engineer
8;1;9;9;4;5;9;1;7;4;9;8;4;3;0;4;0;1;2;7;Software Developer
7;0;6;6;6;5;8;6;5;5;9;3;8;2;8;7;1;8;8;3;Software Tester
4;6;7;2;3;5;4;8;2;0;9;7;7;0;8;6;1;0;5;1;Web Developer
8;0;8;3;8;4;0;7;3;4;2;8;9;8;8;7;0;1;9;1;Embedded Systems Engineer
5;2;1;0;2;9;9;4;2;6;6;9;0;5;2;3;6;6;7;8;IT Sales Professional
8;6;6;6;6;4;2;7;4;3;4;8;4;5;0;3;0;4;3;7;Technical Writer
6;1;1;3;9;1;3;3;1;5;1;0;0;2;9;7;0;0;2;1;Computer Network Architect
9;7;2;3;5;2;0;1;6;8;3;8;1;2;2;0;7;9;8;5;Computer Hardware Engineer
0;6;4;0;4;3;4;1;6;8;3;2;6;5;1;2;6;0;6;3;Computer Science Teacher
5;3;6;1;6;2;5;7;5;4;6;9;6;7;9;7;4;6;4;9;Embedded Systems Engineer
7;3;7;3;3;1;2;3;8;0;5;4;9;0;2;4;2;7;3;4;Cybersecurity Analyst
3;9;1;9;4;8;6;7;5;2;2;2;0;2;5;5;2;6;4;7;Software Tester
0;7;6;8;6;5;1;3;0;3;2;4;3;0;4;5;0;8;3;4;Software Engineer
3;1;1;0;1;1;2;0;9;3;4;4;8;8;8;3;9;9;4;4;Technical Support Engineer
4;6;4;1;1;3;7;4;0;0;5;0;8;9;5;4;9;6;3;6;Computer Science Teacher
7;6;6;1;0;2;7;5;0;0;6;0;2;9;2;8;9;9;0;8;Game Developer
6;5;8;5;8;1;6;2;7;6;9;8;9;3;0;4;3;6;2;7;Full Stack Developer
6;7;0;7;5;1;0;5;5;5;5;2;2;6;8;3;7;0;1;6;IT Project Manager
8;1;5;8;1;0;8;4;7;1;1;8;4;1;3;7;7;1;8;7;Database Administrator
3;6;5;1;3;5;5;7;5;1;7;7;6;3;9;7;0;1;3;8;Computer and Information Systems Manager
3;2;4;0;8;9;5;4;3;2;2;6;5;0;9;8;1;6;4;4;Quality Assurance Engineer
1;7;3;1;5;9;7;2;4;5;9;3;1;4;8;3;6;2;6;5;Blockchain Developer
3;7;4;4;8;8;4;1;4;0;6;7;7;0;7;2;5;4;9;9;Network Engineer
9;0;0;5;9;1;3;4;3;1;4;5;9;7;0;0;9;8;2;8;Computer Network Architect
5;7;4;0;7;8;6;6;6;0;5;0;7;3;1;5;0;7;8;5;Full Stack Developer
4;1;4;6;4;7;8;5;0;6;3;9;4;0;4;0;2;3;7;3;Embedded Systems Engineer
9;7;6;8;4;0;3;9;9;4;8;6;7;2;6;1;7;0;8;1;Blockchain Developer
8;2;1;3;9;2;4;5;5;5;1;2;1;5;4;8;6;9;7;0;Game Developer
6;7;7;2;8;3;3;9;0;9;9;8;9;0;5;3;5;6;1;7;Artificial Intelligence Engineer
1;3;1;7;8;2;4;4;3;7;5;5;1;5;8;2;7;1;6;8;UI/UX Designer
2;5;0;5;2;9;4;7;9;6;5;0;0;0;8;3;8;7;4;1;Full Stack Developer
3;3;5;6;1;6;2;3;1;4;1;4;6;4;4;5;2;2;3;3;Computer and Information Research Scientist
4;8;2;2;4;6;7;0;1;5;9;2;0;3;5;5;9;8;8;2;Research Scientist
8;5;0;0;2;3;7;8;3;0;2;2;2;0;0;1;3;8;4;4;Quality Assurance Engineer
3;2;8;0;8;7;0;5;6;4;4;8;4;7;0;5;4;2;7;8;IT Project Manager
5;3;9;6;1;4;4;4;5;9;1;8;5;4;6;5;4;7;4;1;IT Support Specialist
1;5;1;6;8;5;8;2;9;9;3;9;5;5;1;3;7;0;1;0;Front End Developer
7;4;9;6;2;4;9;5;0;8;3;7;2;7;0;3;7;9;7;3;Cybersecurity Analyst
1;1;2;0;9;3;3;6;5;2;2;1;8;5;4;1;3;9;4;1;Cloud Architect
5;5;3;7;5;9;3;0;1;3;1;9;1;2;7;9;9;5;3;5;Quality Assurance Engineer
0;4;6;7;7;2;2;8;3;0;3;5;2;7;6;2;6;6;2;6;IT Sales Professional
9;3;0;5;9;9;7;5;3;6;1;5;5;1;3;8;2;6;2;7;Network Administrator
2;8;0;2;9;4;7;7;8;3;8;3;4;0;5;8;3;3;4;2;Technical Support Engineer
2;8;4;5;6;4;6;3;3;7;9;5;5;4;0;8;8;1;2;6;Computer Science Teacher
9;0;1;8;4;9;5;7;4;8;8;3;1;1;8;9;9;3;0;5;Embedded Systems Engineer
2;6;2;2;9;2;7;1;5;1;1;9;8;4;5;3;8;8;5;1;Machine Learning Engineer
8;9;2;0;3;2;1;9;1;2;9;2;1;9;0;6;3;3;3;4;Machine Learning Engineer
5;3;0;8;2;2;7;3;7;9;7;2;3;3;3;4;6;4;5;0;Web Developer
5;3;9;3;7;3;1;6;1;3;0;0;9;6;9;1;9;5;6;6;IT Support Specialist
9;5;3;8;9;3;8;3;7;0;3;1;0;8;1;6;7;6;8;3;Blockchain Developer
6;9;7;8;9;9;6;6;5;0;3;9;0;8;2;4;4;2;3;8;Mobile App Developer
0;8;8;8;3;8;5;1;7;7;0;4;4;8;4;8;2;8;6;1;Network Engineer
6;8;3;2;8;2;6;8;1;8;4;8;6;4;5;6;6;1;4;9;Business Intelligence Analyst
7;5;8;4;3;2;0;9;4;3;6;7;4;1;6;2;7;1;6;1;Full Stack Developer
3;4;5;9;0;6;7;3;5;0;9;2;3;2;6;5;1;9;4;1;IT Project Manager
1;2;4;4;1;2;5;2;4;9;4;8;8;7;5;4;0;1;2;2;Computer Systems Analyst
4;5;6;5;1;6;5;7;6;2;7;5;6;5;4;6;3;9;4;5;DevOps Engineer
3;4;5;9;4;3;0;8;4;1;7;7;8;4;4;3;0;8;1;3;Database Administrator
2;0;3;2;7;6;4;0;0;6;3;6;0;5;8;9;4;5;1;7;Web Developer
0;4;5;2;0;7;4;4;4;9;6;9;5;3;6;8;1;9;4;6;Back End Developer
0;1;0;9;1;2;7;6;3;0;0;9;5;6;7;1;7;3;6;1;Blockchain Developer
8;1;5;2;7;8;3;4;2;2;5;7;8;5;6;2;3;8;4;9;Computer Systems Analyst
2;8;8;7;6;3;4;5;0;9;6;9;4;6;8;0;1;3;1;9;Blockchain Developer
1;2;5;1;7;6;4;5;5;8;9;7;4;4;6;8;3;9;5;6;Research Scientist
1;2;6;6;9;8;3;4;2;8;7;5;9;6;6;6;2;5;1;8;Software Tester
5;0;5;2;8;7;8;8;9;9;0;4;7;8;2;7;6;9;6;7;Game Developer
4;3;0;4;8;2;8;6;1;9;9;2;3;8;5;7;5;3;1;1;Computer and Information Systems Manager
0;6;3;9;2;4;7;7;7;6;0;3;3;4;5;7;8;8;8;3;Cloud Architect
5;8;7;3;3;3;6;0;5;0;1;5;9;0;8;7;3;7;9;4;Web Developer
2;3;3;7;3;8;9;2;5;1;7;4;8;1;5;1;1;2;8;5;Software Tester
8;0;7;6;8;9;5;5;6;2;9;9;4;5;9;7;1;3;1;3;Data Scientist
2;2;3;5;3;6;3;7;0;0;9;3;3;7;3;0;3;1;6;4;Software Engineer
4;6;2;2;0;7;2;8;6;0;0;9;0;3;4;8;7;0;9;0;Computer and Information Systems Manager
9;8;4;4;5;6;6;6;4;4;8;5;4;3;5;0;1;2;0;2;Software Developer
1;9;6;4;2;1;6;6;6;9;0;8;4;4;1;5;4;5;6;2;Computer and Information Systems Manager
4;3;1;6;6;7;2;7;3;6;6;1;7;4;3;6;8;5;8;7;UI/UX Designer
0;4;8;1;2;3;2;4;4;0;4;8;1;4;9;5;7;5;1;2;Computer Network Architect
5;9;9;5;3;7;6;8;3;4;2;5;7;3;4;8;8;7;3;4;Game Developer
0;9;8;4;7;2;8;8;5;7;8;2;7;7;6;2;7;8;7;5;IT Support Specialist
3;3;3;1;0;1;4;7;5;7;5;8;9;2;0;1;9;7;8;6;Cloud Architect
0;7;0;2;8;0;8;2;2;5;8;1;5;5;5;7;0;2;8;8;Game Developer
2;5;8;3;0;1;9;2;3;3;9;8;9;0;1;6;0;0;1;8;Mobile App Developer
5;5;0;1;3;2;8;6;8;1;5;6;9;2;7;1;6;0;0;6;Technical Writer
6;3;8;4;0;8;1;2;8;4;4;8;2;7;8;2;0;2;2;6;Software Tester
2;0;1;6;6;2;6;8;3;3;5;5;2;3;4;6;3;7;8;9;Game Developer
2;0;5;9;3;1;1;5;6;2;8;4;0;7;1;4;8;4;8;1;IT Consultant
7;3;5;9;8;5;9;7;3;6;7;1;8;0;9;4;0;7;7;2;Cloud Architect
7;5;2;6;1;2;4;4;5;2;6;8;6;2;6;7;4;6;5;2;Computer Programmer
9;4;3;0;2;4;0;9;0;5;6;5;7;8;3;7;4;4;4;4;Embedded Systems Engineer
5;8;5;7;4;5;1;2;4;1;2;3;2;2;9;3;2;0;6;8;DevOps Engineer
6;3;6;1;0;5;4;2;1;5;5;4;9;6;3;0;3;7;1;3;Computer Programmer
0;6;9;4;8;2;3;1;1;6;6;6;2;3;8;7;6;7;0;9;Software Engineer
6;3;2;4;6;6;2;9;6;3;6;5;3;5;6;8;8;4;9;1;Quality Assurance Engineer
4;2;9;6;7;0;7;2;0;6;3;4;5;4;6;6;3;5;1;1;IT Consultant
6;0;1;4;9;5;6;6;2;2;9;2;7;9;5;6;2;9;2;7;IT Consultant
4;2;4;4;4;2;9;2;1;6;5;5;3;0;0;7;4;4;4;3;Digital Marketing Specialist
1;8;6;5;9;8;4;5;8;6;9;9;7;1;6;5;6;1;2;7;Technical Writer
6;1;6;8;5;7;0;0;5;1;9;9;7;2;9;6;1;6;6;6;Game Developer
6;0;7;0;6;1;4;3;6;7;1;5;2;4;3;4;6;1;9;7;Artificial Intelligence Engineer
5;1;9;4;2;3;3;7;3;3;3;3;0;8;4;7;3;6;1;1;Computer Network Architect
3;0;6;8;5;4;9;2;3;8;1;2;5;5;4;6;8;2;2;1;Embedded Systems Engineer
8;1;0;1;9;0;1;3;0;1;8;2;2;9;7;0;4;2;2;6;Mobile App Developer
4;9;0;7;1;6;9;8;9;6;6;4;6;4;0;9;8;6;9;9;Web Developer
0;9;6;1;0;7;9;8;5;9;4;8;6;2;4;4;8;9;0;2;Back End Developer
2;0;8;6;3;3;0;3;5;3;9;3;3;6;7;8;1;1;0;7;Computer Systems Analyst
3;7;1;1;1;9;4;9;3;3;5;0;5;8;4;9;3;6;0;2;Artificial Intelligence Engineer
9;7;9;8;3;8;2;5;3;0;7;2;0;0;2;9;5;6;8;5;Software Engineer
4;8;1;6;6;6;1;0;8;8;0;9;8;4;9;4;3;2;6;1;Cloud Architect
3;7;9;9;2;1;6;3;2;6;0;4;9;6;6;9;1;3;2;5;IT Support Specialist
2;5;5;4;0;6;4;8;3;1;6;9;1;8;4;9;3;8;7;0;Computer Network Architect
8;4;2;2;9;0;8;5;4;8;2;5;0;9;7;4;8;4;0;2;Computer Systems Analyst
9;9;9;5;8;7;8;8;4;4;5;2;7;1;2;5;2;0;7;8;Research Scientist
4;3;7;6;7;7;3;7;4;0;2;1;8;7;3;8;3;1;2;5;Quality Assurance Engineer
3;4;0;6;0;5;6;8;1;4;3;1;1;4;8;3;6;1;4;7;Network Engineer
4;8;8;0;8;7;3;7;4;4;5;5;0;6;7;3;3;9;2;1;Cloud Architect
6;9;9;8;5;1;4;9;5;3;8;1;4;8;9;8;9;7;4;8;Software Tester
4;8;5;4;1;2;1;1;7;6;0;2;7;4;0;2;3;4;6;0;Cloud Architect
5;9;7;0;0;1;1;3;6;4;3;3;2;1;5;0;2;1;4;5;Artificial Intelligence Engineer
6;5;9;4;2;6;2;9;9;7;9;9;8;7;4;2;5;4;6;6;Digital Marketing Specialist
5;8;2;1;4;4;0;3;6;0;1;4;1;2;7;5;9;5;5;0;Data Scientist
5;4;8;2;9;9;0;3;2;7;2;6;5;1;3;4;5;9;8;1;Systems Analyst
5;3;2;3;4;0;7;5;4;0;2;4;6;0;1;4;2;7;8;2;Research Scientist
2;9;5;2;6;9;7;3;5;4;5;0;7;8;1;2;3;7;6;3;Network Administrator
5;8;2;2;6;4;3;7;0;5;6;5;8;8;9;9;9;9;3;2;IT Project Manager
0;8;8;0;0;5;6;5;3;9;3;9;2;2;7;6;7;0;4;1;Blockchain Developer
5;3;3;9;9;0;6;5;1;8;5;2;7;5;8;8;3;0;8;7;Software Engineer
0;4;6;5;2;9;6;1;0;8;4;3;4;6;7;2;1;4;7;9;Computer Systems Analyst
0;1;3;4;1;1;9;1;8;5;1;6;0;5;0;1;3;6;0;2;IT Project Manager
4;8;4;4;2;1;9;6;8;0;9;4;1;8;8;3;1;3;3;2;Game Developer
1;1;2;2;9;9;3;3;4;3;8;3;6;1;1;2;0;2;2;5;Mobile App Developer
1;1;1;5;6;0;8;0;6;0;5;8;1;4;8;7;2;3;1;6;Research Scientist
7;2;5;9;7;8;3;7;8;4;0;5;7;3;5;4;9;0;4;7;Systems Analyst
6;7;6;8;1;5;3;0;8;1;7;0;5;4;4;1;9;4;2;8;Systems Analyst
5;0;5;0;0;3;6;0;1;0;0;7;0;8;5;6;2;3;4;7;Computer Hardware Engineer
3;2;4;2;2;0;5;6;1;6;9;5;8;0;4;8;4;6;6;7;Computer and Information Research Scientist
5;1;8;4;7;7;5;4;2;1;5;5;8;2;0;0;7;8;5;6;Machine Learning Engineer
5;5;3;5;4;0;5;5;4;7;8;4;8;4;4;9;9;1;0;9;Computer Systems Analyst
0;4;5;4;0;7;3;8;6;0;9;8;8;1;7;2;6;3;0;6;Artificial Intelligence Engineer
3;9;3;1;5;2;5;6;4;4;1;5;0;4;6;4;3;1;7;6;Systems Analyst
3;4;4;6;9;6;9;3;8;0;6;0;4;1;6;7;6;5;8;5;IT Project Manager
3;8;0;3;5;4;2;0;1;3;8;2;0;4;3;9;9;5;6;9;Computer Science Teacher
5;7;3;0;1;6;5;8;5;0;8;5;7;2;4;5;6;4;5;2;DevOps Engineer
5;6;4;0;5;8;0;4;8;3;6;0;5;9;9;0;3;5;7;8;Data Scientist
0;6;1;2;6;4;7;6;6;3;6;6;5;2;9;8;7;5;1;8;IT Project Manager
3;9;7;9;7;7;5;5;2;8;0;3;6;4;5;8;9;6;8;5;Research Scientist
0;6;1;4;2;6;8;6;9;2;8;7;5;4;5;4;4;5;2;5;Technical Support Engineer
8;6;2;5;1;2;0;0;0;4;8;7;1;4;4;9;3;6;6;0;Computer Hardware Engineer
7;4;7;1;1;2;8;4;7;3;2;4;3;9;8;0;6;4;7;7;Data Scientist
5;3;6;6;0;5;0;7;4;3;1;7;5;0;6;8;8;1;4;9;Computer Science Teacher
5;3;5;0;2;5;9;3;2;7;1;5;5;1;8;9;5;1;5;3;Technical Writer
4;3;7;6;8;7;7;2;5;3;2;1;7;8;7;3;6;9;4;5;Software Developer
9;9;9;9;3;8;4;0;7;4;4;0;9;2;1;7;6;6;7;9;IT Support Specialist
0;6;6;8;0;5;1;9;6;3;7;9;3;3;1;4;5;7;2;5;Computer Hardware Engineer
4;7;9;2;0;5;4;5;7;8;4;2;0;1;0;7;5;9;7;5;Full Stack Developer
3;7;9;6;2;4;8;2;5;9;2;2;3;5;0;0;0;0;4;2;Technical Support Engineer
6;8;7;7;7;6;5;7;9;0;7;8;0;2;3;5;5;0;3;7;Software Developer
7;8;7;6;8;9;9;8;9;7;6;3;1;4;3;5;2;7;1;6;Computer Science Teacher
2;2;5;9;6;1;7;1;7;1;5;3;2;7;8;9;1;6;4;5;Embedded Systems Engineer
1;0;3;2;9;2;9;9;8;3;5;5;1;9;2;8;3;5;2;9;Computer Hardware Engineer
5;8;0;7;5;6;6;7;0;2;7;1;0;5;8;4;0;6;7;7;Computer Network Architect
5;3;2;5;8;8;4;9;9;1;5;7;9;6;2;2;1;6;3;7;Web Developer
3;4;4;1;3;1;0;3;7;1;0;1;7;0;2;2;5;7;2;5;Blockchain Developer
1;9;9;0;3;1;8;7;5;5;1;1;1;7;8;8;9;0;5;2;IT Support Specialist
2;1;7;3;1;1;5;2;9;9;0;7;3;9;8;8;5;1;7;4;Front End Developer
3;5;5;9;1;0;9;6;6;4;5;9;9;3;2;8;8;8;8;8;IT Support Specialist
1;1;8;9;0;9;9;9;6;2;4;6;3;2;6;8;7;2;1;9;Computer Systems Manager
7;4;8;5;1;6;9;3;2;4;4;0;5;8;8;7;9;7;3;4;Computer Systems Manager
0;4;0;4;2;8;7;7;3;1;0;7;7;6;5;4;4;0;1;6;Computer Programmer
4;5;1;3;5;0;8;5;7;7;0;0;1;4;0;8;5;4;5;4;IT Consultant
1;9;5;6;4;5;8;6;0;3;2;3;6;8;3;0;1;7;3;5;Database Administrator
4;8;9;7;1;1;5;6;5;4;1;2;1;1;6;3;0;7;7;6;IT Sales Professional
0;6;8;1;4;0;0;9;7;3;3;0;3;5;6;2;2;2;8;3;Machine Learning Engineer
6;7;2;0;7;8;9;6;9;6;0;8;4;9;6;8;7;3;3;6;Mobile App Developer
9;1;4;1;5;3;8;7;3;2;4;6;1;8;5;8;8;1;1;9;Computer Hardware Engineer
8;6;4;4;7;6;2;9;5;9;5;4;0;9;6;1;0;6;4;5;Computer and Information Systems Manager
6;4;2;0;0;9;7;5;9;0;1;2;1;1;9;2;4;8;2;5;Systems Analyst
1;6;0;9;1;1;3;2;8;5;1;9;7;3;2;9;7;6;1;1;IT Consultant
2;2;2;5;9;7;0;3;3;7;5;4;8;6;2;2;9;2;9;7;Computer and Information Systems Manager
5;8;7;3;4;2;9;5;3;2;4;9;1;7;9;3;5;4;9;8;Research Scientist
7;7;5;2;3;7;7;6;4;3;2;9;4;1;4;5;5;4;0;4;Front End Developer
8;0;8;7;2;6;5;9;3;3;8;5;3;7;6;1;0;5;0;2;Software Engineer
0;4;8;0;6;0;8;2;7;7;5;9;0;2;7;6;8;2;7;5;Technical Support Engineer
8;4;7;2;9;0;7;5;8;1;1;6;3;7;0;6;1;4;6;9;Blockchain Developer
5;6;8;7;0;3;9;0;3;2;8;0;9;9;6;5;2;1;8;1;Database Administrator
0;2;9;1;5;3;2;2;3;6;1;2;6;4;5;0;0;5;7;0;Computer and Information Research Scientist
9;2;2;7;8;0;8;2;7;9;9;1;7;7;8;8;5;5;5;3;UI/UX Designer
9;9;1;8;1;1;2;1;8;2;6;2;0;0;2;2;5;5;7;0;Game Developer
1;4;1;8;5;9;7;3;8;2;3;7;5;6;6;7;7;9;9;9;Cloud Architect
0;2;9;2;4;0;5;9;5;8;8;7;1;9;9;8;9;9;9;1;Embedded Systems Engineer
5;5;1;1;4;5;1;3;1;0;5;0;3;8;2;8;6;2;3;8;Digital Marketing Specialist
3;0;8;0;6;2;2;4;2;6;2;6;4;3;7;0;1;9;2;6;Full Stack Developer
5;2;1;9;7;1;2;6;2;3;3;6;9;6;2;8;4;5;9;4;Technical Support Engineer
5;4;2;7;5;3;4;6;2;4;1;3;1;3;2;0;2;6;6;3;IT Support Specialist
6;7;7;9;5;3;7;6;9;5;2;6;0;2;6;4;7;0;7;5;Computer Science Teacher
3;1;7;9;2;4;0;9;2;1;7;0;3;2;6;0;1;4;8;1;Software Tester
9;7;1;0;6;4;4;6;2;1;3;5;2;1;2;1;6;7;0;1;Embedded Systems Engineer
6;1;5;5;8;5;0;4;9;4;0;8;3;4;9;6;2;5;1;3;Machine Learning Engineer
1;6;5;7;1;7;3;0;6;2;0;4;9;3;8;2;5;7;1;7;Business Intelligence Analyst
2;2;9;3;5;1;4;9;2;4;8;6;8;7;5;6;9;7;0;6;Game Developer
5;2;5;7;5;2;5;0;8;0;3;1;1;0;8;4;6;7;5;4;Full Stack Developer
6;1;2;6;0;3;8;8;0;7;0;2;0;1;2;1;6;2;9;3;Embedded Systems Engineer
1;6;6;5;4;2;1;4;6;6;4;4;0;6;2;4;2;7;1;0;IT Project Manager
8;7;2;7;8;9;9;7;6;4;3;8;5;2;1;4;6;4;8;8;Computer and Information Systems Manager
5;1;3;7;2;7;2;3;9;6;3;6;3;8;2;6;5;9;6;9;Business Intelligence Analyst
4;4;5;3;1;8;2;5;7;8;8;3;7;6;9;4;2;0;6;5;Back End Developer
2;7;8;4;8;6;8;3;4;9;4;0;7;2;7;9;5;7;4;1;Computer Systems Analyst
4;2;2;1;5;5;5;5;8;1;1;3;8;7;8;8;4;5;8;5;Computer Network Architect
8;4;0;4;0;4;5;9;8;6;8;9;7;9;1;3;4;3;9;3;Embedded Systems Engineer
4;6;8;3;4;3;8;0;7;7;6;0;1;7;3;0;9;4;0;4;Research Scientist
0;4;5;4;0;8;2;3;3;8;9;4;6;6;1;4;4;0;4;6;Technical Support Engineer
0;3;0;3;2;0;3;5;3;3;8;9;4;6;0;6;5;0;5;7;Computer Systems Manager
4;0;4;5;5;1;6;2;3;8;4;8;7;2;7;3;5;8;6;6;Software Engineer
5;2;8;9;3;6;9;0;0;8;2;1;4;6;2;6;2;6;4;1;Technical Support Engineer
7;5;5;2;4;2;2;0;8;6;3;4;2;1;2;7;5;9;1;6;Game Developer
9;9;5;5;8;0;9;0;5;5;4;4;4;0;4;9;5;5;5;1;IT Sales Professional
4;4;4;6;1;5;9;4;1;0;7;0;3;7;6;3;0;4;3;8;Computer Systems Analyst
7;1;0;1;6;5;2;3;1;3;0;2;3;1;8;8;3;0;3;5;Network Engineer
4;7;5;8;5;4;7;9;5;7;6;9;5;4;4;3;2;7;8;1;IT Consultant
4;2;5;0;6;6;3;9;9;5;3;5;8;6;7;2;9;4;1;4;Mobile App Developer
7;1;3;6;0;4;7;0;7;8;8;2;0;0;6;7;8;0;5;6;Research Scientist
4;3;3;9;9;1;6;9;2;4;5;5;3;8;4;6;3;0;3;8;IT Consultant
2;2;0;8;4;2;3;7;5;1;9;0;3;5;0;1;2;8;4;0;Blockchain Developer
7;3;3;2;5;4;9;7;4;5;6;3;4;9;2;2;9;1;4;8;Artificial Intelligence Engineer
0;1;2;7;0;4;8;2;0;2;4;5;2;5;5;3;4;4;4;6;Software Developer
4;1;9;4;2;9;3;2;1;6;5;3;2;8;9;8;8;8;6;3;Software Engineer
0;0;3;0;2;8;8;3;8;8;8;4;3;5;0;9;0;7;2;7;Database Administrator
5;8;4;8;0;5;2;8;8;1;8;1;8;4;2;8;7;5;4;3;IT Consultant
9;9;2;5;1;9;4;1;6;1;4;3;2;6;4;4;7;4;5;6;Network Engineer
6;0;5;0;2;4;5;1;4;2;3;7;6;2;8;6;1;2;6;9;Quality Assurance Engineer
6;9;8;5;9;2;3;7;8;5;3;0;3;0;7;6;3;8;0;8;Computer Programmer
7;8;3;3;5;3;4;2;2;5;0;5;9;1;7;6;8;0;6;1;Machine Learning Engineer
7;9;4;0;1;3;0;5;0;5;3;8;5;8;5;0;0;5;2;2;Computer Science Teacher
9;2;9;2;6;5;2;8;9;5;6;3;2;4;3;3;1;1;3;1;Computer Systems Manager
9;2;0;6;0;6;9;0;0;0;0;8;8;7;5;1;3;4;3;6;Business Intelligence Analyst
9;8;5;1;4;7;1;0;9;8;2;8;5;3;3;7;8;7;0;9;Software Engineer
7;1;1;7;9;4;9;8;8;5;9;7;3;5;2;4;8;2;8;0;Computer Network Architect
3;1;5;9;4;5;4;6;9;8;3;6;9;6;6;8;0;6;4;2;Computer Programmer
5;8;1;5;4;7;7;9;3;8;4;1;4;2;3;6;6;9;6;1;IT Consultant
0;2;3;3;5;3;2;9;4;6;0;9;1;9;4;3;5;8;9;7;Embedded Systems Engineer
1;8;0;6;3;3;6;8;9;9;7;0;4;8;8;2;8;3;9;9;Network Engineer
3;4;1;1;8;0;9;1;5;9;8;5;9;6;8;1;9;0;7;9;Machine Learning Engineer
6;5;7;5;8;2;1;3;3;6;5;7;1;0;6;6;5;6;0;0;IT Sales Professional
7;1;0;5;9;9;6;8;6;7;5;3;6;3;6;7;0;5;3;3;Network Engineer
4;9;8;7;8;5;5;4;8;0;4;8;0;1;1;8;9;9;4;1;DevOps Engineer
2;0;0;0;9;3;2;4;4;7;3;5;3;4;6;2;1;6;9;3;Network Engineer
1;6;7;7;0;5;7;7;1;0;9;4;8;2;0;3;0;9;5;1;Network Administrator
2;2;2;3;5;7;2;0;8;1;4;0;8;8;4;0;6;9;0;1;Database Administrator
6;1;8;5;4;4;6;3;8;8;0;4;0;9;6;0;6;4;1;4;Data Scientist
6;1;5;3;2;3;4;4;6;9;1;8;8;0;0;4;6;5;6;9;Technical Writer
1;8;0;2;0;1;5;3;9;4;5;8;7;3;5;6;6;8;0;5;IT Project Manager
3;1;8;4;3;7;3;7;0;5;6;3;9;9;4;7;7;9;3;0;Computer Science Teacher
1;9;1;5;8;0;9;0;1;5;6;5;5;2;8;8;6;0;3;5;Systems Analyst
5;7;4;4;6;4;4;1;8;3;0;3;9;1;3;2;4;0;0;1;Computer Network Architect
3;6;7;2;9;5;2;8;5;1;8;1;7;3;4;6;6;3;1;0;DevOps Engineer
6;3;7;1;2;1;6;2;9;0;3;8;7;5;3;5;3;6;5;7;Software Engineer
8;6;7;8;7;2;6;8;4;4;2;3;8;1;3;4;9;0;8;7;Technical Writer
3;4;3;4;5;1;9;6;7;7;4;9;6;1;2;5;6;6;3;1;Computer Network Architect
9;2;4;6;3;8;4;7;1;3;3;5;4;4;7;3;1;7;7;8;Technical Writer
3;3;1;4;6;4;3;9;8;2;7;1;0;0;9;1;8;7;2;4;Systems Analyst
5;6;3;5;9;1;9;4;4;5;7;8;0;5;3;3;7;1;2;1;Computer Network Architect
2;5;7;6;7;1;4;2;6;7;4;8;3;1;8;1;3;3;4;7;Research Scientist
4;5;4;6;8;0;7;4;1;1;6;7;1;2;3;6;0;9;3;7;Network Engineer
6;5;0;3;8;5;2;3;1;9;4;0;2;1;0;1;5;8;0;8;Front End Developer
6;5;6;8;2;6;6;4;8;6;8;2;3;0;8;4;9;0;0;6;Technical Writer
4;8;7;5;8;9;4;1;2;6;3;2;7;2;8;7;8;4;1;3;Blockchain Developer
2;2;4;3;0;7;3;7;5;8;0;6;5;1;8;8;2;1;0;8;UI/UX Designer
1;1;6;5;7;5;2;9;6;2;5;2;1;0;9;7;1;7;7;8;Cybersecurity Analyst
1;0;8;2;5;9;2;5;5;4;9;7;4;0;3;5;0;8;9;7;Cloud Architect
5;3;8;0;7;3;7;2;3;2;9;5;2;7;3;7;8;9;6;2;Quality Assurance Engineer
4;8;2;3;0;8;3;2;6;0;8;9;5;2;3;1;5;1;8;4;Technical Writer
0;6;3;0;8;3;4;5;6;3;2;4;6;9;8;6;2;7;7;8;Digital Marketing Specialist
4;2;7;1;4;4;3;5;5;3;0;8;7;0;4;2;0;2;1;4;Software Engineer
9;6;3;7;6;0;8;3;5;1;0;7;0;1;5;6;6;7;4;8;DevOps Engineer
8;7;5;7;0;5;5;7;2;2;5;3;6;3;7;6;0;1;6;1;Computer Hardware Engineer
0;7;4;2;2;4;9;1;4;3;3;4;8;1;3;7;2;8;7;0;Full Stack Developer
3;9;6;9;4;0;3;0;6;6;5;5;8;6;2;7;3;8;0;0;Database Administrator
6;2;5;1;2;4;2;1;4;3;8;3;8;6;3;3;2;6;4;2;Computer Programmer
4;6;3;8;7;4;1;8;6;5;7;2;4;1;3;6;7;8;9;9;Game Developer
7;0;0;3;8;4;4;5;5;2;8;1;1;0;5;0;1;8;1;7;Cloud Architect
4;8;3;2;4;4;2;0;5;5;4;5;3;4;9;2;7;9;0;7;Computer and Information Systems Manager
3;9;1;4;8;4;8;6;0;0;2;0;2;4;1;5;2;1;4;7;Mobile App Developer
8;6;3;5;0;0;1;9;6;8;2;3;9;7;7;1;2;5;1;8;Embedded Systems Engineer
3;2;0;9;7;3;7;6;9;7;1;0;6;5;3;3;1;7;3;0;Quality Assurance Engineer
2;1;0;6;0;9;2;8;5;5;2;7;8;2;0;9;2;7;7;2;Computer Hardware Engineer
6;6;0;2;0;9;3;0;5;6;7;5;1;7;9;4;4;4;0;1;Computer Systems Manager
0;5;2;4;3;3;0;3;3;8;0;0;6;0;1;5;8;7;5;4;IT Sales Professional
3;5;2;3;0;9;1;0;6;9;2;5;6;9;8;3;7;8;2;4;Business Intelligence Analyst
6;9;0;0;1;7;7;0;8;0;6;6;7;1;6;6;0;8;7;1;IT Consultant
1;9;7;8;1;2;2;2;6;6;0;1;6;7;7;5;3;8;0;9;Mobile App Developer
9;0;3;8;0;5;2;2;9;4;4;7;1;3;0;6;7;3;4;7;Machine Learning Engineer
6;7;4;6;9;1;9;6;1;7;6;5;7;5;4;3;5;1;3;6;Mobile App Developer
3;2;5;4;5;0;1;1;0;2;4;1;0;5;2;7;8;7;3;2;Technical Writer
